"base_asset_id","alias_text","requires_crypto_context","record_id","date_utc","source_common_name","document_identifier","matched_surfaces","prior_candidate_context_anchor","page_title_sha256","econ_bitcoin_theme","strong_crypto_lexical","strong_anchor_terms","medium_crypto_lexical","medium_anchor_terms","other_asset_alias_count","other_asset_aliases","candidate_context_rule_strict","candidate_context_rule_broad"
"AAVE","Aave","False","20250401151500-1881","20250401151500","coinspeaker.com","https://www.coinspeaker.com/whales-selling-aave-price-dump-incoming/","PAGE_TITLE","True","4e35e3ca8a30dad5349cf37b765be2713455e1e9888d4bd579df1a889e554533","False","False","","True","price","0","","False","True"
"AAVE","Aave","False","20250402001500-592","20250402001500","insidebitcoins.com","https://insidebitcoins.com/sponsored/best-crypto-to-buy-right-now-april-1-aave-avalanche-chainlink","PAGE_TITLE","True","ca1b0b713e970fe71a6862e9b7cf44594c2efe604a0b56cf06dbdcb33abbd08f","True","True","crypto","False","","2","AVAX|LINK","True","True"
"AAVE","Aave","False","20250402141500-1619","20250402141500","biztoc.com","https://biztoc.com/x/eaefcb95ea0ba53e","PAGE_TITLE","True","13551dda5973a162779db08ab464dc0cceab3ea45f1f075ba59593530c1fe314","False","False","","False","","0","","False","False"
"AAVE","Aave","False","20250404140000-1416","20250404140000","biztoc.com","https://biztoc.com/x/a9658403de27ebb1","PAGE_TITLE","True","ebfe19c21b441bd7b77c79f96d51720701b255b36784e3ec39c7b6dce831f9f0","False","True","defi","True","chain","0","","True","True"
"AAVE","Aave","False","20250404164500-1054","20250404164500","coindesk.com","https://www.coindesk.com/business/2025/04/04/creators-of-defi-firm-aave-launch-social-media-developer-network-lens-chain","PAGE_TITLE","True","ebfe19c21b441bd7b77c79f96d51720701b255b36784e3ec39c7b6dce831f9f0","False","True","defi","True","chain","0","","True","True"
"AAVE","Aave","False","20250407150000-1347","20250407150000","coindesk.com","https://www.coindesk.com/markets/2025/04/07/usd100m-in-positions-at-risk-if-eth-slides-by-15","PAGE_TITLE","True","7cbe74fb53d749264b05b07237bbcbb0b70e543fd535ce8c5a67069058d3859e","False","False","","False","","0","","False","False"
"AAVE","Aave","False","20250409000000-785","20250409000000","insidebitcoins.com","https://insidebitcoins.com/sponsored/top-crypto-gainers-today-apr-8-pendle-aave-pancakeswap-movement","PAGE_TITLE","True","1bb65810b652e6558bbaac38ec84b4b68c56a54c8f13c0e773757dae975db9cb","True","True","crypto","False","","0","","True","True"
"AAVE","Aave","False","20250411100000-953","20250411100000","banklesstimes.com","https://www.banklesstimes.com/articles/2025/04/11/heres-why-eos-tezos-ethereum-aave-and-altcoins-are-crashing/","PAGE_TITLE","True","3450487205ca4ae78c59028d6e6c5776e7a5f631c8126468cb9011f8d858f263","False","True","altcoins","False","","2","EOS|XETH","True","True"
"AAVE","Aave","False","20250415123000-1077","20250415123000","modernreaders.com","https://www.modernreaders.com/news/2025/04/15/aave-aave-hits-1-day-trading-volume-of-205-16-million.html","PAGE_TITLE","True","d7fe3adf80c3b8a9a18a7ef843805b9ddb2fbed83eb112bd8cbd1b0381220ad0","True","False","","True","trading volume","0","","True","True"
"AAVE","Aave","False","20250415174500-349","20250415174500","statenews.com","https://statenews.com/article/2025/04/brilliance-is-not-determined-by-your-language-msu-professor-teaches-power-of-aave","PAGE_TITLE","True","890712fb3c6257f3eff92d3aaa30fd3c3ad00322b1422b857384c772ab1de7d6","False","False","","False","","0","","False","False"
"AAVE","Aave","False","20250416010000-472","20250416010000","insidebitcoins.com","https://insidebitcoins.com/sponsored/5-best-altcoins-to-buy-now-april-15-tron-gatetoken-vechain-aave","PAGE_TITLE","True","d0dd8d81ebb2c89073af508ba4bde98db71b80ba041464993dbf83d5944be4fc","True","True","altcoins","False","","1","TRX","True","True"
"AAVE","Aave","False","20250418140000-266","20250418140000","coinspeaker.com","https://www.coinspeaker.com/aave-kickstarts-buyback-program/","PAGE_TITLE","True","4209a9038fc6e877b12c3da88127c8faf54c625b65541067c4018fcfd9eb00a2","True","False","","True","price","0","","True","True"
"ADA","Cardano","False","20250401030000-768","20250401030000","jtv.com","https://www.jtv.com/product/18k-yellow-gold-over-bronze-3mm-cardano-24-inch-chain/MA609B","PAGE_TITLE","True","94be58318d79a0c832776492cc7d3dc5d86b476e113432da05ba8ff28121cd31","False","False","","True","chain","0","","False","True"
"ADA","Cardano","False","20250401084500-180","20250401084500","fxstreet.com","https://www.fxstreet.com/cryptocurrencies/news/cardano-price-today-ada-price-gains-alongside-increase-in-volume-202504010749","PAGE_TITLE","True","57200cccece6560e0179b892fa4f7bbfeca4a7a16574bfb97fe6040190c295fb","True","False","","True","price","0","","True","True"
"ADA","Cardano","False","20250401101500-489","20250401101500","coinspeaker.com","https://www.coinspeaker.com/charles-hoskinson-discusses-cardano-bitcoin-adoption-ada-soars/","PAGE_TITLE","True","ad4acd70615d7d7ca9bee7d9e0e5bebf9a6992fc21d189e6ca0df5e8a5d50667","True","False","","False","","1","XXBT","True","True"
"ADA","Cardano","False","20250401113000-1254","20250401113000","invezz.com","https://invezz.com/news/2025/04/01/altcoins-today-cardano-and-bnb-lead-recoveries-ahead-of-liberation-day/","PAGE_TITLE","True","429382b491a2b92e23ad81e9824b0fd2601287ecb7fe5c191d3612cebf8cc51b","True","True","altcoins","False","","0","","True","True"
"ADA","Cardano","False","20250401160000-86","20250401160000","cyprus-mail.com","https://cyprus-mail.com/2025/04/01/ai-detects-3-tokens-under-2-ready-to-skyrocket-says-one-is-a-potential-cardano-ada-replacement","PAGE_TITLE","True","74f7c1e23bd9fc0eaa6964621fa31e6ee4c9bf76880e4f8d1b6ac671e15ecef8","True","False","","True","tokens","0","","True","True"
"ADA","Cardano","False","20250401181500-170","20250401181500","newsbtc.com","https://www.newsbtc.com/news/cardano/whales-offload-200m-cardano-during-march-the-start-of-a-trend/","PAGE_TITLE","True","dffdb3715d10c1e96d9b0b3e34ef4361527557150aa6aa8e8fe45942998d5bef","False","False","","False","","0","","False","False"
"ADA","Cardano","False","20250401201500-1711","20250401201500","coinspeaker.com","https://www.coinspeaker.com/cardano-founder-talks-xrp-surprising-interview/","PAGE_TITLE","True","e534e4c75058c0abf2ae918184081e4debdff4c92f697958132ffdd0fae59c83","False","False","","False","","0","","False","False"
"ADA","Cardano","False","20250402084500-594","20250402084500","fxstreet.com","https://www.fxstreet.com/cryptocurrencies/news/cardano-price-today-ada-price-declines-alongside-decrease-in-volume-202504020638","PAGE_TITLE","True","dfe1cb009b15b30b18a148939a716eede2ca2268ceb096c1c94c4a7c111ae229","True","False","","True","price","0","","True","True"
"ADA","Cardano","False","20250402084500-745","20250402084500","fxstreet.com","https://www.fxstreet.com/cryptocurrencies/news/grayscale-files-s-3-form-for-digital-large-cap-etf-comprising-bitcoin-ethereum-xrp-solana-and-cardano-202504020506","PAGE_TITLE","True","3f6c80a7c280eb4d4f202001c6099798a5fd5fc5e85a3ed5f426067a8325fd18","True","False","","True","etf","3","SOL|XETH|XXBT","True","True"
"ADA","Cardano","False","20250402093000-1188","20250402093000","banklesstimes.com","https://www.banklesstimes.com/articles/2025/04/02/cardano-price-prediction-can-ada-hit-2-as-chain-fees-crash/","PAGE_TITLE","True","f047841f842b7978f011d43c1e439eda2442305c01b5a535a9ec0d1ee9578698","False","False","","True","chain|price","0","","False","True"
"ADA","Cardano","False","20250402110000-790","20250402110000","news.az","https://news.az/news/xrp-plunges-14-cardano-slides-12-is-the-smart-money-moving-into-solaxy-btcbull-and-other-best-crypto-presales","PAGE_TITLE","True","42ee2cc3687b902eb749208f79d26c2b34e02a32d6d067cb961ab5b244658e67","True","True","crypto","False","","0","","True","True"
"ADA","Cardano","False","20250402140000-425","20250402140000","cyprus-mail.com","https://cyprus-mail.com/2025/04/02/invest-in-cardano-ada-or-mutuum-finance-mutm-this-is-what-10000-in-ada-vs-mutm-could-be-worth-after-3-months","PAGE_TITLE","True","f082968fff19c07e64b39d851c4d01e8fdc1acd9b601a51e6200eb1336526931","True","False","","False","","0","","True","True"
"ALGO","Algorand","False","20250403101500-98","20250403101500","mondovisione.com","https://mondovisione.com/media-and-resources/news/quantoz-brings-european-regulated-stablecoins-eurq-and-usdq-to-algorand-202543/","PAGE_TITLE","True","31c86e67dff250d676c476ccde9047035a4c565fbbf1891e28d1965072f60a92","False","True","stablecoins","False","","0","","True","True"
"ALGO","Algorand","False","20250404204500-1312","20250404204500","insidebitcoins.com","https://insidebitcoins.com/sponsored/5-best-cheap-cryptocurrencies-to-buy-under-1-dollar-4-april-algorand-brett-arbitrum-cosmos","PAGE_TITLE","True","285662b1bb674cc3d0deebaedf78a1005fbd6c4fd69a1d52fd1c4cb85bc854ae","False","True","cryptocurrencies","False","","2","ARB|ATOM","True","True"
"ALGO","Algorand","False","20250407121500-234","20250407121500","modernreaders.com","https://www.modernreaders.com/news/2025/04/07/algorand-algo-self-reported-market-capitalization-tops-1-34-billion.html","PAGE_TITLE","True","713c037784a2609feaa66e78c7871faebf8dc5517c70ca7f63a804c0be8b1391","True","False","","True","market capitalization","0","","True","True"
"ALGO","Algorand","False","20250410091500-1106","20250410091500","banklesstimes.com","https://www.banklesstimes.com/articles/2025/04/10/algorand-price-targets-0-22-as-fiat-chain-announcement-fuels-optimism/","PAGE_TITLE","True","19b280d590bb91c8107f8e7d5e61be396ec846e7376f6bfe1f793b06a4239140","False","False","","True","chain|price","1","OP","True","True"
"ALGO","Algorand","False","20250417054500-897","20250417054500","itnewsonline.com","https://www.itnewsonline.com/PRNewswire/The-Core-and-Algorand-Foundation-Kickoff-Build-on-Blockchain-Series/1052170","PAGE_TITLE","True","38874641a2d8869ac6ae076d0b40f35d109a31b8a59f70991cc7467f3b5ff422","False","True","blockchain","False","","0","","True","True"
"ALGO","Algorand","False","20250419141500-167","20250419141500","insidebitcoins.com","https://insidebitcoins.com/sponsored/top-crypto-gainers-today-apr-19-eigenlayer-jito-kadena-algorand","PAGE_TITLE","True","aa1bf02e5fe15272d03c201ab8e234a94f8300d377808b6e4ac43f4c724d55ba","False","True","crypto","False","","0","","True","True"
"ALGO","Algorand","False","20250427151500-514","20250427151500","thesun.my","https://thesun.my/business-news/luno-malaysia-adds-algorand-and-near-protocol-to-its-digital-asset-offerings-EF14006828","PAGE_TITLE","True","080daa3e353fa430893cbb9ca77246bd7dd5de5e0c0a5a55695683ef3e574366","False","True","digital asset","True","protocol","1","NEAR","True","True"
"ALGO","Algorand","False","20250430183000-1134","20250430183000","banklesstimes.com","https://www.banklesstimes.com/articles/2025/04/30/fifa-shifts-nft-strategy-from-algorand-to-evm-blockchain/","PAGE_TITLE","True","b8d864d6eb878b2c5cfcbc916e960950b38ad92fe47a499d718bbaf952c683e1","False","True","blockchain|nft","False","","0","","True","True"
"ALGO","Algorand","False","20250430213000-150","20250430213000","invezz.com","https://invezz.com/news/2025/04/30/algo-price-drops-as-fifa-collect-plans-to-abandon-algorand-for-own-chain/","PAGE_TITLE","True","0b45e410a57edb4e1ffc28974a607a4435da49abb967925ffa7d0495d99db7ee","False","False","","True","chain|price","0","","False","True"
"ALGO","Algorand","False","20250522123000-168","20250522123000","biztoc.com","https://biztoc.com/x/cd2c35009d34fe59","PAGE_TITLE","True","f0d4752eb43729539fdcddc54b5b5fccef485751baf7ea6a076d2569cedc121c","False","True","nft","False","","2","AVAX|POL","True","True"
"ALGO","Algorand","False","20250610103000-771","20250610103000","finanznachrichten.de","https://www.finanznachrichten.de/nachrichten-2025-06/65625242-new-research-from-algorand-foundation-tvl-can-be-too-easily-gamified-008.htm","PAGE_TITLE","True","8d6a199d49649b51b4057984e7ca5ce6ba217e519879226a6b7954e86aef6238","True","False","","False","","0","","True","True"
"ALGO","Algorand","False","20250610113000-1343","20250610113000","manilatimes.net","https://www.manilatimes.net/2025/06/10/tmt-newswire/pr-newswire/new-research-from-algorand-foundation-tvl-can-be-too-easily-gamified/2130512","PAGE_TITLE","True","8d6a199d49649b51b4057984e7ca5ce6ba217e519879226a6b7954e86aef6238","True","False","","False","","0","","True","True"
"APT","Aptos","False","20250402123000-326","20250402123000","finsmes.com","https://www.finsmes.com/2025/04/universal-health-token-receives-strategic-investment-from-aptos-foundation.html","PAGE_TITLE","True","cb06d3bd8afc360434326c84bebab41c14e36b5bca95909c464cba9bd7960cd4","False","False","","True","token","0","","False","True"
"APT","Aptos","False","20250403224500-626","20250403224500","yahoo.com","https://www.yahoo.com/news/aptos-woman-killer-identified-nearly-202347814.html","PAGE_TITLE","True","10fd15a8146253526a0754325996ea99e9f3d2d7e2826f6002463f9f06952f8e","False","False","","False","","0","","False","False"
"APT","Aptos","False","20250404033000-202","20250404033000","santacruzsentinel.com","https://www.santacruzsentinel.com/2025/04/03/killer-in-decades-old-aptos-cold-case-identified-through-dna-evidence/","PAGE_TITLE","True","2358402e22a072da4cc9ea22470ec716ea3997709c5b195f22b4b69395a2aa30","False","False","","False","","0","","False","False"
"APT","Aptos","False","20250405034500-639","20250405034500","santacruzsentinel.com","https://www.santacruzsentinel.com/2025/04/04/67-year-old-aptos-man-arrested-for-sexual-battery-of-a-child/","PAGE_TITLE","True","f9a5a81a35ed1520a7ec144c8a2d73c3a49c3d2bf172d22e5505971b1cdd2495","False","False","","False","","0","","False","False"
"APT","Aptos","False","20250405073000-142","20250405073000","abc7news.com","https://abc7news.com/post/dna-technology-brings-closure-5-california-cold-cases-including-1976-aptos-murder-karen-percifield/16129841/","PAGE_TITLE","True","070600550a687b5885324d428475383ac1ce5d8dc6e5dd8310d4320387b0687b","False","False","","False","","0","","False","False"
"APT","Aptos","False","20250407154500-1661","20250407154500","independantexpress.com","https://independantexpress.com/rising-demand-for-thread-lifts-sees-aptos-rise-in-popularity-says-sakhiya-skin-clinic/","PAGE_TITLE","True","0dc8d1ab7370edeff7074913df1493dfe2ead58702124be8b89874891066983c","False","False","","False","","0","","False","False"
"APT","Aptos","False","20250409114500-494","20250409114500","yahoo.com","https://finance.yahoo.com/news/whsmith-north-america-boosts-inventory-111022672.html","PAGE_TITLE","True","402e880421c5ceece9d166267dcf6e006f62d89a4c4ae9bc34cf6b54f3ca1fb2","False","False","","False","","0","","False","False"
"APT","Aptos","False","20250410150000-1324","20250410150000","biztoc.com","https://biztoc.com/x/59f660de59369758","PAGE_TITLE","True","7ff81b7c5cbefd2c031ecf699fbc449083ec8a553993f1db50eed1f4de186223","False","False","","False","","0","","False","False"
"APT","Aptos","False","20250411200000-1195","20250411200000","invezz.com","https://invezz.com/news/2025/04/11/s-price-outlook-sonic-attains-1b-tvl-milestone-faster-than-sui-and-aptos/","PAGE_TITLE","True","1dd7075bd29b2ccf893f3f2d4ea2bdc97694f5286503c0aca63ee5b5cff8eff1","True","False","","True","price","1","SUI","True","True"
"APT","Aptos","False","20250417003000-1338","20250417003000","retaildive.com","https://www.retaildive.com/press-release/20250416-whsmith-north-america-modernizes-its-retail-tech-stack-with-aptos-and-the-c/","PAGE_TITLE","True","35b168dc1d1ed36a0ce94f9b1367f7cf2d4a63ce118734b7d50b89c85a3e4bb5","False","False","","False","","0","","False","False"
"APT","Aptos","False","20250418213000-407","20250418213000","biztoc.com","https://biztoc.com/x/c3d7ed150ee971c8","PAGE_TITLE","True","a9c631a15f854b02c3dc70305486bf9b285b6c358f9c4986c63aed6508ed44fa","False","True","staking","False","","0","","True","True"
"APT","Aptos","False","20250418223000-1549","20250418223000","santacruzsentinel.com","https://www.santacruzsentinel.com/2025/04/18/aptos-rolls-in-sccal-tri-meet-wins-track-and-field-roundup/","PAGE_TITLE","True","57cbfce4748c447d07a959dd6376ecf018afdda7a14ab7ba45526223737dad3a","False","False","","False","","0","","False","False"
"ARB","Arbitrum","False","20250401191500-1497","20250401191500","banklesstimes.com","https://www.banklesstimes.com/articles/2025/04/01/arbitrum-launches-operation-slowmo-to-to-slow-down-block-times/","PAGE_TITLE","True","ec68a34c6d96d72aa034837ee3e93e8834694a37f19fe8bf59942e3675551f97","False","False","","False","","0","","False","False"
"ARB","Arbitrum","False","20250403210000-1616","20250403210000","coindesk.com","https://www.coindesk.com/business/2025/04/03/wisdomtree-expands-institutional-tokenized-fund-platform-to-arbitrum-avalanche-base-and-optimism","PAGE_TITLE","True","5bdd4a6d9a7dd4eced7583eded9244ea734675c8b43bbd94baf61277dbb778d7","False","False","","False","","2","AVAX|OP","False","True"
"ARB","Arbitrum","False","20250404204500-1312","20250404204500","insidebitcoins.com","https://insidebitcoins.com/sponsored/5-best-cheap-cryptocurrencies-to-buy-under-1-dollar-4-april-algorand-brett-arbitrum-cosmos","PAGE_TITLE","True","285662b1bb674cc3d0deebaedf78a1005fbd6c4fd69a1d52fd1c4cb85bc854ae","False","True","cryptocurrencies","False","","2","ALGO|ATOM","True","True"
"ARB","Arbitrum","False","20250405001500-1236","20250405001500","yahoo.com","https://finance.yahoo.com/news/wisdomtree-expands-institutional-tokenized-fund-163844871.html","PAGE_TITLE","True","20278902ea91420d50c3d4afad81c9fafabf1ebfd5ff2311ffe0e6f3b9780c8a","False","False","","False","","2","AVAX|OP","False","True"
"ARB","Arbitrum","False","20250407011500-588","20250407011500","insidebitcoins.com","https://insidebitcoins.com/sponsored/top-trending-cryptos-on-arbitrum-chain-aark-token-vee-token-game7","PAGE_TITLE","True","8d19bf2f2c1cb4b2c418228a289c36d114b94f4b4d2eb111fcc83a866710adab","False","False","","True","chain|token","0","","False","True"
"ARB","Arbitrum","False","20250410233000-671","20250410233000","insidebitcoins.com","https://insidebitcoins.com/sponsored/top-trending-cryptos-on-arbitrum-chain-yieldbricks-maia-hmx","PAGE_TITLE","True","8b041511dd11e8be4820cf9442c89aca873713f23c4da63c5a4f6b0ffd178433","True","False","","True","chain","0","","True","True"
"ARB","Arbitrum","False","20250411130000-1083","20250411130000","insidebitcoins.com","https://insidebitcoins.com/press-releases/nobody-saw-arbitrum-becoming-ethereums-heavyweight-dont-miss-out-on-solaxy-and-solana","PAGE_TITLE","True","b6667562908e8a7757db041d8888f0e0a56821ab96aa02ab0124208787d2ff02","False","False","","False","","1","SOL","False","True"
"ARB","Arbitrum","False","20250411161500-1148","20250411161500","coinspeaker.com","https://www.coinspeaker.com/arbitrum-rise-mirrors-solaxy-potential-presale-reaches-29-6m/","PAGE_TITLE","True","4c7f6fba3b21fccd49981efc3527bf2aedaf27fc717a77f2edb9ce7eac3ed2b0","False","False","","False","","0","","False","False"
"ARB","Arbitrum","False","20250412173000-108","20250412173000","insidebitcoins.com","https://insidebitcoins.com/sponsored/5-best-cheap-crypto-to-buy-under-1-dollar-onyxcoin-wemix-arbitrum","PAGE_TITLE","True","a7c1fcb71c509a6046a3481c1621b921be30bc2f20081df0d95be7d8163db44b","True","True","crypto","False","","0","","True","True"
"ARB","Arbitrum","False","20250413184500-824","20250413184500","banklesstimes.com","https://www.banklesstimes.com/articles/2025/04/13/arbitrum-price-in-focus-ahead-of-a-500b-milestone-token-unlock/","PAGE_TITLE","True","8ade8f2211f109f3d017c10b9b98220f064b22f588458750e38baa70415da226","True","False","","True","price|token","0","","True","True"
"ARB","Arbitrum","False","20250415131500-228","20250415131500","dailypolitical.com","https://www.dailypolitical.com/2025/04/15/arbitrum-arb-one-day-volume-hits-116-13-million.html","PAGE_TITLE","True","ccc0537a514b52d921f5be100e565ad46dd8b6a365ad777c68d3399c5aff20cf","True","False","","False","","0","","True","True"
"ARB","Arbitrum","False","20250417174500-458","20250417174500","coindesk.com","https://www.coindesk.com/tech/2025/04/16/ethena-securitize-target-q2-mainnet-launch-for-rwa-focused-blockchain-tap-arbitrum-celestia","PAGE_TITLE","True","9b093e37db1ccd12904136f97a1a1172fca8405a812b38bcce5241aa721a189b","False","True","blockchain","False","","1","TIA","True","True"
"ATOM","Cosmos","True","20250401133000-602","20250401133000","themarketsdaily.com","https://www.themarketsdaily.com/2025/04/01/short-interest-in-cosmos-health-inc-nasdaqcosm-declines-by-19-5.html","PAGE_TITLE","False","4552a2bb98f43fc56da1bf5b31b93410d4ab38683dd84728a4aa1cbcdc1e8537","False","False","","False","","0","","False","False"
"ATOM","Cosmos","True","20250401183000-1002","20250401183000","bmj.com","https://www.bmj.com/content/388/bmj-2024-080749/rr-2","PAGE_TITLE","False","5e00b4b469506f609181be8ea864d6efe54a1d5b6218a4d898452862fa53320b","False","False","","False","","0","","False","False"
"ATOM","Cosmos","True","20250402131500-1507","20250402131500","tickerreport.com","https://www.tickerreport.com/banking-finance/12899553/cosmos-health-inc-nasdaqcosm-short-interest-down-19-5-in-march.html","PAGE_TITLE","False","188f0d90440b23d6e847e7ca05f7595717678fe92aeb2cec7c86d5c92eec9286","False","False","","False","","0","","False","False"
"ATOM","Cosmos","True","20250402131500-838","20250402131500","dailypolitical.com","https://www.dailypolitical.com/2025/04/02/cosmos-health-inc-nasdaqcosm-short-interest-down-19-5-in-march.html","PAGE_TITLE","False","188f0d90440b23d6e847e7ca05f7595717678fe92aeb2cec7c86d5c92eec9286","False","False","","False","","0","","False","False"
"ATOM","Cosmos","True","20250402140000-1054","20250402140000","communitynewspapergroup.com","https://www.communitynewspapergroup.com/vinton_newspapers/exploring-the-cosmos-foundations-of-science-students-and-the-science-of-star-formation/article_546b2f40-77de-4476-bcb3-4c61bc094dda.html","PAGE_TITLE","False","fafc809b2437c03fa5172bbf7fa4ab3ca07cddfd14c48410a512038f2a37cae9","False","False","","False","","0","","False","False"
"ATOM","Cosmos","True","20250402154500-304","20250402154500","forbes.com","https://www.forbes.com/sites/naveenrao/2025/04/02/inner-cosmos-outer-expansion--are-we-ready-for-psychiatric-bci/","PAGE_TITLE","False","236726e3c559c59aa6e7bfb3a926148272b997a9a451a293b9f70a02871fc523","False","False","","False","","0","","False","False"
"ATOM","Cosmos","True","20250402160000-685","20250402160000","dailygalaxy.com","https://dailygalaxy.com/2025/04/nasas-spherex-captures-stunning-images/","PAGE_TITLE","False","2f53b947ee0c48bdd5c93017e9b70d71ab90f3162a549355d3d1943ba671379d","False","False","","False","","0","","False","False"
"ATOM","Cosmos","True","20250402171500-390","20250402171500","independent.co.uk","https://www.independent.co.uk/space/star-music-frequency-starquakes-study-b2726119.html","PAGE_TITLE","False","a03076f1efc355df9cf4e3320817e5a030fb99e315540e61705aebcc8212bfff","False","False","","False","","0","","False","False"
"ATOM","Cosmos","True","20250402193000-1085","20250402193000","livescience.com","https://www.livescience.com/space/space-exploration/nasas-spherex-telescope-opens-its-eyes-on-the-universe-taking-stunning-debut-image-of-100-000-galaxies-and-stars","PAGE_TITLE","False","72d5a15c9c12cb60ff51f4b9f4510c0c58e578643fd42274b94fd93ca6e8c48f","False","False","","False","","0","","False","False"
"ATOM","Cosmos","True","20250402193000-332","20250402193000","forbes.com","https://www.forbes.com/sites/naveenrao/2025/04/02/inner-cosmos-outer-expansion-psychiatric-bci-gears-up-for-prime-time/","PAGE_TITLE","False","6a6ada154d75ee97f6eaac3ba67484586ca52236f186040bb0e556a6dd5effe0","False","False","","False","","0","","False","False"
"ATOM","Cosmos","True","20250402204500-1198","20250402204500","ctvnews.ca","https://www.ctvnews.ca/sci-tech/article/another-mind-blowing-change-new-data-suggests-mysterious-dark-energy-is-evolving/","PAGE_TITLE","False","d4faa8232e79cd6f6609487f05f086299402bada4ab4618cce1151a11f0b0743","False","False","","False","","0","","False","False"
"ATOM","Cosmos","True","20250403023000-293","20250403023000","abqjournal.com","https://www.abqjournal.com/lifestyle/article_fef2edc6-e299-4954-83d8-851ac9f74452.html","PAGE_TITLE","False","015d2dc78b6ec3e841ecf93d0acd618bb90eb3b51d59e4bf4c44c61885101c06","False","False","","False","","0","","False","False"
"AVAX","Avalanche","True","20250401034500-133","20250401034500","reporterherald.com","https://www.reporterherald.com/2025/03/31/taylor-makar-avalanche-contract/","PAGE_TITLE","False","fa5a5665e38b65058f7bbb5e4c147c4016d137ee5be09f955f57a2450799ce37","False","False","","False","","0","","False","False"
"AVAX","Avalanche","True","20250401041500-448","20250401041500","yahoo.com","https://www.yahoo.com/news/sharangovich-scores-lone-goal-shootout-034912799.html","PAGE_TITLE","False","42bdb0a128ac1b1768d881000f425f4d1f9eecf426f7c2708e623b4be29af434","False","False","","False","","0","","False","False"
"AVAX","Avalanche","True","20250401043000-317","20250401043000","nhl.com","https://www.nhl.com/news/calgary-flames-colorado-avalanche-game-recap-march-31","PAGE_TITLE","False","a5f1747d3fb2a54a33c02004301ddc946451a5552e7116d2aa8581abb98414c3","False","False","","False","","0","","False","False"
"AVAX","Avalanche","True","20250401044500-806","20250401044500","tsn.ca","https://www.tsn.ca/sharangovich-scores-shootout-winner-as-flames-rally-to-beat-avalanche-1.2280183","PAGE_TITLE","False","f335b0e9206aee84aad8cd3c82e387a5196221fe3aab2b8c06afa755a5859dc8","False","False","","False","","0","","False","False"
"AVAX","Avalanche","True","20250401061500-219","20250401061500","yardbarker.com","https://www.yardbarker.com/nhl/articles/flames_rally_from_2_goals_down_to_defeat_avalanche_3_2/s1_16448_41986325","PAGE_TITLE","False","e9dd46ce68804e384da366aaa977a8d75a0dd2f44b7b38406c06b894f92d9722","False","False","","False","","0","","False","False"
"AVAX","Avalanche","True","20250401061500-538","20250401061500","tsn.ca","https://www.tsn.ca/nhl/sharangovich-scores-shootout-winner-as-flames-rally-to-beat-avalanche-1.2280183","PAGE_TITLE","False","f335b0e9206aee84aad8cd3c82e387a5196221fe3aab2b8c06afa755a5859dc8","False","False","","False","","0","","False","False"
"AVAX","Avalanche","True","20250401063000-1217","20250401063000","greeleytribune.com","https://www.greeleytribune.com/2025/03/31/taylor-makar-avalanche-contract/","PAGE_TITLE","False","fa5a5665e38b65058f7bbb5e4c147c4016d137ee5be09f955f57a2450799ce37","False","False","","False","","0","","False","False"
"AVAX","Avalanche","True","20250401064500-445","20250401064500","denverpost.com","https://www.denverpost.com/2025/03/31/avalanche-flames-game-score-makar-mackinnon-wedgewood/","PAGE_TITLE","False","0248469016c17469fc875614cc351903459f558d6932d12d42df0977af3b20ef","False","False","","False","","0","","False","False"
"AVAX","Avalanche","True","20250401064500-703","20250401064500","infotel.ca","https://infotel.ca/newsitem/hkn-flames-avalanche/cp1965026496","PAGE_TITLE","False","0afeaeb6040c66b84aad01e2d3783df3026ac6436606e7cb9718361e2e4f30d7","False","False","","False","","0","","False","False"
"AVAX","Avalanche","True","20250401074500-384","20250401074500","fox21online.com","https://www.fox21online.com/2025/03/31/former-wilderness-goalie-isak-posch-joins-avalanche-organization/","PAGE_TITLE","False","5d9527e7fd75203645aedb9ffc9bacddc1e77fa1faa813921aa5fb84a7ed2355","False","False","","False","","0","","False","False"
"AVAX","Avalanche","True","20250401080000-551","20250401080000","timescall.com","https://www.timescall.com/2025/03/31/taylor-makar-avalanche-contract/","PAGE_TITLE","False","fa5a5665e38b65058f7bbb5e4c147c4016d137ee5be09f955f57a2450799ce37","False","False","","False","","0","","False","False"
"AVAX","Avalanche","True","20250401081500-354","20250401081500","sohu.com","https://www.sohu.com/a/878250365_122342248","PAGE_TITLE","False","3bce3b7bf325427b1f4523bb48c820cbdffc1bbc21e667cb162041ce7aaba5d6","False","False","","False","","0","","False","False"
"BCH","Bitcoin Cash","False","20250402200000-1580","20250402200000","insidebitcoins.com","https://insidebitcoins.com/crypto/best-altcoins-to-buy","ALLNAMES","True","d35bb263220757dd59d670d56e9a8d6f1c281fe55aca6e664ebccca47ec23a17","False","True","altcoins","False","","0","","True","True"
"BCH","Bitcoin Cash","False","20250402200000-33","20250402200000","insidebitcoins.com","https://insidebitcoins.com/crypto/what-is-bitcoin","ALLNAMES","True","d3b80d7d7806505fe65268122ce16903630829f757e5fd1fb8ebe1eee7952776","True","False","","False","","1","XXBT","True","True"
"BCH","Bitcoin Cash","False","20250402200000-410","20250402200000","insidebitcoins.com","https://insidebitcoins.com/crypto/what-is-an-altcoin","ALLNAMES","True","1b2ce3914974e25fc759adc57083023014d65dc1790f88afba0dba10d7fe534e","True","True","altcoin","False","","0","","True","True"
"BCH","Bitcoin Cash","False","20250403151500-1240","20250403151500","themarketsdaily.com","https://www.themarketsdaily.com/2025/04/03/bitcoin-cash-market-cap-tops-5-87-billion-bch.html","ALLNAMES|PAGE_TITLE","True","f81cc3b522ce8e6c96234db0bee72dd27cb7fd3d28bb3945394e615a80729442","True","False","","True","market cap","0","","True","True"
"BCH","Bitcoin Cash","False","20250404141500-1757","20250404141500","coinspeaker.com","https://www.coinspeaker.com/guides/best-anonymous-crypto-wallets/","ALLNAMES","True","92082bd618d602912748866a891ca82904885476836bf32672d35d88e3c45c7e","True","True","crypto|wallets","False","","0","","True","True"
"BCH","Bitcoin Cash","False","20250404160000-858","20250404160000","theportugalnews.com","https://www.theportugalnews.com/news/2025-04-04/dn-cloud-mining-plan-get-100-free-bonus-and-start-your-blockchain-wealth-journey/96707","ALLNAMES","True","f39c0c47f5c328f643d9f735becf75bf4c96df2cbab877359bd2d006577cf395","True","True","blockchain","False","","0","","True","True"
"BCH","Bitcoin Cash","False","20250404161500-915","20250404161500","bitcoinmagazine.com","https://bitcoinmagazine.com/technical/bitcoin-covenants-checksigfromstack-bip-348","ALLNAMES","True","056af9fd669df79627b79a3cb5a906d378015aee2ecdbcd444160a2bed99fc3a","True","False","","False","","1","XXBT","True","True"
"BCH","Bitcoin Cash","False","20250405201500-492","20250405201500","insidebitcoins.com","https://insidebitcoins.com/sponsored/5-best-altcoins-to-watch-today-april-5-mantle-okb-bitcoin-cash-bittensor","ALLNAMES|PAGE_TITLE","True","db6365ae3a43d1c657938b79e4b28688488a20462d55f7b221075f194e3e8e77","False","True","altcoins","False","","1","TAO","True","True"
"BCH","Bitcoin Cash","False","20250406064500-584","20250406064500","meinbezirk.at","https://www.meinbezirk.at/melk/c-regionauten-community/best-crypto-casinos-2025-10-best-crypto-casinos-for-gambling-with-bitcoin-and-altcoins-2025_a7244632","ALLNAMES","True","059f257ea5845ae3c2f2c53d0e0ca4ba1c07630592454d18466de50ecef508bf","False","True","altcoins|crypto","False","","1","XXBT","True","True"
"BCH","Bitcoin Cash","False","20250406083000-542","20250406083000","itnewsonline.com","https://www.itnewsonline.com/GlobeNewswire/STG-Energy-Expands-Bitcoin-Cloud-Mining-Services-Amid-Rising-Crypto-Demand/95872","ALLNAMES","True","eae455b83c1bfdcca59683912c435230b7e953ed3d7320701ba78bb3be75b108","True","True","crypto","False","","1","XXBT","True","True"
"BCH","Bitcoin Cash","False","20250406090000-412","20250406090000","manilatimes.net","https://www.manilatimes.net/2025/04/06/tmt-newswire/globenewswire/stg-energy-expands-bitcoin-cloud-mining-services-amid-rising-crypto-demand/2087202","ALLNAMES","True","eae455b83c1bfdcca59683912c435230b7e953ed3d7320701ba78bb3be75b108","True","True","crypto","False","","1","XXBT","True","True"
"BCH","Bitcoin Cash","False","20250406093000-127","20250406093000","globenewswire.com","https://www.globenewswire.com/news-release/2025/04/06/3056318/0/en/STG-Energy-Expands-Bitcoin-Cloud-Mining-Services-Amid-Rising-Crypto-Demand.html","ALLNAMES","True","73a5537c97dd438051a9854e9dea36b88cfc6fe56b9cc9914fd41f8530fcd53a","True","False","","False","","1","XXBT","True","True"
"BNB","Binance Coin","False","20250401090000-827","20250401090000","kuenselonline.com","https://kuenselonline.com/news/gmc-conference-on-digital-assets-to-host-global-financial-leaders","ALLNAMES","True","3fecf75750e5b9e79475876f5bad98a18b5fce196b87f78fa70fcc5be0bf19ba","True","True","digital assets","False","","0","","True","True"
"BNB","Binance Coin","False","20250402064500-1145","20250402064500","invezz.com","https://invezz.com/news/2025/04/02/crypto-tokens-with-major-catalysts-polkadot-eos-iota-bnb/","ALLNAMES","True","b841e4e378b0c5aae6789f452c36a31b0d7b80755c980ed586262d3a6d208c2c","True","True","crypto","True","tokens","2","DOT|EOS","True","True"
"BNB","Binance Coin","False","20250402103000-331","20250402103000","coinspeaker.com","https://www.coinspeaker.com/vaneck-files-for-bnb-etf/","ALLNAMES","True","0a0947c13b19afbd01de1f2b247e892da04182b53fa8eaa4fb8e630d9d0d504d","True","False","","True","coin|etf","0","","True","True"
"BNB","Binance Coin","False","20250402144500-1123","20250402144500","econotimes.com","http://www.econotimes.com/VanEck-Aims-to-Launch-First-US-BNB-ETF-1706463","ALLNAMES","True","47167ca13cc16378db8e3f0b89f42351501a3d4198e0ebd4f3c552f3f36da37b","True","False","","True","etf","0","","True","True"
"BNB","Binance Coin","False","20250402150000-659","20250402150000","insidebitcoins.com","https://insidebitcoins.com/news/vaneck-files-for-first-binance-coin-bnb-etf-in-the-us","ALLNAMES","True","56f0393a2f986181310143c0bee89dc8dcc9061981053f3551ac50a531778425","True","False","","True","etf","0","","True","True"
"BNB","Binance Coin","False","20250402163000-2028","20250402163000","fxstreet.com","https://www.fxstreet.com/cryptocurrencies/news/cardano-and-binance-coin-price-forecast-altcoins-ada-and-bnb-show-weakness-in-momentum-indicators-202504020831","ALLNAMES","True","8e3644425cf0f2c0248684b3b11d887f87fa702ba70a757c561a8f4d95e11455","False","False","","False","","0","","False","False"
"BNB","Binance Coin","False","20250402200000-410","20250402200000","insidebitcoins.com","https://insidebitcoins.com/crypto/what-is-an-altcoin","ALLNAMES","True","1b2ce3914974e25fc759adc57083023014d65dc1790f88afba0dba10d7fe534e","True","True","altcoin","False","","0","","True","True"
"BNB","Binance Coin","False","20250403083000-812","20250403083000","riotimesonline.com","https://www.riotimesonline.com/bitcoins-wild-ride-tariffs-and-etf-hopes-shake-crypto-market/","ALLNAMES","True","667c35b1137719bd7d663e79753d36b95886966bd85eaad3ac5d36b33067c293","True","True","crypto","True","etf","1","XXBT","True","True"
"BNB","Binance Coin","False","20250403110000-833","20250403110000","dailyforex.com","https://www.dailyforex.com/forex-technical-analysis/2025/04/bnb-tests-key-resistance-zone-3-april-2025/226532","ALLNAMES","True","2e4d3122a3af0e0da0407d9760b69535a4a866b13270854ea838e94903949058","True","False","","False","","0","","True","True"
"BNB","Binance Coin","False","20250403121500-666","20250403121500","cyprus-mail.com","https://cyprus-mail.com/2025/04/03/binance-coin-bnbs-fight-against-the-bears-puts-spotlight-on-ruvi-ais-early-investors-rewards","ALLNAMES|PAGE_TITLE","True","26a1c7133510df9802eb3da86cacd885b4e78400918c2224db2f339fce328902","True","False","","True","coin","0","","True","True"
"BNB","Binance Coin","False","20250403123000-1606","20250403123000","invezz.com","https://invezz.com/news/2025/04/03/binance-coin-bnb-holds-firm-after-trumps-tariffs-as-vaneck-files-for-bnb-etf/","ALLNAMES|PAGE_TITLE","True","bf49483c97ee0e2c1a08fcb7b18b28148188427e66f44aa24d6817b22b266a5f","False","False","","True","coin|etf","0","","False","True"
"BNB","Binance Coin","False","20250403163000-1376","20250403163000","theportugalnews.com","https://www.theportugalnews.com/news/2025-04-03/latest-crypto-price-analysis-news-solana-binance-coin-bnb-web3-future-crypto-leader-coldware-cold/96668","ALLNAMES|PAGE_TITLE","True","6e4a05d0850a4296fbe002a0256348ec2442cc33b2de10b04ff1f4725716e9af","True","True","crypto|web3","True","coin|price","1","SOL","True","True"
"BONK","Bonk","True","20250401144500-1456","20250401144500","insidebitcoins.com","https://insidebitcoins.com/sponsored/5-best-altcoins-to-buy-now-april-1-render-compound-bonk-hyperliquid","PAGE_TITLE","True","350aeab871a12d8d4f1ed94691498133ddf10c6f12596503bf3217076fd8cfb8","True","True","altcoins","False","","0","","True","True"
"BONK","Bonk","True","20250402184500-1571","20250402184500","biztoc.com","https://biztoc.com/x/ba2b70696dd7cef0","PAGE_TITLE","True","66f4532ceefb4bdb0381fdb3686fabf0a4e7b042cabebc9924cef0291b299e80","True","False","","False","","2","SHIB|XXDG","True","True"
"BONK","Bonk","True","20250403123000-237","20250403123000","invezz.com","https://invezz.com/news/2025/04/03/crypto-market-wrap-tariffs-jitters-continue-as-hype-bera-and-bonk-crash/","PAGE_TITLE","True","de6ff8c205249874050a28f05bd21523ae53975ff1cf1233649b5575f28d49ac","False","True","crypto","False","","0","","True","True"
"BONK","Bonk","True","20250407103000-860","20250407103000","banklesstimes.com","https://www.banklesstimes.com/articles/2025/04/07/is-this-a-golden-opportunity-to-buy-cardano-hedera-bonk-and-stellar/","PAGE_TITLE","True","bd790777895cb6c0c9eef969c773dd638b1d04b1086c4e7629eb89348bbb3c22","True","False","","False","","2","ADA|XXLM","True","True"
"BONK","Bonk","True","20250410141500-1107","20250410141500","banklesstimes.com","https://www.banklesstimes.com/articles/2025/04/10/bonk-up-15-in-24-hours-can-its-upward-momentum-persist/","PAGE_TITLE","False","5f1b76aa15e1c233e4feddac9b58155665d2b66651163a0c1082456367c3ca5b","False","False","","False","","0","","False","False"
"BONK","Bonk","True","20250411180000-799","20250411180000","insidebitcoins.com","https://insidebitcoins.com/sponsored/best-meme-coins-to-invest-in-now-april-11-cat-in-a-dogs-world-bonk-spx6900","PAGE_TITLE","False","d122926690f79cfba253e2ccfe31da7dfca364cfeb292fa1f778e9d631543213","False","True","meme coins","True","coins","0","","True","True"
"BONK","Bonk","True","20250412043000-643","20250412043000","banklesstimes.com","https://www.banklesstimes.com/articles/2025/04/11/fartcoin-bonk-jasmy-ondo-prices-jump-as-dxy-index-plunges/","PAGE_TITLE","False","3fc37226603da42d4e3a5d220a022d5b9f442998a46571b43d05b66298384fb8","True","False","","True","prices","0","","True","True"
"BONK","Bonk","True","20250412234500-453","20250412234500","banklesstimes.com","https://www.banklesstimes.com/articles/2025/04/12/solana-meme-coins-skyrocket-wif-popcat-goat-bonk-prices-surge/","PAGE_TITLE","True","63a0092043f5360518fa6ae6631ad89229ded03aca24d525c5cfd0c700e7982d","True","True","meme coins","True","coins|prices","1","SOL","True","True"
"BONK","Bonk","True","20250414094500-8","20250414094500","spacedaily.com","https://www.spacedaily.com/reports/Bonk_The_basics_and_future_use_cases_for_the_popular_meme_coin_999.html","PAGE_TITLE","True","968edaee7c71f8a46b5a5909e42224c6b8fc5ad6520973ac40bcc49ca03f9477","True","True","meme coin","True","coin","0","","True","True"
"BONK","Bonk","True","20250416121500-977","20250416121500","rockpapershotgun.com","https://www.rockpapershotgun.com/elden-ring-nightreigns-new-raider-trailer-channels-the-eternal-power-of-bonk","PAGE_TITLE","False","b4e0ae7806acddd002eff67e621f98ad90d0ae51315a17696182a31a27ee8986","False","False","","False","","0","","False","False"
"BONK","Bonk","True","20250417143000-940","20250417143000","insidebitcoins.com","https://insidebitcoins.com/sponsored/bonk-price-prediction-bonk-soars-12-in-a-week-as-this-ai-pepe-ico-surges-past-8m","PAGE_TITLE","False","0e0b2729bda30c6da36d3dd657801bec6fabd0626c0d59eef1764bf9dd8fb96c","True","False","","True","price","1","PEPE","True","True"
"BONK","Bonk","True","20250418190000-714","20250418190000","newsbtc.com","https://www.newsbtc.com/analysis/bonk/bonk-symmetrical-triangle-squeeze/","PAGE_TITLE","False","83c4a7356515b1d32a9c5a97e2646aa16d0ac744a34fa0009699c29a267aa11a","False","False","","False","","0","","False","False"
"CRO","Cronos","False","20250402150000-1055","20250402150000","insidebitcoins.com","https://insidebitcoins.com/sponsored/best-crypto-to-invest-in-right-now-april-2-convex-finance-vechain-cronos","PAGE_TITLE","True","36d3fb2cf2df0a507bbe86922143e3fd661e4407af0f2bb7608c08c35aa4f2ef","True","True","crypto","False","","0","","True","True"
"CRO","Cronos","False","20250403143000-1094","20250403143000","theenterpriseleader.com","https://theenterpriseleader.com/2025/04/03/cronos-cro-self-reported-market-cap-reaches-9-17-billion.html","PAGE_TITLE","True","82a2e233befe028dd0687a75da54f606206b40fae570cb51f0cc3e0f67cdd610","True","False","","True","market cap","0","","True","True"
"CRO","Cronos","False","20250407143000-758","20250407143000","gamerant.com","https://gamerant.com/cronos-the-new-dawn-2025-release-silent-hill-good-why/","PAGE_TITLE","True","b37c3e33ec7a3890b95f7ee5eebccaf0cc59547f5ede79925df7b2378d2520d2","False","False","","False","","0","","False","False"
"CRO","Cronos","False","20250407164500-1803","20250407164500","wkrb13.com","https://www.wkrb13.com/2025/04/07/cronos-group-nasdaqcron-hits-new-52-week-low-heres-what-happened.html","PAGE_TITLE","True","8199d22000c9b2e41dfbf1aa3a26c3712027aac6ab6b48a36b592ea46c61fdce","False","False","","False","","0","","False","False"
"CRO","Cronos","False","20250411140000-688","20250411140000","modernreaders.com","https://www.modernreaders.com/news/2025/04/11/cronos-cro-price-tops-0-0858.html","PAGE_TITLE","True","8a61c46327e22aa8e6bae034a3bd5f9073bd260c630bed9cb4c6876c8eda94ee","True","False","","True","price","0","","True","True"
"CRO","Cronos","False","20250411164500-568","20250411164500","gameranx.com","https://gameranx.com/updates/id/534951/article/cronos-the-new-dawn-will-have-special-reveal-next-week/","PAGE_TITLE","True","3a580de480d0906730095f2c0ddfc0a722c4dd14c227fc56e292c28b1bbf1094","False","False","","False","","0","","False","False"
"CRO","Cronos","False","20250412131500-574","20250412131500","wkrb13.com","https://www.wkrb13.com/2025/04/12/quinn-opportunity-partners-llc-acquires-64600-shares-of-cronos-group-inc-nasdaqcron.html","PAGE_TITLE","True","e680b8e628c02afea4204bade2d8cd9401f4a7b9cc57409714c3125e930843a2","False","False","","False","","0","","False","False"
"CRO","Cronos","False","20250412171500-276","20250412171500","n4g.com","https://n4g.com/news/2662002/a-massive-cronos-the-new-dawn-reveal-scheduled-for-april-16","PAGE_TITLE","True","3d11f2ee5fe20181923b009eecf6b2515d1612c77bf23f3cbee7b00dd7083790","False","False","","False","","0","","False","False"
"CRO","Cronos","False","20250413161500-676","20250413161500","motor1.com","https://www.motor1.com:443/news/756408/fiat-cronos-at-dealerships-before-reveal/","PAGE_TITLE","True","5e72b2ef8a12d3c37a229e1aa6d3c47c39025609d63e74361b6cff557ef0a6af","False","False","","False","","0","","False","False"
"CRO","Cronos","False","20250414164500-1884","20250414164500","moddb.com","https://www.moddb.com/mods/wrath-of-cronos-hard-unofficial-version/downloads/woc-v520-hex-her-released","PAGE_TITLE","True","db90089cb8ed3d88d2535619a5e8c6f6ef76c94a9465f8a38834d84a9299234c","False","False","","False","","0","","False","False"
"CRO","Cronos","False","20250414171500-1861","20250414171500","wkrb13.com","https://www.wkrb13.com/2025/04/14/cronos-group-nasdaqcron-stock-price-down-3-1-should-you-sell.html","PAGE_TITLE","True","eef3a57f51dc68bf2ad80a58be618d6c7e60e13aa2e2518a2eda20b4ffd213ae","False","False","","True","price","0","","False","True"
"CRO","Cronos","False","20250415151500-5","20250415151500","wkrb13.com","https://www.wkrb13.com/2025/04/15/cronos-cro-reaches-24-hour-trading-volume-of-18-69-million.html","PAGE_TITLE","True","00ebf3473ad6d3a9a1f35ec4c811f45e34a95b28d9029e8974b265ea5f159b2d","True","False","","True","trading volume","0","","True","True"
"DAI","Dai","True","20250401093000-675","20250401093000","borsaitaliana.it","https://www.borsaitaliana.it/borsa/notizie/radiocor/finanza/dettaglio/morning-note-economia-e-finanza-dai-giornali-esteri-nRC_01042025_0947_230141300.html","PAGE_TITLE","False","ab33a57c1e138e171823426313e16ff2e09ae50828ca433712f229392010fd99","False","False","","False","","0","","False","False"
"DAI","Dai","True","20250401140000-1163","20250401140000","borsaitaliana.it","https://www.borsaitaliana.it/borsa/notizie/radiocor/finanza/dettaglio/economia-e-finanza-dai-giornali-usa-nRC_01042025_1324_399126725.html","PAGE_TITLE","False","2a39c4c5449d45210fd134369890a045b099a4fbc5b7395c24a08fea14a671f7","False","False","","False","","0","","False","False"
"DAI","Dai","True","20250401160000-1783","20250401160000","italian.cri.cn","https://italian.cri.cn/2025/04/01/ARTI1743511808885899","PAGE_TITLE","False","7bd5257872bb21bc914918cb7b1e0de93ce4942f2949f4bd3644ca5bd0d6d603","False","False","","False","","0","","False","False"
"DAI","Dai","True","20250401170000-2053","20250401170000","augustafreepress.com","https://augustafreepress.com/news/report-dai-dai-ames-appears-to-be-headed-to-cal-off-the-transfer-portal/","PAGE_TITLE","False","45e6ae5c0b971149217e4b714be3e9ed992bbd62ddbe5b38e231c5f7a607e5d5","False","False","","False","","0","","False","False"
"DAI","Dai","True","20250402084500-585","20250402084500","borsaitaliana.it","https://www.borsaitaliana.it/borsa/notizie/radiocor/finanza/dettaglio/morning-note-economia-e-finanza-dai-giornali-esteri-nRC_02042025_0952_198113481.html","PAGE_TITLE","False","ab33a57c1e138e171823426313e16ff2e09ae50828ca433712f229392010fd99","False","False","","False","","0","","False","False"
"DAI","Dai","True","20250402134500-1362","20250402134500","borsaitaliana.it","https://www.borsaitaliana.it/borsa/notizie/radiocor/finanza/dettaglio/economia-e-finanza-dai-giornali-usa-nRC_02042025_1335_375883354.html","PAGE_TITLE","False","2a39c4c5449d45210fd134369890a045b099a4fbc5b7395c24a08fea14a671f7","False","False","","False","","0","","False","False"
"DAI","Dai","True","20250402201500-452","20250402201500","skynews.com.au","https://www.skynews.com.au/australia-news/politics/shocking-footage-shows-dai-le-cornflute-being-slashed-independent-mp-called-muslim-and-communist/news-story/2d8b568ef688a37d885ce009ce1f3392?nk=57ef9cb39c968c797280e66223d8169d-1743624157","PAGE_TITLE","False","8291b0059d7336b0f826f7b65863e89e829ebbe9e67d8b8dd2b8d5920095a11d","False","False","","False","","0","","False","False"
"DAI","Dai","True","20250403093000-131","20250403093000","borsaitaliana.it","https://www.borsaitaliana.it/borsa/notizie/radiocor/finanza/dettaglio/morning-note-economia-e-finanza-dai-giornali-esteri-nRC_03042025_0945_215134507.html","PAGE_TITLE","False","ab33a57c1e138e171823426313e16ff2e09ae50828ca433712f229392010fd99","False","False","","False","","0","","False","False"
"DAI","Dai","True","20250403143000-547","20250403143000","borsaitaliana.it","https://www.borsaitaliana.it/borsa/notizie/radiocor/finanza/dettaglio/economia-e-finanza-dai-giornali-usa-nRC_03042025_1323_433128721.html","PAGE_TITLE","False","2a39c4c5449d45210fd134369890a045b099a4fbc5b7395c24a08fea14a671f7","False","False","","False","","0","","False","False"
"DAI","Dai","True","20250403150000-1261","20250403150000","thehindubusinessline.com","https://www.thehindubusinessline.com/companies/star-union-dai-ichi-life-insurance-sets-up-new-branch-in-gift-city/article69408088.ece","PAGE_TITLE","False","e64dbfeea695bc13e3fe7a1a8717bcffb6951ce68a2a3510b52e6ac70a4e43a8","False","False","","False","","0","","False","False"
"DAI","Dai","True","20250403183000-588","20250403183000","spotlightnepal.com","https://www.spotlightnepal.com/2025/04/03/adieu-kamal-dai/","PAGE_TITLE","False","14f5f2e0be707ddc080f9c31bab0f6b642824d4b9f7479aeafde19614e6b999c","False","False","","False","","0","","False","False"
"DAI","Dai","True","20250403183000-600","20250403183000","tatlerasia.com","https://www.tatlerasia.com/power-purpose/leadership/vu-trong-dai-businessman-in-publishing-industry-en","PAGE_TITLE","False","3222459060fafc5b60d2ead0b3eac93548cbf3322df8d62572d1d4b578462c05","False","False","","False","","0","","False","False"
"DOT","Polkadot","False","20250402064500-1145","20250402064500","invezz.com","https://invezz.com/news/2025/04/02/crypto-tokens-with-major-catalysts-polkadot-eos-iota-bnb/","PAGE_TITLE","True","b841e4e378b0c5aae6789f452c36a31b0d7b80755c980ed586262d3a6d208c2c","True","True","crypto","True","tokens","1","EOS","True","True"
"DOT","Polkadot","False","20250403124500-1010","20250403124500","fool.com","https://www.fool.com/investing/2025/04/03/prediction-polkadot-will-soar-in-the-next-5-years/?source=iedfolrf0000001","PAGE_TITLE","True","b4aa0afdfc51865685b809540ea43ed732f8ad62cbe7bade33a5015eca7c32d3","False","False","","False","","0","","False","False"
"DOT","Polkadot","False","20250403131500-1066","20250403131500","modernreaders.com","https://www.modernreaders.com/news/2025/04/03/polkadot-dot-self-reported-market-cap-reaches-6-13-billion.html","PAGE_TITLE","True","59e96b81d7f2a499824c4ae9ad992761384077bdb35ea94a5b825f8e417fe0b6","True","False","","True","market cap","0","","True","True"
"DOT","Polkadot","False","20250403161500-1220","20250403161500","coindesk.com","https://www.coindesk.com/press-release/2025/03/31/hyperbridge-becomes-polkadot-s-native-bridge-as-dao-backs-defi-singularity-proposal","PAGE_TITLE","True","1ef214868e6c0617ae0403c7e9e1048090a6ed09a190e0d6c9972a73f6093c63","False","True","defi","False","","0","","True","True"
"DOT","Polkadot","False","20250408103000-1554","20250408103000","banklesstimes.com","https://www.banklesstimes.com/articles/2025/04/08/polkadot-price-nears-surge-staking-inflows-and-yields-soar/","PAGE_TITLE","True","efe1d59fd81fd930a4ae08cd1c19c2c8777217c41943beaa3b0b45651bc83077","False","True","staking","True","price","0","","True","True"
"DOT","Polkadot","False","20250411130000-450","20250411130000","insidebitcoins.com","https://insidebitcoins.com/sponsored/best-crypto-to-buy-now-april-11-sui-dexe-polkadot","PAGE_TITLE","True","0dcf95246d78fa507b225977056ee585225e55719d466d575eb068978e69c82c","True","True","crypto","False","","1","SUI","True","True"
"DOT","Polkadot","False","20250415134500-9","20250415134500","theenterpriseleader.com","https://theenterpriseleader.com/2025/04/15/polkadot-price-hits-3-66-on-exchanges-dot.html","PAGE_TITLE","True","b492a8f2d87d313968085a5db91ed3cf88ab794c5b8f9766033881eedbf293f1","True","False","","True","exchanges|price","0","","True","True"
"DOT","Polkadot","False","20250416221500-951","20250416221500","banklesstimes.com","https://www.banklesstimes.com/articles/2025/04/16/polkadot-shows-buy-signal-as-analysts-hint-at-a-rebound/","PAGE_TITLE","True","78bcdb1c2d188062b64e2ebd21b8341ce316ff7d7a8ae8193570bb50e448ad0d","True","False","","False","","0","","True","True"
"DOT","Polkadot","False","20250417113000-274","20250417113000","techcabal.com","https://techcabal.com/2025/04/17/polytope-labs-raises-over-5-million-to-scale-hyperbridge-backed-by-the-polkadot-ecosystem-fund/","PAGE_TITLE","True","7cbba98fe14679699d7a440c995ab75cbcc3bb43a77b2df52d1f6a2e8af29f8b","False","False","","False","","0","","False","False"
"DOT","Polkadot","False","20250417143000-513","20250417143000","invezz.com","https://invezz.com/news/2025/04/17/polkadot-price-prediction-as-copper-and-p2p-org-bring-dot-staking-to-institutions/","PAGE_TITLE","True","de6b9dd07d49c18f844006d2c4ade70640929521033aa4d353e9889385056fc2","False","True","staking","True","price","0","","True","True"
"DOT","Polkadot","False","20250418213000-64","20250418213000","banklesstimes.com","https://www.banklesstimes.com/articles/2025/04/18/it-could-get-ugly-fed-warning-may-hit-solana-pi-network-shiba-inu-polkadot/","PAGE_TITLE","True","45b43979a3c4d838a6496300991df32ecc55bea9da8f7b123ed8fff288eec621","True","False","","False","","2","SHIB|SOL","True","True"
"DOT","Polkadot","False","20250420233000-380","20250420233000","insidebitcoins.com","https://insidebitcoins.com/sponsored/top-crypto-gainers-today-apr-20-polkadot-waves-frax-share-jupiter","PAGE_TITLE","True","10ddb3cae8f20597bc17190b1ff16e481e7acd132d4045c5fdfe3b15ed9842a1","False","True","crypto","False","","0","","True","True"
"EOS","EOS","True","20250401120000-1007","20250401120000","stupiddope.com","https://stupiddope.com/2025/04/canon-eos-r50-v-a-compact-powerhouse-designed-for-modern-content-creators/","PAGE_TITLE","False","2e540db79f414290f5216b3592c16496dbe5cf3b70e3c1205d9b6e7c45c85d01","False","False","","False","","0","","False","False"
"EOS","EOS","True","20250401143000-1011","20250401143000","eos.org","https://eos.org/author/forrest-horton","PAGE_TITLE","False","c109147c77fc79049e405fed0d04a1f668ee62b93f36eb0a7e1cc129a266f692","False","False","","False","","0","","False","False"
"EOS","EOS","True","20250401143000-130","20250401143000","eos.org","https://eos.org/author/s-naif","PAGE_TITLE","False","c109147c77fc79049e405fed0d04a1f668ee62b93f36eb0a7e1cc129a266f692","False","False","","False","","0","","False","False"
"EOS","EOS","True","20250401143000-644","20250401143000","eos.org","https://eos.org/author/cian-wilson","PAGE_TITLE","False","c109147c77fc79049e405fed0d04a1f668ee62b93f36eb0a7e1cc129a266f692","False","False","","False","","0","","False","False"
"EOS","EOS","True","20250401143000-685","20250401143000","eos.org","https://eos.org/author/ben-black","PAGE_TITLE","False","c109147c77fc79049e405fed0d04a1f668ee62b93f36eb0a7e1cc129a266f692","False","False","","False","","0","","False","False"
"EOS","EOS","True","20250401143000-820","20250401143000","eos.org","https://eos.org/author/andrea-goltz","PAGE_TITLE","False","c109147c77fc79049e405fed0d04a1f668ee62b93f36eb0a7e1cc129a266f692","False","False","","False","","0","","False","False"
"EOS","EOS","True","20250401144500-968","20250401144500","econotimes.com","http://www.econotimes.com/Vaulta-Rising-EOS-Rebrands-Targets-Web3-Banking-Dominance-1706365","PAGE_TITLE","True","665ec28722781dbe8b73d63533c1abe90adbc2fe87b5c91fe0222d1565f48ae5","False","True","web3","False","","0","","True","True"
"EOS","EOS","True","20250401193000-1875","20250401193000","eos.org","https://eos.org/author/gvandeelen","PAGE_TITLE","False","d197bb09651a6357b0e556dd575b27d04321741776880c87d8eb5eebddbc65fd","False","False","","False","","0","","False","False"
"EOS","EOS","True","20250401193000-857","20250401193000","eos.org","https://eos.org/author/emily-dieckman","PAGE_TITLE","False","46ea35188b3c468bfe73f8cfbd3889f37d5798847cc340428da338a4a8124afc","False","False","","False","","0","","False","False"
"EOS","EOS","True","20250402044500-154","20250402044500","itwire.com","https://itwire.com/science-news/space/eos-and-one-giant-leap-australia-foundation-at-avalon-2025-announcing-space-tour-usa-2025.html","PAGE_TITLE","False","aca646631175bff6a53cf6035a3666e93c977d76f4c2483aff21b37f2951da75","False","False","","False","","0","","False","False"
"EOS","EOS","True","20250402064500-1145","20250402064500","invezz.com","https://invezz.com/news/2025/04/02/crypto-tokens-with-major-catalysts-polkadot-eos-iota-bnb/","PAGE_TITLE","True","b841e4e378b0c5aae6789f452c36a31b0d7b80755c980ed586262d3a6d208c2c","True","True","crypto","True","tokens","1","DOT","True","True"
"EOS","EOS","True","20250402103000-584","20250402103000","coinspeaker.com","https://www.coinspeaker.com/eos-jumps-20-percent-amid-stagnant-market/","PAGE_TITLE","False","2261d589fc47e70cb6b2178b603bdd6efbe49e7c0aada39ad3e27cc471a1acb6","True","False","","False","","0","","True","True"
"FET","Artificial Superintelligence Alliance","False","20250413173000-535","20250413173000","insidebitcoins.com","https://insidebitcoins.com/sponsored/next-cryptocurrency-to-explode-13-april-aioz-network-story-floki","ALLNAMES|V2ORGANIZATIONS","True","62ad556d526c9d63df63256a2813f7f67611d055c91d018aa17bb9c866912d9a","False","True","cryptocurrency","False","","0","","True","True"
"FET","Artificial Superintelligence Alliance","False","20250414233000-1499","20250414233000","fxstreet.com","https://www.fxstreet.com/cryptocurrencies/news/crypto-ai-tokens-to-watch-after-nvidias-and-openais-latest-moves-rndr-icp-and-sei-price-analysis-202504141929","ALLNAMES|V2ORGANIZATIONS","True","f2310c0504fce1c008ac752d4e0ed565f8a2effcb9171bec7c1ccade66724210","False","True","crypto","True","price|tokens","0","","True","True"
"FET","Artificial Superintelligence Alliance","False","20250419190000-310","20250419190000","insidebitcoins.com","https://insidebitcoins.com/sponsored/best-ai-crypto-to-watch-for-decentralized-autonomous-agent-subbd-mind-network-autonolas","ALLNAMES|V2ORGANIZATIONS","True","94416102214b545f34d4524c1ba4ba5b57797bff10b6ebea43141ff64e5422ab","False","True","crypto","False","","0","","True","True"
"FET","Artificial Superintelligence Alliance","False","20250420091500-352","20250420091500","invezz.com","https://invezz.com/news/2025/04/20/top-crypto-price-prediction-jasmy-fartcoin-gala-fet/","ALLNAMES|V2ORGANIZATIONS","True","4ea354ca8eec55cc2df1143cb54775e8bc00672a2de4a6828f35c96c97c86c40","False","True","crypto","True","price","0","","True","True"
"FET","Artificial Superintelligence Alliance","False","20250420134500-600","20250420134500","invezz.com","https://invezz.com/news/2025/04/20/should-you-invest-in-pepex-as-ai-coins-surge/","V2ORGANIZATIONS","True","e902638035b2e05881962fd312bfb70bb7fb6f164de46522024fe162c92cca19","False","False","","True","tokens","0","","False","True"
"FET","Artificial Superintelligence Alliance","False","20250420204500-543","20250420204500","biztoc.com","https://biztoc.com/x/9ef04c07a18dbf26","ALLNAMES|V2ORGANIZATIONS","True","bfbbc9d550f7175691e201749561b8c9076ee49495e267a03472c3d29e125497","False","True","crypto","False","","0","","True","True"
"FET","Artificial Superintelligence Alliance","False","20250422083000-978","20250422083000","econotimes.com","http://www.econotimes.com/May-2025-Crypto-Whales-Top-Picks-Revealed-1708161","ALLNAMES|V2ORGANIZATIONS","True","90da43f829904b761c8a23bd174dc44fbb1fb87c68bb9525858857bc2912d0a1","False","True","crypto","False","","0","","True","True"
"FET","Artificial Superintelligence Alliance","False","20250424120000-221","20250424120000","insidebitcoins.com","https://insidebitcoins.com/press-releases/mind-of-pepe-presale-unveils-ai-agent-may-10-will-the-grok-of-crypto-100x","ALLNAMES|V2ORGANIZATIONS","True","147e3cb2fd20d387898affb4a61afb618981c50be6c10c588efb0b91dbb0af13","False","True","crypto","False","","1","PEPE","True","True"
"FET","Artificial Superintelligence Alliance","False","20250424151500-1455","20250424151500","coinspeaker.com","https://www.coinspeaker.com/mind-of-pepe-launches-may-10-ai-grok-presale-continues/","ALLNAMES|V2ORGANIZATIONS","True","285a8c675cdeb0df491305ea640536f0abdd117d74a3323be6e63589704968ab","False","False","","False","","1","PEPE","False","True"
"FET","Artificial Superintelligence Alliance","False","20250425140000-369","20250425140000","fxstreet.com","https://www.fxstreet.com/cryptocurrencies/news/ai-tokens-tao-fet-ai16z-surge-despite-nvidia-excluding-crypto-related-projects-from-its-inception-program-202504251023","ALLNAMES|V2ORGANIZATIONS","True","58f403472a5a8ac5823ac4195e829ecc0b01aa4edd5b2b8fd4a49dbeac7072aa","True","True","crypto","True","tokens","0","","True","True"
"FET","Artificial Superintelligence Alliance","False","20250429101500-564","20250429101500","insidebitcoins.com","https://insidebitcoins.com/news/nft-hype-is-returning-heres-top-selling-nft-coins-today-apr-29","V2ORGANIZATIONS","True","e5b5baf96b28b02bd5786af52d1ea9cf729d5a5f1eff2b98feeabed7a15405e7","False","True","nft","True","coins","0","","True","True"
"FET","Artificial Superintelligence Alliance","False","20250429123000-585","20250429123000","yahoo.com","https://finance.yahoo.com/news/ai-cryptocurrencies-surging-ones-buy-120000813.html","V2ORGANIZATIONS","True","96ab79188789cc7cf53e8b00e4f73e805f692cf5a7f5d192ac3dffb799807313","True","True","cryptocurrencies","False","","0","","True","True"
"FIL","Filecoin","False","20250404114500-805","20250404114500","coindesk.com","https://www.coindesk.com/business/2025/04/04/filecoin-s-fil-spikes-30-as-south-korean-exchange-upbit-lists-the-token","PAGE_TITLE","True","c6661fc44012c7e0cf416cca478b04332caa10b5c2cf6d7f4e83fecb93f412a5","False","False","","True","exchange|token","0","","False","True"
"FIL","Filecoin","False","20250404141500-1568","20250404141500","coinspeaker.com","https://www.coinspeaker.com/filecoin-price-skyrockets-amid-upbit-listing-announcement-whats-next-for-fil/","PAGE_TITLE","True","710a6aad57f8e7f3249acb8ff07a7790431301f51272e0a449bb40dacdd1e62c","True","False","","True","price","0","","True","True"
"FIL","Filecoin","False","20250404141500-541","20250404141500","biztoc.com","https://biztoc.com/x/863db1ae5a336b9e","PAGE_TITLE","True","d1c7fac0dc35f3e41b91b77c3d4a23ccff90743d02b69e94f9c213f45bb4440d","False","False","","False","","0","","False","False"
"FIL","Filecoin","False","20250404154500-472","20250404154500","insidebitcoins.com","https://insidebitcoins.com/sponsored/next-cryptocurrency-to-explode-4-april-holo-curve-dao-token-filecoin-kaspa","PAGE_TITLE","True","1b2f5eb0f96a2a8f01d64d3ed917cb09c9fa60325e37370121fab8dd75f4b955","False","True","cryptocurrency","True","token","0","","True","True"
"FIL","Filecoin","False","20250407130000-609","20250407130000","modernreaders.com","https://www.modernreaders.com/news/2025/04/07/filecoin-price-reaches-2-33-fil.html","PAGE_TITLE","True","25b2f0a3f304215f5befcb15854cb74769b7c963167f2acfd3fc3b9b5a039c82","True","False","","True","price","0","","True","True"
"FIL","Filecoin","False","20250411124500-1488","20250411124500","wkrb13.com","https://www.wkrb13.com/2025/04/11/filecoin-price-hits-2-41-on-top-exchanges-fil.html","PAGE_TITLE","True","987a7a15e0698964c9f596d83187ec007e7c9444f6badef3e6f94add55a7c3fd","True","False","","True","exchanges|price","0","","True","True"
"FIL","Filecoin","False","20250418150000-865","20250418150000","biztoc.com","https://biztoc.com/x/ecd400d4763dcb86","PAGE_TITLE","True","4e9b43a83e68e201d7e473184310309e90b77935dc8262f6ec5c6a4fff02a646","False","False","","False","","0","","False","False"
"FIL","Filecoin","False","20250420190000-439","20250420190000","insidebitcoins.com","https://insidebitcoins.com/sponsored/filecoin-price-prediction-for-today-april-20-fil-technical-analysis","PAGE_TITLE","True","64f85e7eddc0a395ceb8d749b619546d07432a20f65b209d64675a25908f1cdf","True","False","","True","price","0","","True","True"
"FIL","Filecoin","False","20250420233000-326","20250420233000","insidebitcoins.com","https://insidebitcoins.com/sponsored/6-best-altcoins-to-watch-today-april-20-starknet-filecoin-gala-worldcoin","PAGE_TITLE","True","386bbc56f5be7325e417a22fb0321d4651a6693a4dc39127647b586c9ab26c12","False","True","altcoins","False","","0","","True","True"
"FIL","Filecoin","False","20250428160000-1944","20250428160000","biztoc.com","https://biztoc.com/x/0ba6c9950fe3b7e9","PAGE_TITLE","True","d5d63ae9888def273ab5b314055b6264cf79b6b873e2c4b20832019f627b4476","False","False","","False","","0","","False","False"
"FIL","Filecoin","False","20250430000000-456","20250430000000","insidebitcoins.com","https://insidebitcoins.com/sponsored/next-cryptocurrency-to-explode-floki-inu-filecoin-notcoin","PAGE_TITLE","True","c255e4dd7b55ad5fcaae99f731345f28ea2446742162151dc93b68224fdfb6e9","False","True","cryptocurrency","False","","0","","True","True"
"FIL","Filecoin","False","20250502193000-832","20250502193000","theportugalnews.com","https://www.theportugalnews.com/news/2025-05-02/dragoin-gamers-lock-in-6750-while-doge-and-filecoin-holders-are-still-waiting-whos-winning-now/97362","PAGE_TITLE","True","f4165d9a60e64463559b54ca183e70c8ae93d6049f29c50f59d5a08c3b563616","False","False","","False","","1","XXDG","False","True"
"ICP","Internet Computer","False","20250401220000-1727","20250401220000","coindesk.com","https://www.coindesk.com/markets/2025/04/01/coreweave-rises-20-amid-openai-s-record-breaking-funding-round","ALLNAMES","True","a9b4978c0dfdfd3dc630d4a63e57620bc9020d0d25d223d449fdea02f80b3b88","True","False","","True","tokens","0","","True","True"
"ICP","Internet Computer","False","20250404141500-1568","20250404141500","coinspeaker.com","https://www.coinspeaker.com/filecoin-price-skyrockets-amid-upbit-listing-announcement-whats-next-for-fil/","ALLNAMES","True","710a6aad57f8e7f3249acb8ff07a7790431301f51272e0a449bb40dacdd1e62c","True","False","","True","price","1","FIL","True","True"
"ICP","Internet Computer","False","20250407133000-673","20250407133000","modernreaders.com","https://www.modernreaders.com/news/2025/04/07/internet-computer-price-hits-4-51-on-top-exchanges-icp.html","ALLNAMES|PAGE_TITLE","True","c2a648d1159ebce2e623974d5b4c5aed18972b236d4f2f33cc71f591b2340233","True","False","","True","exchanges|price","0","","True","True"
"ICP","Internet Computer","False","20250407194500-1644","20250407194500","insidebitcoins.com","https://insidebitcoins.com/sponsored/5-best-cheap-crypto-to-buy-now-under-1-dollar-april-7-eos-aergo-internet-computer","ALLNAMES|PAGE_TITLE","True","32246f5e838dde544ce5be5b861a36ec3e991e2ab3af81660220d28894660778","False","True","crypto","False","","1","EOS","True","True"
"ICP","Internet Computer","False","20250408134500-222","20250408134500","coinspeaker.com","https://www.coinspeaker.com/rumors-burned-stocks-nvidia-survived-ai-tokens-rally/","ALLNAMES","True","5717b89899b6b3245ea638acb0025d460c9231d68aa3902f4945ba6f9a510bd9","True","False","","True","tokens","0","","True","True"
"ICP","Internet Computer","False","20250410141500-1960","20250410141500","coindesk.com","https://www.coindesk.com/daybook-us/2025/04/10/crypto-daybook-americas-memecoins-ai-defi-lead-the-rebound-as-tariff-concerns-ease","ALLNAMES","True","e9e4dc3606e04f9b0aaa3420f72227d022b3b3782141019f49b7d1a736dfa34e","True","True","crypto|defi|memecoins","False","","0","","True","True"
"ICP","Internet Computer","False","20250411180000-1112","20250411180000","insidebitcoins.com","https://insidebitcoins.com/sponsored/best-ai-crypto-coins-to-buy-now-april-artificial-intelligence-watch","ALLNAMES","True","c2b7acecc1d34406632e1f401c1dcf9a908212bc146b34383266c732dfde3ed5","False","True","crypto","True","coins","0","","True","True"
"ICP","Internet Computer","False","20250412173000-400","20250412173000","insidebitcoins.com","https://insidebitcoins.com/sponsored/next-cryptocurrency-to-explode-12-april-babylon-internet-computer-chintai","ALLNAMES|PAGE_TITLE","True","72d22f6742c926e24bd6a76a79afa371f524ba8e78423b6c2cb631b0179d4ca1","True","True","cryptocurrency","False","","0","","True","True"
"ICP","Internet Computer","False","20250415134500-213","20250415134500","dailypolitical.com","https://www.dailypolitical.com/2025/04/15/internet-computer-price-reaches-4-90-on-top-exchanges-icp.html","ALLNAMES|PAGE_TITLE","True","84219dae016145bd4a736b2dc4856e3353dcc2c31c60a118d4fb9eab85e9c56d","False","False","","True","exchanges|price","0","","False","True"
"ICP","Internet Computer","False","20250416030000-473","20250416030000","manilatimes.net","https://www.manilatimes.net/2025/04/16/tmt-newswire/pr-newswire/icp-hub-singapore-energized-for-dfinitys-world-computer-summit-2025-in-zurich-a-global-celebration-of-decentralized-innovation/2093206","ALLNAMES","True","5c962c53cedd2a1bc6ca2ec70d8ed972917f6716066eec81ff0672d3e8ef7e33","False","False","","False","","0","","False","False"
"ICP","Internet Computer","False","20250416034500-245","20250416034500","prnewswire.com","https://www.prnewswire.com/news-releases/icp-hub-singapore-energized-for-dfinitys-world-computer-summit-2025-in-zurich-a-global-celebration-of-decentralized-innovation-302429742.html","ALLNAMES","True","5c962c53cedd2a1bc6ca2ec70d8ed972917f6716066eec81ff0672d3e8ef7e33","False","False","","False","","0","","False","False"
"ICP","Internet Computer","False","20250416034500-825","20250416034500","finanznachrichten.de","https://www.finanznachrichten.de/nachrichten-2025-04/65129668-icp-hub-singapore-energized-for-dfinity-s-world-computer-summit-2025-in-zurich-a-global-celebration-of-decentralized-innovation-008.htm","ALLNAMES","True","5c962c53cedd2a1bc6ca2ec70d8ed972917f6716066eec81ff0672d3e8ef7e33","False","False","","False","","0","","False","False"
"INJ","Injective","False","20250407173000-134","20250407173000","themarketsdaily.com","https://www.themarketsdaily.com/2025/04/07/injective-protocol-inj-reaches-24-hour-trading-volume-of-169-17-million.html","PAGE_TITLE","True","6a6bcc7adcc0ce189f51e3c622029a138001546866be80748c208ddd13644253","True","False","","True","protocol|trading volume","0","","True","True"
"INJ","Injective","False","20250410000000-1312","20250410000000","insidebitcoins.com","https://insidebitcoins.com/sponsored/best-crypto-to-invest-in-right-now-april-9-injective-flow-the-sandbox","PAGE_TITLE","True","11aff945ee5ad4a40d90ff46c5648cef3426ab109729638fefb5f19ed967d07f","False","True","crypto","False","","0","","True","True"
"INJ","Injective","False","20250411171500-1027","20250411171500","theenterpriseleader.com","https://theenterpriseleader.com/2025/04/11/injective-protocol-price-reaches-8-19-on-exchanges-inj.html","PAGE_TITLE","True","a86e58735f1c43d182f835f030837c6657409a408e6d5274d21b502cd2f881cb","True","False","","True","exchanges|price|protocol","0","","True","True"
"INJ","Injective","False","20250425120000-182","20250425120000","insidebitcoins.com","https://insidebitcoins.com/sponsored/top-crypto-gainers-today-apr-25-injective-walrus-pyth-network-bounce-token","PAGE_TITLE","True","9b984dbdbb35ee5167862b1a130a0f2fc207bbc886b2d085dc241c871b5f8f4b","True","True","crypto","True","token","0","","True","True"
"INJ","Injective","False","20250505193000-1131","20250505193000","tickerreport.com","https://www.tickerreport.com/banking-finance/12946163/injective-protocol-inj-trading-4-5-lower-over-last-7-days.html","PAGE_TITLE","True","7a2106bcdffa45241d511f8a12dd9d6b6270c455a24816ea38757d973339f47d","True","False","","True","protocol","0","","True","True"
"INJ","Injective","False","20250511164500-446","20250511164500","insidebitcoins.com","https://insidebitcoins.com/sponsored/top-crypto-gainers-today-may-11-thorchain-pinlink-injective-uxlink","PAGE_TITLE","True","ba7da29399a185754a854e11da030a5fa5aca3a673e089d97166ba5f576975ff","True","True","crypto","False","","0","","True","True"
"INJ","Injective","False","20250518154500-90","20250518154500","insidebitcoins.com","https://insidebitcoins.com/sponsored/6-best-altcoins-to-invest-in-today-may-18-starknet-eigenlayer-jupiter-injective","PAGE_TITLE","True","2f95e5239f3b0d1468854d5ec54f492bedd341b7119284e10b704af27bee708a","False","True","altcoins","False","","0","","True","True"
"INJ","Injective","False","20250523154500-186","20250523154500","insidebitcoins.com","https://insidebitcoins.com/news/top-crypto-gainers-today-may-23-optimism-injective-clearpool-acet","PAGE_TITLE","True","3b2ac6f7ede24130f2ffebfc97ad8d2522d6e1abf28a70a927bda8109b244988","False","True","crypto","False","","1","OP","True","True"
"INJ","Injective","False","20250604123000-1248","20250604123000","insidebitcoins.com","https://insidebitcoins.com/sponsored/top-crypto-gainers-today-jun-4-aave-trust-wallet-token-injective-chainlink","PAGE_TITLE","True","ef1cc709f17007086be84746c02b4e5fa357c608e182b88702a01c0ee9e63005","False","True","crypto|wallet","True","token","2","AAVE|LINK","True","True"
"INJ","Injective","False","20250609201500-1007","20250609201500","coingape.com","https://coingape.com/canary-capital-registers-staked-injective-etf-in-delaware/","PAGE_TITLE","True","af43606d264bfff5f252e618edc871c262b4da01cdf836eaa2b5e0ad33d26bc7","True","False","","True","etf","0","","True","True"
"INJ","Injective","False","20250610184500-565","20250610184500","themarketsdaily.com","https://www.themarketsdaily.com/2025/06/10/injective-protocol-inj-reaches-1-day-volume-of-122-36-million.html","PAGE_TITLE","True","1ff0d7b63ebdce9cec13546a4f0303041b44eecbcb92a8d0d292ef6d2c61be14","True","False","","True","protocol","0","","True","True"
"LINK","Chainlink","False","20250402001500-592","20250402001500","insidebitcoins.com","https://insidebitcoins.com/sponsored/best-crypto-to-buy-right-now-april-1-aave-avalanche-chainlink","PAGE_TITLE","True","ca1b0b713e970fe71a6862e9b7cf44594c2efe604a0b56cf06dbdcb33abbd08f","True","True","crypto","False","","2","AAVE|AVAX","True","True"
"LINK","Chainlink","False","20250402064500-1011","20250402064500","invezz.com","https://invezz.com/news/2025/04/02/chainlink-price-prediction-giant-megaphone-pattern-forms/","PAGE_TITLE","True","0f10a3fd9b71330b3c30d3e8b5a10b395bf5b72a7bc842b81a92537b7a136b9a","False","False","","True","price","0","","False","True"
"LINK","Chainlink","False","20250402150000-1617","20250402150000","insidebitcoins.com","https://insidebitcoins.com/sponsored/chainlink-price-prediction-for-today-april-2-link-technical-analysis","PAGE_TITLE","True","f3441c4f19df6e70e294eff8ade164aa97a5016c54a08863a0110580474fc832","False","False","","True","price","0","","False","True"
"LINK","Chainlink","False","20250402191500-1704","20250402191500","banklesstimes.com","https://www.banklesstimes.com/articles/2025/04/02/chainlink-vrf-and-functions-live-on-soneium/","PAGE_TITLE","True","5ab8a840217116e7db6f764816d3fb0d8f2e4467ae090ae6df8006181dfb454c","False","False","","False","","0","","False","False"
"LINK","Chainlink","False","20250403014500-466","20250403014500","newsbtc.com","https://www.newsbtc.com/chainlink-news/chainlink-consolidates-in-triangle-pattern-is-a-35-breakout-imminent/","PAGE_TITLE","True","a62d89aefa6616da04bd78c16befe549feaaf859882a1569308482233fed9e43","False","False","","False","","0","","False","False"
"LINK","Chainlink","False","20250403103000-1432","20250403103000","biztoc.com","https://biztoc.com/x/2a8969cc7035d359","PAGE_TITLE","True","c860f139b6939916d2c23d36dec1f443b588ee2fb4bc3e2b56fac3cb347b2a5a","False","False","","False","","1","SOL","False","True"
"LINK","Chainlink","False","20250403144500-371","20250403144500","coinspeaker.com","https://www.coinspeaker.com/paypal-activates-support-for-solana-chainlink/","PAGE_TITLE","True","2069a3ef4ce8219fa82d9bd78b525b348cad016e13ea243f8293f3b5a58dff7f","False","False","","True","price","1","SOL","True","True"
"LINK","Chainlink","False","20250403150000-1606","20250403150000","insidebitcoins.com","https://insidebitcoins.com/sponsored/chainlink-price-prediction-link-slips-4-as-paypal-adds-solana-and-chainlink-to-digital-assets-lineup-while-this-best-crypto-wallet-ico-raises-11-5m","PAGE_TITLE","True","778da0bf8e98623fa6f530e6881ed55713134498da3894b6b889177ece6e3aa5","True","True","crypto|wallet","True","price","0","","True","True"
"LINK","Chainlink","False","20250404103000-58","20250404103000","fool.com","https://www.fool.com/investing/2025/04/04/should-you-buy-the-dip-in-chainlink-right-now/?source=iedfolrf0000001","PAGE_TITLE","True","c62558856ba147e02d1f6486d9d404f5ce40bdb154b1e73d76029c906214c159","True","False","","False","","0","","True","True"
"LINK","Chainlink","False","20250404111500-1611","20250404111500","fool.com","https://www.fool.com/investing/2025/04/04/should-you-buy-the-dip-in-chainlink-right-now/","PAGE_TITLE","True","c62558856ba147e02d1f6486d9d404f5ce40bdb154b1e73d76029c906214c159","True","False","","False","","0","","True","True"
"LINK","Chainlink","False","20250404134500-64","20250404134500","marketscreener.com","https://www.marketscreener.com/quote/stock/PAYPAL-HOLDINGS-INC-23377703/news/PayPal-Expands-Cryptocurrency-Offerings-with-New-Tokens-Chainlink-and-Solana-Now-Available-49534780/","PAGE_TITLE","True","adcd05c5e7cf23d4286209100204bbbf873f0739605aa79c96fc7c53b1e38d3b","False","True","cryptocurrency","True","tokens","1","SOL","True","True"
"LINK","Chainlink","False","20250404174500-1031","20250404174500","newsbtc.com","https://www.newsbtc.com/news/chainlink/chainlink-whales-dump-over-170-million-link-in-three-weeks-selling-pressure-ahead/","PAGE_TITLE","True","f924e73b973a54387ae8e7bc4968a61a5e0cd8bbd3ccb1b869e071241fa0bdf8","False","False","","False","","0","","False","False"
"NEAR","Near Protocol","False","20250401220000-1727","20250401220000","coindesk.com","https://www.coindesk.com/markets/2025/04/01/coreweave-rises-20-amid-openai-s-record-breaking-funding-round","ALLNAMES","True","a9b4978c0dfdfd3dc630d4a63e57620bc9020d0d25d223d449fdea02f80b3b88","True","False","","True","tokens","0","","True","True"
"NEAR","Near Protocol","False","20250402233000-101","20250402233000","insidermonkey.com","https://www.insidermonkey.com/blog/nu-holdings-ltd-nu-among-the-best-foreign-stocks-to-buy-according-to-billionaires-1498565/","ALLNAMES","True","f4cdc09a066323d7ce825ffa5bfffce9a5aa0c276e7423f06d19cddb7e7fc9c3","True","False","","False","","0","","True","True"
"NEAR","Near Protocol","False","20250403124500-1010","20250403124500","fool.com","https://www.fool.com/investing/2025/04/03/prediction-polkadot-will-soar-in-the-next-5-years/?source=iedfolrf0000001","ALLNAMES","True","b4aa0afdfc51865685b809540ea43ed732f8ad62cbe7bade33a5015eca7c32d3","False","False","","False","","1","DOT","False","True"
"NEAR","Near Protocol","False","20250404090000-1137","20250404090000","yahoo.com","https://finance.yahoo.com/news/nu-holdings-ltd-nu-among-212700808.html","ALLNAMES","True","f4cdc09a066323d7ce825ffa5bfffce9a5aa0c276e7423f06d19cddb7e7fc9c3","True","False","","False","","0","","True","True"
"NEAR","Near Protocol","False","20250405220000-785","20250405220000","invezz.com","https://invezz.com/news/2025/04/05/top-crypto-price-predictions-hedera-near-protocol-cardano/","ALLNAMES|PAGE_TITLE","True","6c5af1c071a325fb8f8ab00e4ecb4148b5eb477ffba4bac0d34ed584e6045f21","True","True","crypto","True","price|protocol","1","ADA","True","True"
"NEAR","Near Protocol","False","20250407173000-1590","20250407173000","themarketsdaily.com","https://www.themarketsdaily.com/2025/04/07/near-protocol-price-reaches-2-07-on-top-exchanges-near.html","PAGE_TITLE","True","334bb2f54fdd1c01dfd29ff5a88c6f566a0c9018c44874f730ac9a8bb63a3d60","True","False","","True","exchanges|price|protocol","0","","True","True"
"NEAR","Near Protocol","False","20250409050000-454","20250409050000","banklesstimes.com","https://www.banklesstimes.com/articles/2025/04/09/its-a-game-of-chicken-eos-near-sonic-shib-plunge-as-vix-index-surges/","ALLNAMES","True","2924fa90c80d76de52f83ddaf729f9e9c2435bef4ad45221f7539d5efd9a4893","False","False","","False","","1","EOS","False","True"
"NEAR","Near Protocol","False","20250411171500-510","20250411171500","theenterpriseleader.com","https://theenterpriseleader.com/2025/04/11/near-protocol-near-price-down-14-7-over-last-7-days.html","PAGE_TITLE","True","410d7b59aded4bff7b493e2f7a3cad7c9c200e0c9c94463081c88d16d1ddd4ec","True","False","","True","price|protocol","0","","True","True"
"NEAR","Near Protocol","False","20250412203000-206","20250412203000","invezz.com","https://invezz.com/news/2025/04/12/top-cryptocurrencies-to-watch-sonic-xrp-cardano-solana/","ALLNAMES","True","3cdaa18cc95b3008c7f304634d839ebe94e2de447659e6ae4ca0f56e0d6746bf","True","True","cryptocurrencies","False","","2","ADA|SOL","True","True"
"NEAR","Near Protocol","False","20250414233000-1499","20250414233000","fxstreet.com","https://www.fxstreet.com/cryptocurrencies/news/crypto-ai-tokens-to-watch-after-nvidias-and-openais-latest-moves-rndr-icp-and-sei-price-analysis-202504141929","ALLNAMES","True","f2310c0504fce1c008ac752d4e0ed565f8a2effcb9171bec7c1ccade66724210","False","True","crypto","True","price|tokens","0","","True","True"
"NEAR","Near Protocol","False","20250418190000-1562","20250418190000","insidebitcoins.com","https://insidebitcoins.com/sponsored/best-crypto-to-buy-now-april-18-flow-movement-near-protocol","PAGE_TITLE","True","f146c613ac41cd757914249ded98e8dd516a86ffabe11d2785227ae6155977ce","False","True","crypto","True","protocol","0","","True","True"
"NEAR","Near Protocol","False","20250423073000-782","20250423073000","coindesk.com","https://www.coindesk.com/markets/2025/04/23/bitcoin-ether-dogecoin-surge-spurs-usd500m-in-short-liquidations","ALLNAMES","True","9485a749d13da12a237e37a0e1e68ab8be55ed943a37c32acb056c0a0a29f473","True","False","","False","","2","XXBT|XXDG","True","True"
"OP","Optimism","True","20250401000000-557","20250401000000","marketscreener.com","https://www.marketscreener.com/quote/currency/US-DOLLAR-RUSSIAN-ROUBLE--2370597/news/Russian-and-US-steps-to-normalise-ties-bring-optimism-China-s-foreign-minister-says-49489797/","PAGE_TITLE","False","3b0f81a03e74721c2264e1e4342c5893da06084cdcebb2a3557a5c46bbaf8b97","False","False","","False","","0","","False","False"
"OP","Optimism","True","20250401000000-579","20250401000000","yahoo.com","https://www.yahoo.com/news/russian-us-steps-normalise-ties-233652973.html","PAGE_TITLE","False","3b0f81a03e74721c2264e1e4342c5893da06084cdcebb2a3557a5c46bbaf8b97","False","False","","False","","0","","False","False"
"OP","Optimism","True","20250401001500-43","20250401001500","hindustantimes.com","https://www.hindustantimes.com/world-news/us-news/russian-and-us-steps-to-normalise-ties-bring-optimism-china-s-foreign-minister-says-101743464265538.html","PAGE_TITLE","False","3b0f81a03e74721c2264e1e4342c5893da06084cdcebb2a3557a5c46bbaf8b97","False","False","","False","","0","","False","False"
"OP","Optimism","True","20250401003000-1017","20250401003000","wcbm.com","https://wcbm.com/national-headline/russian-and-us-steps-to-normalise-ties-bring-optimism-chinas-foreign-minister-says/","PAGE_TITLE","False","3b0f81a03e74721c2264e1e4342c5893da06084cdcebb2a3557a5c46bbaf8b97","False","False","","False","","0","","False","False"
"OP","Optimism","True","20250401010000-576","20250401010000","marketscreener.com","https://www.marketscreener.com/news/latest/Japanese-Manufacturers-Optimism-Fades-as-U-S-Tariff-Fears-Grow-49489993/","PAGE_TITLE","False","379f4cd47606593d73cdfe41947cfeb37d9b7e920881a54c6be72241947dc5ee","False","False","","False","","0","","False","False"
"OP","Optimism","True","20250401020000-1221","20250401020000","arabnews.com","https://www.arabnews.com/node/2595519/world","PAGE_TITLE","False","dd435edb7aa091faab42ad6cf3d41a98dd01004ccdde5d5efb1b83c4e3fd90d2","False","False","","False","","0","","False","False"
"OP","Optimism","True","20250401030000-320","20250401030000","koreatimes.co.kr","https://www.koreatimes.co.kr:443/www/biz/2025/04/175_395337.html","PAGE_TITLE","False","2be756d56c72253a6851224a22359a03070ff05f6a5ffd67700db2a942a33dab","False","False","","False","","0","","False","False"
"OP","Optimism","True","20250401030000-603","20250401030000","straitstimes.com","https://www.straitstimes.com/world/europe/russian-and-us-steps-to-normalise-ties-bring-optimism-chinas-foreign-minister-says","PAGE_TITLE","False","3b0f81a03e74721c2264e1e4342c5893da06084cdcebb2a3557a5c46bbaf8b97","False","False","","False","","0","","False","False"
"OP","Optimism","True","20250401033000-81","20250401033000","firstpost.com","https://www.firstpost.com/world/china-hails-russia-us-diplomatic-shift-as-inspiring-optimism-13876153.html","PAGE_TITLE","False","e21a5a1efa27ddf24db70cfc84737b4e494a48aef9a44892969fbef44e23e990","False","False","","False","","0","","False","False"
"OP","Optimism","True","20250401034500-1005","20250401034500","bdnews24.com","https://bdnews24.com/world/d863f9891e52","PAGE_TITLE","False","0cd8d801a3dc263d5bad7b48fd7616fcfc4641dddd84b9607aca7e687a6ba512","False","False","","False","","0","","False","False"
"OP","Optimism","True","20250401034500-1022","20250401034500","thehindu.com","https://www.thehindu.com/news/international/russian-us-steps-to-normalise-ties-bring-optimism-chinas-foreign-minister-says/article69398807.ece","PAGE_TITLE","False","dfb2ea45bf96992060596e70c69dd5f8c2b85c195b9c49b6a389ea7233b92e89","False","False","","False","","0","","False","False"
"OP","Optimism","True","20250401064500-998","20250401064500","marketscreener.com","https://www.marketscreener.com/news/latest/Canadian-Optimism-Hits-New-Low-Gallup-Poll-Says-49491828/","PAGE_TITLE","False","a9e9c032be56ba9099b2d450866b318527a6b5432bf144543a4b7894cfd61c5e","False","False","","False","","0","","False","False"
"PEPE","Pepe","True","20250401041500-244","20250401041500","benzinga.com","https://www.benzinga.com/25/03/44577286/pepe-outgains-dogecoin-shiba-inu-with-4-rally-but-contradicting-signals-emerge-regarding-next-moves","PAGE_TITLE","True","9a3c9755b783a4758d3032ed3248b94312594a4251c3cce73cf9744fe8d83540","True","False","","False","","2","SHIB|XXDG","True","True"
"PEPE","Pepe","True","20250401044500-708","20250401044500","biztoc.com","https://biztoc.com/x/24b03e2beaaccea8","PAGE_TITLE","True","9a3c9755b783a4758d3032ed3248b94312594a4251c3cce73cf9744fe8d83540","True","False","","False","","2","SHIB|XXDG","True","True"
"PEPE","Pepe","True","20250401074500-277","20250401074500","dailyvoice.com","https://dailyvoice.com/connecticut/greenwich/iconic-frank-pepes-pizzeria-announces-fresh-vibrant-spring-special-heres-whats-on-it/","PAGE_TITLE","False","b6c959f43d964b46bdbf69e94d8ff9f4ca602dfa644250981e25f91779d1c2fb","False","False","","False","","0","","False","False"
"PEPE","Pepe","True","20250401084500-142","20250401084500","fxstreet.com","https://www.fxstreet.com/cryptocurrencies/news/pepe-price-forecast-pepe-could-rally-to-double-digits-if-it-breaks-above-its-key-resistance-level-202504010411","PAGE_TITLE","False","00966a2477506afcc6559d410638e5e505e376499c9a9b9d0071721a5be3cfb8","False","False","","True","price","0","","False","True"
"PEPE","Pepe","True","20250401094500-1231","20250401094500","insidebitcoins.com","https://insidebitcoins.com/sponsored/pepe-price-prediction-pepe-pumps-6-but-experts-say-consider-this-ai-derivative-for-10x-gains","PAGE_TITLE","False","67642ebc35318a2c7c829a1a988be7b91fd0f08deb68f4c4254a12d33772d3d1","False","False","","True","price","0","","False","True"
"PEPE","Pepe","True","20250401094500-1428","20250401094500","banklesstimes.com","https://www.banklesstimes.com/articles/2025/04/01/top-3-reasons-why-pepe-coin-price-may-soar-140-in-april/","PAGE_TITLE","True","e4cdd40c11e32a0570ab8398c9d81be13e8b2cc44bd252d8e0743d63b4db4fa1","True","False","","True","coin|price","0","","True","True"
"PEPE","Pepe","True","20250401160000-432","20250401160000","theportugalnews.com","https://www.theportugalnews.com/news/2025-04-01/whales-seek-rwa-cryptocurrencies-as-dogecoin-pepe-coin-drop-further-72-coldware-ranks-top-choice/96600","PAGE_TITLE","True","0af50c14872a847a1a4b872e661fc62eece5407622b3a2202fe92ccdd3007438","False","True","cryptocurrencies","True","coin","1","XXDG","True","True"
"PEPE","Pepe","True","20250402103000-868","20250402103000","theglobeandmail.com","https://www.theglobeandmail.com/life/article-this-recipe-for-creamy-cheesy-cacio-e-pepe-uses-science-for-a-perfect/","PAGE_TITLE","False","ed42e823588d1dded2b16a2fac55d7881f2a26033fa9b64d65ac76ebe317f723","False","False","","False","","0","","False","False"
"PEPE","Pepe","True","20250402194500-1175","20250402194500","biztoc.com","https://biztoc.com/x/4b7bce40c9b3708d","PAGE_TITLE","True","1a036e74a8a19ecddee65ce5e94ed2582df4bb9518c9fa21c6ffb83806fbca56","True","False","","True","coin","0","","True","True"
"PEPE","Pepe","True","20250402220000-507","20250402220000","bravenewcoin.com","https://bravenewcoin.com/insights/pepe-coin-pepe-price-prediction-pepe-jumps-7-as-whale-accumulation-and-bullish-patterns-fuel-rally-hopes","PAGE_TITLE","True","bca238a5df04a38417d1a2690d00ec39a88bce9fe85e3bbdcddb25d84d3dcf1e","False","False","","True","coin|price","0","","False","True"
"PEPE","Pepe","True","20250403051500-888","20250403051500","insidebitcoins.com","https://insidebitcoins.com/sponsored/pepe-price-prediction-pepe-plummets-16-in-a-week-as-investors-flock-to-this-ai-meme-coin-with-100x-potential","PAGE_TITLE","True","373c4636597c635fc957264f01f06733e0dc3f2485d052385c8f181307a709ac","False","True","crypto","True","price","0","","True","True"
"PEPE","Pepe","True","20250403061500-851","20250403061500","ipswichstar.co.uk","https://www.ipswichstar.co.uk/news/25057914.pepes-piri-piri-work-dogs-head-street-ipswich-begins/","PAGE_TITLE","False","f9f9c0b7af16e2e0c091fcf8dfafb953bae9ecf04fd4d5d88db41c5c805d801f","False","False","","False","","0","","False","False"
"POL","Polygon","True","20250401144500-75","20250401144500","insidebitcoins.com","https://insidebitcoins.com/sponsored/most-trending-cryptocurrencies-on-polygon-okcash-chain-games-artmeta","PAGE_TITLE","False","21deded68447f588486e5ecc9a302a417c3aeea64f951b3ab7ee5507924f031b","False","True","cryptocurrencies","True","chain","0","","True","True"
"POL","Polygon","True","20250402071500-1418","20250402071500","ibtimes.com","https://www.ibtimes.com/experts-take-beginning-end-cryptos-aol-era-polygon-labs-3768503","PAGE_TITLE","True","5a8bf118c134d79e2feff198f5e5a2e6bed03d41c1eb7ce17817d84f72a7aac0","True","True","crypto","False","","0","","True","True"
"POL","Polygon","True","20250402093000-333","20250402093000","banklesstimes.com","https://www.banklesstimes.com/articles/2025/04/02/polygon-price-forms-bullish-patterns-as-courtyard-nft-sales-jump/","PAGE_TITLE","True","e1310451f5e52fd72599437dfe63fb349d90c077d1601745f3aade1e1fe54580","False","True","nft","True","price","0","","True","True"
"POL","Polygon","True","20250402123000-220","20250402123000","metro.co.uk","https://metro.co.uk/2025/04/02/inside-polygon-live-uks-newest-immersive-festival-win-tickets-22836227/","PAGE_TITLE","False","b72775f93ce4a9264df53c2c2868dd9139e73ace026d1479b1994c1f8f9dac3d","False","False","","False","","0","","False","False"
"POL","Polygon","True","20250402163000-1500","20250402163000","fxstreet.com","https://www.fxstreet.com/cryptocurrencies/news/maker-gala-and-polygon-lead-100k-whale-transactions-can-altcoins-defy-looming-macro-uncertainty-202504021017","PAGE_TITLE","False","1c734ef402599d1cc53ad9208a56ce5e995964a72254b3fe6f97b1b823b7c921","True","True","altcoins","False","","0","","True","True"
"POL","Polygon","True","20250408163000-1318","20250408163000","biztoc.com","https://biztoc.com/x/d6a9d8af3ac20e10","PAGE_TITLE","True","e39e9c2ef6a356751aaf3bf2e1b9232fc62aab9cafa077a9f2cea1e1c720a773","False","True","nft","False","","0","","True","True"
"POL","Polygon","True","20250408174500-1042","20250408174500","biztoc.com","https://biztoc.com/x/cba59b6163877df3","PAGE_TITLE","True","f053f86e29355809e5ea6940ea19f022372bca08bdabfe3c71903a5308f9d765","False","True","defi","False","","0","","True","True"
"POL","Polygon","True","20250409091500-384","20250409091500","insidebitcoins.com","https://insidebitcoins.com/sponsored/most-trending-cryptocurrencies-on-polygon-fuse-token-insure-million","PAGE_TITLE","True","3ebe584088a762335795ff06be88d1c86ea69f746ac855e9dd2b855fffc70535","True","True","cryptocurrencies","True","token","0","","True","True"
"POL","Polygon","True","20250411110000-200","20250411110000","animenewsnetwork.com","https://www.animenewsnetwork.com/news/2025-04-11/crunchyroll-streams-polygon-pictures-original-anime-film-bloody-escape-bats-out-of-hell/.223433","PAGE_TITLE","False","77c6db7fbdaa3767b442a0f855b441bd43322cdd3c594af140f6c22fbaf9bff3","False","False","","False","","0","","False","False"
"POL","Polygon","True","20250411110000-616","20250411110000","animenewsnetwork.com","https://www.animenewsnetwork.com/bbs/phpBB2/viewtopic.php?t=3209362","PAGE_TITLE","False","24c3495d87c36e7c79037a5a7bd42779f606fd5a9bbafa6e7f559e740ec3d774","False","False","","False","","0","","False","False"
"POL","Polygon","True","20250412131500-327","20250412131500","insidebitcoins.com","https://insidebitcoins.com/news/polygon-surpasses-ethereum-in-daily-nft-sales-volume","PAGE_TITLE","True","e0702893820e931fea557e1d62e80c796e0de0560518337c614965c430280dc7","False","True","nft","False","","1","XETH","True","True"
"POL","Polygon","True","20250413230000-320","20250413230000","modernreaders.com","https://www.modernreaders.com/news/2025/04/13/polygon-matic-24-hour-trading-volume-tops-548825-08.html","PAGE_TITLE","False","383cc35819a2d1e3c80de2d9f7677748b3e221a11a2c48b76d102e6aa1389794","True","False","","True","trading volume","0","","True","True"
"RENDER","Render Network","False","20250401144500-1456","20250401144500","insidebitcoins.com","https://insidebitcoins.com/sponsored/5-best-altcoins-to-buy-now-april-1-render-compound-bonk-hyperliquid","ALLNAMES|V2ORGANIZATIONS","True","350aeab871a12d8d4f1ed94691498133ddf10c6f12596503bf3217076fd8cfb8","True","True","altcoins","False","","1","BONK","True","True"
"RENDER","Render Network","False","20250402200000-1580","20250402200000","insidebitcoins.com","https://insidebitcoins.com/crypto/best-altcoins-to-buy","ALLNAMES|V2ORGANIZATIONS","True","d35bb263220757dd59d670d56e9a8d6f1c281fe55aca6e664ebccca47ec23a17","False","True","altcoins","False","","0","","True","True"
"RENDER","Render Network","False","20250403171500-1687","20250403171500","finsmes.com","https://www.finsmes.com/2025/04/render-network-to-host-rendercon-2025-exploring-the-future-of-hollywood-and-ai.html","ALLNAMES|PAGE_TITLE|V2ORGANIZATIONS","True","6ee5e576d884f17f135077ca5f1d6e7b66ff06307e160823a3f1aaffd4be9e17","False","False","","False","","0","","False","False"
"RENDER","Render Network","False","20250403173000-254","20250403173000","invezz.com","https://invezz.com/news/2025/04/03/render-network-to-host-rendercon-2025-exploring-the-future-of-hollywood-and-ai/","ALLNAMES|PAGE_TITLE|V2ORGANIZATIONS","True","6ee5e576d884f17f135077ca5f1d6e7b66ff06307e160823a3f1aaffd4be9e17","False","False","","False","","0","","False","False"
"RENDER","Render Network","False","20250403180000-1631","20250403180000","insidermonkey.com","https://www.insidermonkey.com/blog/render-network-to-host-rendercon-2025-exploring-the-future-of-hollywood-and-ai-1501047/","ALLNAMES|PAGE_TITLE|V2ORGANIZATIONS","True","6ee5e576d884f17f135077ca5f1d6e7b66ff06307e160823a3f1aaffd4be9e17","False","False","","False","","0","","False","False"
"RENDER","Render Network","False","20250403210000-754","20250403210000","financial-news.co.uk","https://www.financial-news.co.uk/render-network-to-host-rendercon-2025-exploring-the-future-of-hollywood-and-ai/","ALLNAMES|PAGE_TITLE|V2ORGANIZATIONS","True","6ee5e576d884f17f135077ca5f1d6e7b66ff06307e160823a3f1aaffd4be9e17","False","False","","False","","0","","False","False"
"RENDER","Render Network","False","20250407171500-1902","20250407171500","theenterpriseleader.com","https://theenterpriseleader.com/2025/04/07/render-token-rndr-hits-self-reported-market-cap-of-1-47-billion.html","V2ORGANIZATIONS","True","3cd91aacd8b3af8c71c90a4f4d8a3c2df81684df84e49ba8cd083ece92d60d67","True","False","","True","market cap|token","0","","True","True"
"RENDER","Render Network","False","20250409091500-441","20250409091500","insidebitcoins.com","https://insidebitcoins.com/sponsored/best-crypto-to-buy-right-now-april-8-render-telos-osmosis","ALLNAMES|V2ORGANIZATIONS","True","54c2b851ef16f9c52c115d18686e1a4db2edadfce3085e8a191beefb303756a0","True","True","crypto","False","","0","","True","True"
"RENDER","Render Network","False","20250411153000-613","20250411153000","invezz.com","https://invezz.com/news/2025/04/11/can-render-price-rise-above-4-ahead-of-the-rendercon-2025/","ALLNAMES|V2ORGANIZATIONS","True","b83d346fa6d0a5247632aff4028e72c6ad8433e8c39963aca31642dfc98c5614","False","False","","True","price","0","","False","True"
"RENDER","Render Network","False","20250414233000-1499","20250414233000","fxstreet.com","https://www.fxstreet.com/cryptocurrencies/news/crypto-ai-tokens-to-watch-after-nvidias-and-openais-latest-moves-rndr-icp-and-sei-price-analysis-202504141929","ALLNAMES|V2ORGANIZATIONS","True","f2310c0504fce1c008ac752d4e0ed565f8a2effcb9171bec7c1ccade66724210","False","True","crypto","True","price|tokens","0","","True","True"
"RENDER","Render Network","False","20250416220000-1605","20250416220000","yahoo.com","https://finance.yahoo.com/news/ai-crypto-tokens-nurse-losses-133641142.html","ALLNAMES|V2ORGANIZATIONS","True","209bcf79bdfc1b3a86e6b70fbb6251e763fa8ada68a7edffc414ab65a1415809","True","True","crypto","True","tokens","0","","True","True"
"RENDER","Render Network","False","20250417234500-517","20250417234500","insidebitcoins.com","https://insidebitcoins.com/sponsored/top-performing-ai-tokens-in-todays-market-subbd-vana-golem-render-network","ALLNAMES|PAGE_TITLE|V2ORGANIZATIONS","True","7b21f9900c27fef4c694391c3221e9d8ebb1e871c8a7af15f2850affb96398a1","False","False","","True","tokens","0","","False","True"
"SHIB","Shiba Inu","False","20250401041500-244","20250401041500","benzinga.com","https://www.benzinga.com/25/03/44577286/pepe-outgains-dogecoin-shiba-inu-with-4-rally-but-contradicting-signals-emerge-regarding-next-moves","PAGE_TITLE","True","9a3c9755b783a4758d3032ed3248b94312594a4251c3cce73cf9744fe8d83540","True","False","","False","","2","PEPE|XXDG","True","True"
"SHIB","Shiba Inu","False","20250401044500-708","20250401044500","biztoc.com","https://biztoc.com/x/24b03e2beaaccea8","ALLNAMES|PAGE_TITLE","True","9a3c9755b783a4758d3032ed3248b94312594a4251c3cce73cf9744fe8d83540","True","False","","False","","2","PEPE|XXDG","True","True"
"SHIB","Shiba Inu","False","20250401074500-465","20250401074500","biztoc.com","https://biztoc.com/x/177a23deb29a2d8f","ALLNAMES|PAGE_TITLE|V2PERSONS","True","8d6b23c035eb704c30559213cece80611a3c48700b61782e9a5588bfb2b2f716","False","False","","False","","0","","False","False"
"SHIB","Shiba Inu","False","20250401080000-913","20250401080000","indiatimes.com","https://economictimes.indiatimes.com/markets/cryptocurrency/crypto-news/crypto-price-today-bitcoin-holds-above-83k-altcoins-gain-up-to-6/articleshow/119851969.cms","ALLNAMES|V2PERSONS","True","6e423896ff2f8186e5e69e16d64bf58752c2400ab6e00825ea6782c162214421","True","True","altcoins|crypto","True","price","1","XXBT","True","True"
"SHIB","Shiba Inu","False","20250401094500-383","20250401094500","sina.com.hk","https://portal.sina.com.hk/finance/finance-prnewswire/prnasia/2025/04/01/1152350/k9-finance-dao-joins-google-for-startups-cloud-program/","ALLNAMES|V2PERSONS","True","c42c31104e0528ebb9070416f6819f52fdf2185c9ab48398dcee1cc18eab4488","False","False","","False","","0","","False","False"
"SHIB","Shiba Inu","False","20250401094500-789","20250401094500","banklesstimes.com","https://www.banklesstimes.com/articles/2025/04/01/will-shiba-inu-price-double-latest-shib-prediction-says-yes/","ALLNAMES|PAGE_TITLE|V2PERSONS","True","a8013fce853de0b8e0d0594ddaf4e95a5c1cdb074897c041458a12da0998bce9","False","False","","True","price","0","","False","True"
"SHIB","Shiba Inu","False","20250401104500-436","20250401104500","dailyforex.com","https://www.dailyforex.com/forex-technical-analysis/2025/04/doge-risks-drop-1-april-2025/226393","ALLNAMES","True","22e0fc097a07449699f2841dd4000bb24940865e3a293ccde3ded5d741837eb9","True","False","","True","price","1","XXDG","True","True"
"SHIB","Shiba Inu","False","20250401113000-1428","20250401113000","invezz.com","https://invezz.com/news/2025/04/01/top-blue-chip-crypto-tokens-to-buy-in-april-to-5x-your-money/","ALLNAMES|V2PERSONS","True","128a611698a77ad477d08bc6047f9daf81b3586ef4892ad60f9ad97fcbe0c8e8","False","True","crypto","True","tokens","0","","True","True"
"SHIB","Shiba Inu","False","20250401151500-347","20250401151500","coinspeaker.com","https://www.coinspeaker.com/shiba-inu-price-breakout-shibarium-crosses-1-billion-transaction/","ALLNAMES|PAGE_TITLE|V2PERSONS","True","813bdc9b767a2166930c244c69990491bdf9cf01bdcf24a9ed92bc9a5c0ecf5a","True","False","","True","price","0","","True","True"
"SHIB","Shiba Inu","False","20250401151500-590","20250401151500","benzinga.com","https://www.benzinga.com/markets/cryptocurrency/25/04/44587247/dogecoin-killer-shiba-inu-surges-5-what-is-going-on","ALLNAMES|PAGE_TITLE|V2PERSONS","True","41173f11a693d8fcebd651f1582f77b23d5ff84dab53ee97cfabe7b1190e704b","True","False","","False","","1","XXDG","True","True"
"SHIB","Shiba Inu","False","20250401160000-816","20250401160000","biztoc.com","https://biztoc.com/x/042690cab137f53d","ALLNAMES|PAGE_TITLE","True","41173f11a693d8fcebd651f1582f77b23d5ff84dab53ee97cfabe7b1190e704b","True","False","","False","","1","XXDG","True","True"
"SHIB","Shiba Inu","False","20250401160000-86","20250401160000","cyprus-mail.com","https://cyprus-mail.com/2025/04/01/ai-detects-3-tokens-under-2-ready-to-skyrocket-says-one-is-a-potential-cardano-ada-replacement","ALLNAMES|V2PERSONS","True","74f7c1e23bd9fc0eaa6964621fa31e6ee4c9bf76880e4f8d1b6ac671e15ecef8","True","False","","True","tokens","1","ADA","True","True"
"SOL","Solana","False","20250401044500-1045","20250401044500","insidebitcoins.com","https://insidebitcoins.com/sponsored/solana-price-prediction-sol-plunges-10-in-a-week-as-investors-flock-to-this-28-6m-layer-2-crypto-ico-with-100x-potential","PAGE_TITLE","True","6b584292f97f00d4ad145257a0c13d75b40c0d6a63152764b4ce27e778569ac1","False","True","crypto","True","price","0","","True","True"
"SOL","Solana","False","20250401053000-975","20250401053000","finanznachrichten.de","https://www.finanznachrichten.de/nachrichten-2025-04/64987564-kaj-labs-colle-ai-reaffirms-commitment-to-solana-with-continued-expansion-of-ai-tooling-and-liquidity-infrastructure-296.htm","PAGE_TITLE","True","8f709e1f595a5163d443a03fdb32356a9c9945ae23b1132252e00b5a9b3b5a2c","False","False","","False","","0","","False","False"
"SOL","Solana","False","20250401074500-521","20250401074500","coindesk.com","https://www.coindesk.com/markets/2025/04/01/ethereum-reclaims-no-1-spot-as-leading-dex-chain-for-first-since-september-overtakes-solana","PAGE_TITLE","True","3c0ceebd25b4447ad5c59545c9b04eec80c0c7d2fe2a327e5478a2a2aca68636","True","False","","True","chain","1","XETH","True","True"
"SOL","Solana","False","20250401084500-389","20250401084500","fxstreet.com","https://www.fxstreet.com/cryptocurrencies/news/solana-price-today-sol-price-gains-alongside-increase-in-volume-202504010751","PAGE_TITLE","True","b95a9c0ebf093b2c46fd18b6682df0862376ba98498ff49978278d06f791891f","True","False","","True","price","0","","True","True"
"SOL","Solana","False","20250401084500-728","20250401084500","fxstreet.com","https://www.fxstreet.com/cryptocurrencies/news/solana-policy-institute-launch-to-shape-policies-for-decentralized-networks-202504010805","PAGE_TITLE","True","a7b7ba22bb3f34272e916bbfa1e1be2b1e57fa63c1a3727274ea92205cb31065","False","False","","False","","0","","False","False"
"SOL","Solana","False","20250401090000-686","20250401090000","newsbtc.com","https://www.newsbtc.com/analysis/solana-sol-holds-steady-122/","PAGE_TITLE","True","94c34a2b8c3648067960c28ad12ecfa1fd69d60ae92e4acdbd1eef51c44286ef","True","False","","False","","0","","True","True"
"SOL","Solana","False","20250401094500-1212","20250401094500","insidebitcoins.com","https://insidebitcoins.com/sponsored/solana-and-solaxy-presale-shine-as-crypto-investment-inflows-rebound","PAGE_TITLE","True","0980c0030dbf50a8b16b6da11e14ebd67f15d8b980a05ec9cac73653799722a7","True","True","crypto","False","","0","","True","True"
"SOL","Solana","False","20250401121500-1587","20250401121500","itbusinessnet.com","https://itbusinessnet.com/2025/04/colle-ai-reaffirms-commitment-to-solana-with-continued-expansion-of-ai-tooling-and-liquidity-infrastructure/","PAGE_TITLE","True","ea1c222bda9b2238664cabef3b9b9927bdf0a5e18cd49541eb41efec0a8b5c38","False","False","","False","","0","","False","False"
"SOL","Solana","False","20250401133000-1656","20250401133000","punchng.com","https://punchng.com/dogecoin-solana-xrp-price-prediction-trio-set-for-a-violent-comeback-while-rexas-finance-rxs-remains-unshaken-by-volatility/","PAGE_TITLE","True","386ecdaf096b5a515fa5bc13d1aded186eea90be66e98c6a40d4e80e8fe11e45","True","False","","True","price","1","XXDG","True","True"
"SOL","Solana","False","20250401134500-1402","20250401134500","fxstreet.com","https://www.fxstreet.com/cryptocurrencies/news/cryptocurrencies-price-prediction-bitcoin-solana-crypto-european-wrap-1-april-202504011136","PAGE_TITLE","True","f74ee9479a273ec7d7aae18c74c5a2d34ecb9ebb1dfc41ada8e5f2828de75215","True","True","crypto|cryptocurrencies","True","price","1","XXBT","True","True"
"SOL","Solana","False","20250401144500-1409","20250401144500","banklesstimes.com","https://www.banklesstimes.com/articles/2025/04/01/solana-meme-coin-surges-122-after-musk-mentions-vine/","PAGE_TITLE","True","6fa8d10747400dba2db0df55181e686d14ae15f4cac7f9b3e10ed1104e942e3f","True","True","meme coin","True","coin","0","","True","True"
"SOL","Solana","False","20250401144500-835","20250401144500","banklesstimes.com","https://www.banklesstimes.com/articles/2025/04/01/buy-hold-or-sell-solana-price-prediction-for-april-2025/","PAGE_TITLE","True","a82e8bf8feef73177cde0599f7e7507cf94f964db1c6a58439302cdc92f1f064","True","False","","True","price","0","","True","True"
"SUI","Sui","True","20250401084500-969","20250401084500","giornaledibrescia.it","https://www.giornaledibrescia.it/italia-e-estero/von-der-leyen-lo-scontro-sui-dazi-e-un-errore-degli-usa-oauzrt3u","PAGE_TITLE","False","6a8ea41ecd098ed44868235214bb41b978dc81195679f7682ce7c4c41282438f","False","False","","False","","0","","False","False"
"SUI","Sui","True","20250401100000-151","20250401100000","tickerreport.com","https://www.tickerreport.com/banking-finance/12897713/dnb-asset-management-as-buys-1036-shares-of-sun-communities-inc-nysesui.html","PAGE_TITLE","False","bbea7421b94f9ad04db25d998ab09a11035cf5eaaaf1655d2e408e7a6d51937c","False","False","","False","","0","","False","False"
"SUI","Sui","True","20250401100000-177","20250401100000","dailypolitical.com","https://www.dailypolitical.com/2025/04/01/dnb-asset-management-as-acquires-1036-shares-of-sun-communities-inc-nysesui.html","PAGE_TITLE","False","0cde2180bdd6ca6ce657d720967ee94eb40740e4c0b027d1ec9600cb308ae82d","False","False","","False","","0","","False","False"
"SUI","Sui","True","20250401120000-463","20250401120000","insidermonkey.com","https://www.insidermonkey.com/blog/seed-opens-a-new-chapter-for-gamefi-narrative-after-hitting-top-1-nft-collection-on-sui-1499714/","PAGE_TITLE","True","5640c41a1cfb72e5c986fe5e6a3b90d90cdd7cd1c0f8c411592d7ad5c837e964","False","True","nft","False","","0","","True","True"
"SUI","Sui","True","20250401121500-604","20250401121500","finsmes.com","https://www.finsmes.com/2025/04/seed-opens-a-new-chapter-for-gamefi-narrative-after-hitting-top-1-nft-collection-on-sui.html","PAGE_TITLE","True","5640c41a1cfb72e5c986fe5e6a3b90d90cdd7cd1c0f8c411592d7ad5c837e964","False","True","nft","False","","0","","True","True"
"SUI","Sui","True","20250401121500-931","20250401121500","financial-news.co.uk","https://www.financial-news.co.uk/seed-opens-a-new-chapter-for-gamefi-narrative-after-hitting-top-1-nft-collection-on-sui/","PAGE_TITLE","True","5640c41a1cfb72e5c986fe5e6a3b90d90cdd7cd1c0f8c411592d7ad5c837e964","False","True","nft","False","","0","","True","True"
"SUI","Sui","True","20250402191500-1186","20250402191500","banklesstimes.com","https://www.banklesstimes.com/articles/2025/04/02/sui-holds-critical-support-dex-volume-jumps-9-to-70b/","PAGE_TITLE","False","b1f1973ebab0ff186fda8113b317f8e7b68c77e0c1420d374b6a4fdad08feccb","True","False","","False","","0","","True","True"
"SUI","Sui","True","20250403103000-121","20250403103000","dailypolitical.com","https://www.dailypolitical.com/2025/04/03/sun-communities-inc-nysesui-given-average-recommendation-of-hold-by-analysts-2.html","PAGE_TITLE","False","ab37e4bcdfffa864f93c8577578e58d26e9c3c05169d2e9fe3c7110777c051fd","False","False","","False","","0","","False","False"
"SUI","Sui","True","20250403180000-388","20250403180000","newsbtc.com","https://www.newsbtc.com/sui/sui-forms-inverse-head-and-shoulders-can-bulls-break-above-2-52/","PAGE_TITLE","False","4bc9a362d2d2afadbf051c614aa2378e269aec4d21848a9d8b89b9e3fa1dc97e","False","False","","False","","0","","False","False"
"SUI","Sui","True","20250403233000-589","20250403233000","ilcittadinoonline.it","https://www.ilcittadinoonline.it/finanza-e-mercati/borse-asiatiche-listini-sparsi-in-attesa-dellannuncio-sui-dazi-usa/","PAGE_TITLE","False","b87e96c5c307239fa05e2eac28ef3819a84dddde578e59fbe8c9fd1570840ecb","False","False","","False","","0","","False","False"
"SUI","Sui","True","20250404093000-711","20250404093000","themarketsdaily.com","https://www.themarketsdaily.com/2025/04/04/sun-communities-inc-nysesui-stock-position-lowered-by-california-public-employees-retirement-system.html","PAGE_TITLE","False","2f5dbfa0ab2435adafecf97c2a607cb81a7329f5ec5fc9f594c64a8c3d8d26f0","False","False","","False","","0","","False","False"
"SUI","Sui","True","20250404101500-49","20250404101500","italian.cri.cn","https://italian.cri.cn/2025/04/04/ARTI1743756068809494","PAGE_TITLE","False","65bb3fdbc15a8e4bcdb35c4e939a8256d56d984c1c646bad3e9eb3ecf2a27646","False","False","","False","","0","","False","False"
"TAO","Bittensor","False","20250403181500-886","20250403181500","modernreaders.com","https://www.modernreaders.com/news/2025/04/03/bittensor-tao-trading-down-24-2-over-last-7-days.html","PAGE_TITLE","True","ae0bf0fb3dca4da9130e4925ffbfb5e8086a6592111ff8d0f5fc1a4883740546","True","False","","False","","0","","True","True"
"TAO","Bittensor","False","20250405201500-492","20250405201500","insidebitcoins.com","https://insidebitcoins.com/sponsored/5-best-altcoins-to-watch-today-april-5-mantle-okb-bitcoin-cash-bittensor","PAGE_TITLE","True","db6365ae3a43d1c657938b79e4b28688488a20462d55f7b221075f194e3e8e77","False","True","altcoins","False","","1","BCH","True","True"
"TAO","Bittensor","False","20250410091500-1008","20250410091500","fxstreet.com","https://www.fxstreet.com/cryptocurrencies/news/top-3-gainers-flare-ondo-and-bittensor-will-altcoins-outperform-bitcoin-after-trumps-tariff-pause-202504100818","PAGE_TITLE","True","afca67f374cb180e2112524e95f364048fbbd9cac9c11d72f5f9382180894d46","True","True","altcoins","False","","1","XXBT","True","True"
"TAO","Bittensor","False","20250411173000-113","20250411173000","tickerreport.com","https://www.tickerreport.com/banking-finance/12911507/bittensor-hits-self-reported-market-capitalization-of-2-12-billion-tao.html","PAGE_TITLE","True","cff994a3e296cc0d3bbdca230b44886b6612c5d8273a6a0ff471ef17d1ac98b2","True","False","","True","market capitalization","0","","True","True"
"TAO","Bittensor","False","20250411173000-2095","20250411173000","dailypolitical.com","https://www.dailypolitical.com/2025/04/11/bittensor-tao-trading-14-8-higher-this-week.html","PAGE_TITLE","True","735ced23a495fc98cb5e36dffc8fc6a94724cf4ec353a905ae271abe3e152fb8","True","False","","False","","0","","True","True"
"TAO","Bittensor","False","20250417234500-1079","20250417234500","insidebitcoins.com","https://insidebitcoins.com/sponsored/top-cryptocurrencies-to-invest-in-now-april-17-bittensor-kaia-optimism","PAGE_TITLE","True","aed75e39278876f937a3a617e5a735d3a5b8be806ecf7e8f0956006309011484","True","True","cryptocurrencies","False","","1","OP","True","True"
"TAO","Bittensor","False","20250418041500-983","20250418041500","insidebitcoins.com","https://insidebitcoins.com/sponsored/bittensor-price-prediction-tao-surges-11-but-experts-say-this-8m-ai-pepe-hybrid-could-soar-20x","PAGE_TITLE","True","31ab6c077e41779786d3d94aa5e924112a0a23cd5f40c5e34e4a9c6f1a58e048","False","False","","True","price","1","PEPE","True","True"
"TAO","Bittensor","False","20250418114500-1105","20250418114500","fxstreet.com","https://www.fxstreet.com/cryptocurrencies/news/top-3-gainers-bittensor-render-aioz-network-why-ai-tokens-are-stealing-the-spotlight-in-a-slow-altcoin-season-202504180712","PAGE_TITLE","True","6a84945a027658f06c51af8c04edc50e47eae47caa3b64d9e8814ee2cc24603d","True","True","altcoin","True","tokens","0","","True","True"
"TAO","Bittensor","False","20250418140000-974","20250418140000","coinspeaker.com","https://www.coinspeaker.com/bittensor-tao-soars-10-amid-grave-scam-allegations-analyst-sees-1330/","PAGE_TITLE","True","91edcd87306c812eb5e0b407a045a3ee4d77a23a8199e476e40fe3f1e7d98587","False","False","","False","","0","","False","False"
"TAO","Bittensor","False","20250418191500-904","20250418191500","invezz.com","https://invezz.com/news/2025/04/18/crypto-price-prediction-sui-bittensor-cartelfi/","PAGE_TITLE","True","c2dba01d73e69e4ed2d23198427eed33af964e398b938410ae84fb336de79352","True","True","crypto","True","price","1","SUI","True","True"
"TAO","Bittensor","False","20250421084500-874","20250421084500","invezz.com","https://invezz.com/news/2025/04/21/enjin-loom-bittensor-boba-network-aurora-surges-as-bitcoin-price-hits-87k/","PAGE_TITLE","True","aecd7955e31fca07b56a816f14111abb47061ed923d0d0a0f57f8ddb23f2dbc0","False","False","","True","price","1","XXBT","True","True"
"TAO","Bittensor","False","20250421091500-557","20250421091500","insidebitcoins.com","https://insidebitcoins.com/sponsored/is-it-too-late-to-buy-tao-bittensor-price-surges-11-and-this-might-be-the-next-crypto-to-explode","PAGE_TITLE","True","84d6ccddae027acb3c05a781cfc4a9b4bda13e346881407d232300501bb4f4ba","False","True","crypto","True","price","0","","True","True"
"TIA","Celestia","False","20250402154500-2188","20250402154500","biztoc.com","https://biztoc.com/x/4c39d7ba5b9654b7","PAGE_TITLE","True","78ca039d788e25f6564e72c163ef4ae58265231b97a26544775494c5f86ca33a","False","True","crypto","True","exchange","0","","True","True"
"TIA","Celestia","False","20250403161500-1478","20250403161500","wkrb13.com","https://www.wkrb13.com/2025/04/03/celestia-tia-reaches-self-reported-market-capitalization-of-380-71-million.html","PAGE_TITLE","True","d4f76a1a6b62cdc29068a0ba4bee5e2d5d935d7cd1ac80c90ca8c0369c3a5d2d","True","False","","True","market capitalization","0","","True","True"
"TIA","Celestia","False","20250407161500-801","20250407161500","dailypolitical.com","https://www.dailypolitical.com/2025/04/07/celestia-reaches-24-hour-volume-of-174-28-million-tia.html","PAGE_TITLE","True","7a33bf28c27dd10e957882b7370d0c8eae62cf75cb7ce9f1ef2694c96af66a8f","True","False","","False","","0","","True","True"
"TIA","Celestia","False","20250411154500-1175","20250411154500","theenterpriseleader.com","https://theenterpriseleader.com/2025/04/11/celestia-24-hour-volume-reaches-68-28-million-tia.html","PAGE_TITLE","True","8eb251a78c31422c00c9785a0220b7abf9f4ea04bd51db26edd4cac6e7f542b9","True","False","","False","","0","","True","True"
"TIA","Celestia","False","20250414191500-1329","20250414191500","banklesstimes.com","https://www.banklesstimes.com/articles/2025/04/14/celestia-launches-mamo-1-public-testnet-enhancing-data-throughput/","PAGE_TITLE","True","64e6ddd2de6761d8d439694705f66fb0a6bc62996477670ec5fef00a062f606f","False","False","","False","","0","","False","False"
"TIA","Celestia","False","20250415150000-1531","20250415150000","insidebitcoins.com","https://insidebitcoins.com/sponsored/best-crypto-to-buy-right-now-april-15-celestia-toncoin-mantle","PAGE_TITLE","True","e831ac2cbfe21f1db462e29e771aa841683806abd15f629e616de0658ea8fa70","True","True","crypto","False","","1","TON","True","True"
"TIA","Celestia","False","20250416033000-745","20250416033000","coindesk.com","https://www.coindesk.com/tech/2025/04/15/noble-s-new-applayer-lets-developers-build-stablecoin-tools-on-celestia","PAGE_TITLE","True","302cc9d8f617a519e696263b0c0bb5fbff3b64447df34b7c7cbed6077daf30be","False","True","stablecoin","False","","0","","True","True"
"TIA","Celestia","False","20250416034500-762","20250416034500","biztoc.com","https://biztoc.com/x/6f76c38bdb14350d","PAGE_TITLE","True","302cc9d8f617a519e696263b0c0bb5fbff3b64447df34b7c7cbed6077daf30be","False","True","stablecoin","False","","0","","True","True"
"TIA","Celestia","False","20250417174500-458","20250417174500","coindesk.com","https://www.coindesk.com/tech/2025/04/16/ethena-securitize-target-q2-mainnet-launch-for-rwa-focused-blockchain-tap-arbitrum-celestia","PAGE_TITLE","True","9b093e37db1ccd12904136f97a1a1172fca8405a812b38bcce5241aa721a189b","False","True","blockchain","False","","1","ARB","True","True"
"TIA","Celestia","False","20250422131500-902","20250422131500","insidebitcoins.com","https://insidebitcoins.com/sponsored/top-crypto-gainers-today-apr-22-kaspa-raydium-celestia-kaia","PAGE_TITLE","True","5706b0226d249c7b96a6cfc199612a27f8de4fd998ec5edd7a5f82dd2bd940b8","True","True","crypto","False","","0","","True","True"
"TIA","Celestia","False","20250423110000-1554","20250423110000","theedinburghreporter.co.uk","https://theedinburghreporter.co.uk/2025/04/new-luxury-indian-restaurant-celestia-opens-tonight-in-edinburghs-eyre-place/","PAGE_TITLE","True","3cb0a88339e9a486f4de1de648b119832855cf3d6cd28b3d0d9de5b5581f84c5","False","False","","False","","0","","False","False"
"TIA","Celestia","False","20250428204500-770","20250428204500","insidebitcoins.com","https://insidebitcoins.com/sponsored/6-best-altcoins-to-invest-in-today-april-28-celestia-xdc-network-flare-dash","PAGE_TITLE","True","99a37fb9c52f87733d8abfb770c0e01a6924cc017d408883059e9dd95e295270","False","True","altcoins","False","","0","","True","True"
"TON","Toncoin","False","20250401074500-330","20250401074500","biztoc.com","https://biztoc.com/x/49fffaefb14fd77e","PAGE_TITLE","True","27b995d9829b7f8cea122ae9218eeea8577414c04d7a834a3e416bceae3ff3c0","False","False","","False","","0","","False","False"
"TON","Toncoin","False","20250401094500-1137","20250401094500","insidebitcoins.com","https://insidebitcoins.com/sponsored/toncoin-price-prediction-for-today-april-1-ton-technical-analysis","PAGE_TITLE","True","3998626135b038ebd3ce103a7dc599b0f77a9f5c76d39111417c27204df54412","True","False","","True","price","0","","True","True"
"TON","Toncoin","False","20250403210000-461","20250403210000","coindesk.com","https://www.coindesk.com/markets/2025/04/03/ton-s-dramatic-volatility-signals-market-uncertainty","PAGE_TITLE","True","072e935780676f11bd756959cf83680a54e03f7003b0dd6b64861c8df6c3c4cd","True","False","","False","","0","","True","True"
"TON","Toncoin","False","20250404174500-389","20250404174500","newsbtc.com","https://www.newsbtc.com/toncoin-ton/toncoin-12-correction/","PAGE_TITLE","True","213f47aa290c3e586eec026b7126c308e55b58af0c5f67395008926904ee3443","True","False","","False","","0","","True","True"
"TON","Toncoin","False","20250407144500-1597","20250407144500","insidebitcoins.com","https://insidebitcoins.com/sponsored/top-cryptocurrencies-to-buy-now-april-7-kava-worldcoin-toncoin","PAGE_TITLE","True","350f5d124a990a68721db712745971f45f5556fd39398783134fd23bf789b9e6","True","True","cryptocurrencies","False","","0","","True","True"
"TON","Toncoin","False","20250411000000-560","20250411000000","banklesstimes.com","https://www.banklesstimes.com/articles/2025/04/10/grayscale-eyes-toncoin-tron-and-vechain-in-new-asset-consideration-list/","PAGE_TITLE","True","09af55e0a99835bfa7c1a02cf02c3deb40f27b7167d48a9d59c44cba8131fc22","True","False","","False","","1","TRX","True","True"
"TON","Toncoin","False","20250411001500-117","20250411001500","newsbtc.com","https://www.newsbtc.com/toncoin-ton/toncoin-eyes-notable-uptrend/","PAGE_TITLE","True","e67401d8d09138ee9481285b0185e90f9d1eb2afee7de0bf60780e3cb257bdef","False","False","","False","","0","","False","False"
"TON","Toncoin","False","20250415084500-73","20250415084500","banklesstimes.com","https://www.banklesstimes.com/articles/2025/04/15/toncoin-price-could-hit-3-25-soon-if-this-key-resistance-breaks/","PAGE_TITLE","True","ec74ba403e8c005f7a3d335f00eb5751ae76cd8e80d28980740ca12ea122dfe3","False","False","","True","price","0","","False","True"
"TON","Toncoin","False","20250415150000-1531","20250415150000","insidebitcoins.com","https://insidebitcoins.com/sponsored/best-crypto-to-buy-right-now-april-15-celestia-toncoin-mantle","PAGE_TITLE","True","e831ac2cbfe21f1db462e29e771aa841683806abd15f629e616de0658ea8fa70","True","True","crypto","False","","1","TIA","True","True"
"TON","Toncoin","False","20250421164500-1484","20250421164500","coinspeaker.com","https://www.coinspeaker.com/toncoin-up-4-percent-because-of-major-updates/","PAGE_TITLE","True","cd88367e150a46c161532f3180cbec2b9c3688644ca773ba2ccadd88daf93efd","True","False","","False","","0","","True","True"
"TON","Toncoin","False","20250423144500-855","20250423144500","invezz.com","https://invezz.com/news/2025/04/23/why-is-toncoin-price-rising-today/","PAGE_TITLE","True","848ccff67d1d4dfd92fee1c9fe09ed0bc41650f35d0d8c730b4befe2578440c1","True","False","","True","price","0","","True","True"
"TON","Toncoin","False","20250425020000-1059","20250425020000","fxstreet.com","https://www.fxstreet.com/cryptocurrencies/news/ton-foundation-appoints-new-ceo-after-400m-investment-will-toncoin-price-reach-5-in-2025-202504242325","PAGE_TITLE","True","2e18d98b811b739d9d6f12678a349f19a5cb3f587f72658b368d4e100f496a8a","True","False","","True","price","0","","True","True"
"TRX","Tron","True","20250401040000-339","20250401040000","fxstreet.com","https://www.fxstreet.com/cryptocurrencies/news/tron-price-prediction-tethers-1b-move-triggers-trx-ahead-of-us-congress-stablecoin-bill-review-on-wednesday-202504010307","PAGE_TITLE","False","6301766f8eedc2590caa8361475537c8355d0e9f136e248059ca7f555d47adcc","False","True","stablecoin","True","price","1","USDT","True","True"
"TRX","Tron","True","20250401101500-1209","20250401101500","carmagazine.co.uk","https://www.carmagazine.co.uk/car-reviews/audi/s-etron-gt/","PAGE_TITLE","False","2d325e66b42291dfb1d9e1b65680351c96104314ffa9b875e291558731cae17a","False","False","","False","","0","","False","False"
"TRX","Tron","True","20250401144500-509","20250401144500","cryptobriefing.com","https://cryptobriefing.com/tron-blockchain-leadership-dc-summit/","PAGE_TITLE","True","572f04fd4416ab7455c1f1243d00f38a0cd6a0de9f8b5180d89f29e43da7117c","True","True","blockchain","False","","0","","True","True"
"TRX","Tron","True","20250402090000-5","20250402090000","irishtimes.com","https://www.irishtimes.com/motors/review/2025/04/02/corporate-comfort-can-audis-a6-e-tron-outshine-german-rivals/","PAGE_TITLE","False","322c769d4167cdcadca6490da08d0353acc69bbb84eeadc0ebab905bc071569b","False","False","","False","","0","","False","False"
"TRX","Tron","True","20250402134500-1504","20250402134500","carbuzz.com","https://carbuzz.com/2025-audi-rs-e-tron-gt-first-drive-review/","PAGE_TITLE","False","9039b72183a90218c881801461699abebae73f79fda074de26b73710cfe734aa","False","False","","False","","0","","False","False"
"TRX","Tron","True","20250402134500-490","20250402134500","carbuzz.com","https://carbuzz.com/audi-rs-e-tron-gt-quickest-car-cb-tested/","PAGE_TITLE","False","3af2f1593f9e2686ede7d8d18212f531a0060ae6683253ec12b438fadee76a1a","False","False","","False","","0","","False","False"
"TRX","Tron","True","20250402143000-1033","20250402143000","arstechnica.com","https://arstechnica.com/cars/2025/04/2025-audi-rs-e-tron-gt-more-range-more-power-still-drives-like-an-audi/","PAGE_TITLE","False","8cd33bccd2fd6339075e5876d52d2142fb3d9e0bd504e7f6d3abffc184a17175","False","False","","False","","0","","False","False"
"TRX","Tron","True","20250402150000-2174","20250402150000","motor1.com","https://www.motor1.com:443/reviews/755170/2025-audi-etron-gt-first-drive-review/","PAGE_TITLE","False","8391536834e5e68e5e290b340fc43ce04779797999ce2bea368f6150189aa0d6","False","False","","False","","0","","False","False"
"TRX","Tron","True","20250402150000-463","20250402150000","insideevs.com","https://insideevs.com:443/reviews/755293/2025-audi-rs-etron-first-drive/","PAGE_TITLE","False","c4c4989031ce1bc4943ab88a85493377b2cdf45ac880efbc39ccb18696d7c484","False","False","","False","","0","","False","False"
"TRX","Tron","True","20250402154500-161","20250402154500","biztoc.com","https://biztoc.com/x/1f488c53eb2e2ce8","PAGE_TITLE","False","f223d0d7ed8c3692a7c6257e02d14eef4e9bf97e73181dbb848828867c248e60","False","True","stablecoin","False","","0","","True","True"
"TRX","Tron","True","20250402200000-898","20250402200000","robbreport.com","https://robbreport.com/motors/cars/first-drive-review-audi-rs-e-tron-gt-performance-1236443994/","PAGE_TITLE","False","f75e3dfae116aa226e877f86461438f003108735bfef8dbdd02c92683e4ab8ce","False","False","","False","","0","","False","False"
"TRX","Tron","True","20250403131500-910","20250403131500","tickerreport.com","https://www.tickerreport.com/banking-finance/12901035/wrapped-tron-reaches-24-hour-volume-of-774410-66-wtrx.html","PAGE_TITLE","False","67e04adaf47af547c940ab98ee4e3e6e4893239a6c5bf75b298f5b653dbecbdf","True","False","","False","","0","","True","True"
"UNI","Uniswap","False","20250401210000-154","20250401210000","techstory.in","https://techstory.in/uniswap-dao-to-allocate-50m-in-tokens-to-boost-adoption-it-just-made-sense/","PAGE_TITLE","True","c1ecd2da6d3b6fea08e983f6759b3923206fbe362407c776f6bf44cbeceda21a","False","False","","True","tokens","0","","False","True"
"UNI","Uniswap","False","20250401224500-549","20250401224500","biztoc.com","https://biztoc.com/x/7df4065b37948172","PAGE_TITLE","True","549e0e8ca75aa24d5b01ff87a774e04bf8f4172dc11082237833ed46a3061c47","False","False","","False","","0","","False","False"
"UNI","Uniswap","False","20250402200000-1447","20250402200000","insidebitcoins.com","https://insidebitcoins.com/press-releases/meme-index-lists-on-uniswap-ushering-in-a-new-era-for-meme-coin-investing","PAGE_TITLE","True","497e8fe240332b0eef192b2d8cc27d3db302dff9e71151481c5a33e7f148f47f","False","True","meme coin","True","coin","0","","True","True"
"UNI","Uniswap","False","20250402201500-1187","20250402201500","coinspeaker.com","https://www.coinspeaker.com/new-era-meme-coin-investing-memex-live-on-uniswap/","PAGE_TITLE","True","5e33bcdc881dea24b02aa758b3f4fed5ef31ca70b0a51dae72972eb96f191735","False","True","meme coin","True","coin","0","","True","True"
"UNI","Uniswap","False","20250403181500-1934","20250403181500","dailypolitical.com","https://www.dailypolitical.com/2025/04/03/uniswap-price-tops-5-70-uni.html","PAGE_TITLE","True","7b4b52a40888c1f4dac0056d2041607edd76f934339d35550078a79fec457239","True","False","","True","price","0","","True","True"
"UNI","Uniswap","False","20250403183000-1359","20250403183000","cyprus-mail.com","https://cyprus-mail.com/2025/04/03/uniswap-unis-113m-governance-plan-stirs-debate-as-ruvi-ai-ruvi-sells-2-5-million-tokens-in-presale","PAGE_TITLE","True","34e87d61dbc160eec15996a28860367240cc70fdfdc624ec7a50183a4b75d718","False","False","","True","tokens","0","","False","True"
"UNI","Uniswap","False","20250407174500-1260","20250407174500","theenterpriseleader.com","https://theenterpriseleader.com/2025/04/07/uniswap-hits-1-day-volume-of-280-82-million-uni.html","PAGE_TITLE","True","7a851b975126b51b43552db161f31428ec517e0c0628baf754cf9bdf299fc32e","True","False","","False","","0","","True","True"
"UNI","Uniswap","False","20250408103000-925","20250408103000","biztoc.com","https://biztoc.com/x/47662e48ec087449","PAGE_TITLE","True","9a9877f34b3651ac74af885ea5dc9b3531b657bdffddf2669257bd32784e0b00","False","True","crypto","False","","0","","True","True"
"UNI","Uniswap","False","20250408174500-1705","20250408174500","coinspeaker.com","https://www.coinspeaker.com/coinbase-uniswap-participate-in-sec-crypto-roundtable/","PAGE_TITLE","True","0f372654d06a641f18542d3e4147e360c99076934ccabf520f136d871b3d8a11","True","True","crypto","False","","0","","True","True"
"UNI","Uniswap","False","20250418164500-116","20250418164500","banklesstimes.com","https://www.banklesstimes.com/articles/2025/04/18/uniswap-price-prediction-as-unichain-growth-gains-momentum/","PAGE_TITLE","True","e323bceba70c20b5c878b7b3ecbe7670a56426f48131ed8b86a163aebb5319de","False","False","","True","price","0","","False","True"
"UNI","Uniswap","False","20250418213000-914","20250418213000","banklesstimes.com","https://www.banklesstimes.com/articles/2025/04/18/arbitrum-hits-300b-trading-volume-on-uniswap-leading-layer-2-networks/","PAGE_TITLE","True","f0d8ab8bab6bf66f87a4fb82e61ab2d7d66150ba5fe350432a9bb04cf489d510","False","False","","True","trading volume","1","ARB","True","True"
"UNI","Uniswap","False","20250421183000-502","20250421183000","insidebitcoins.com","https://insidebitcoins.com/sponsored/leading-defi-tokens-by-market-activity-today-uniswap-pendle-lido-dao-deepbook-protocol","PAGE_TITLE","True","885af131a4cafd7501fda24c70a711ba2e9b019be7823b418d293402e528c5fa","True","True","defi","True","protocol|tokens","0","","True","True"
"USDC","USD Coin","False","20250407114500-1267","20250407114500","themarketsdaily.com","https://www.themarketsdaily.com/2025/04/07/usd-coin-usdc-reaches-market-capitalization-of-60-38-billion.html","PAGE_TITLE","True","5bb862d04d2de9201bae5884e570fc030d54dca71a9142b61013d4ebad3e4d9c","True","False","","True","coin|market capitalization","0","","True","True"
"USDC","USD Coin","False","20250411113000-1450","20250411113000","wkrb13.com","https://www.wkrb13.com/2025/04/11/usd-coin-usdc-one-day-trading-volume-tops-13-34-billion.html","PAGE_TITLE","True","ed1c93f13be96badd790e08be05f41359d170a050d200eb9802a96ea982b5985","True","False","","True","coin|trading volume","0","","True","True"
"USDC","USD Coin","False","20250425174500-535","20250425174500","newsbtc.com","https://www.newsbtc.com/press-releases/use-paladinmining-cloud-mining-platform-to-immediately-achieve-sub-minute-real-time-usd-coin-account-arrival-and-get-7000-per-day/","PAGE_TITLE","True","d90a2918567fa034b91d3145bc2fc6f251a73bada1e8672c17f7bc335b50ddc0","True","False","","True","coin","0","","True","True"
"USDC","USD Coin","False","20250521123000-1371","20250521123000","themarketsdaily.com","https://www.themarketsdaily.com/2025/05/21/usd-coin-usdc-market-cap-reaches-60-52-billion.html","PAGE_TITLE","True","fb46a9a888c2386d6c3e865adcc73de5c37ac851a06de97b39bcf81279e6901c","True","False","","True","coin|market cap","0","","True","True"
"USDC","USD Coin","False","20250529121500-1223","20250529121500","dailypolitical.com","https://www.dailypolitical.com/2025/05/29/usd-coin-usdc-price-up-0-over-last-7-days.html","PAGE_TITLE","True","c323cfcc51c8b0e09994d3e9d5f204f99a5f4f60ca59ea838583c29e3422f601","True","False","","True","coin|price","0","","True","True"
"USDC","USD Coin","False","20250602123000-612","20250602123000","dailypolitical.com","https://www.dailypolitical.com/2025/06/02/usd-coin-usdc-hits-1-day-trading-volume-of-7-85-billion.html","PAGE_TITLE","True","17f5c3ad217f5879d02d712af822dd15a5c8b9ce876c49346d75ddad44ac6bec","True","False","","True","coin|trading volume","0","","True","True"
"USDT","Tether","True","20250401040000-339","20250401040000","fxstreet.com","https://www.fxstreet.com/cryptocurrencies/news/tron-price-prediction-tethers-1b-move-triggers-trx-ahead-of-us-congress-stablecoin-bill-review-on-wednesday-202504010307","PAGE_TITLE","False","6301766f8eedc2590caa8361475537c8355d0e9f136e248059ca7f555d47adcc","False","True","stablecoin","True","price","1","TRX","True","True"
"USDT","Tether","True","20250401084500-653","20250401084500","fxstreet.com","https://www.fxstreet.com/cryptocurrencies/news/tether-adds-to-bitcoin-reserves-with-over-735-million-withdrawals-from-the-bitfinex-hot-wallet-202504010736","PAGE_TITLE","True","5bcddc3e42909e4952c3543876508aa483df73f0b01cb36d8a2686d0080ae562","True","True","wallet","False","","1","XXBT","True","True"
"USDT","Tether","True","20250401110000-188","20250401110000","biztoc.com","https://biztoc.com/x/a9bf58a342252213","PAGE_TITLE","True","f0efda818830812e581060fe02ba5c6df75902d6fbe77bd8769c30de8716a390","True","True","wallet","False","","1","XXBT","True","True"
"USDT","Tether","True","20250401130000-1079","20250401130000","biztoc.com","https://biztoc.com/x/052ce48a6fc7940a","PAGE_TITLE","True","9a8ce2468b3957ff5ae302a9870ce9ad525944c1ece28b21467e454b3b6a38f8","True","False","","False","","1","XXBT","True","True"
"USDT","Tether","True","20250401130000-92","20250401130000","biztoc.com","https://biztoc.com/x/7780c744b1fe3af5","PAGE_TITLE","True","ec59bcd8d7d7d504f4e0b4d00822890786ce8486d9d33636d4b6f5019d043a85","False","True","wallet","False","","1","XXBT","True","True"
"USDT","Tether","True","20250401151500-71","20250401151500","coinspeaker.com","https://www.coinspeaker.com/tether-buys-8888-bitcoin/","PAGE_TITLE","True","2b9a703532d4fcc86428ab5f1d1f9f664d59456fef9430e9827c795563a1efb1","True","False","","False","","1","XXBT","True","True"
"USDT","Tether","True","20250401160000-1031","20250401160000","biztoc.com","https://biztoc.com/x/0a5af5bb405b7012","PAGE_TITLE","False","b0f63e260c970e564dd7b4b43c9b4b313cd7c7befb88d3a7e3ef522effa3ff2e","False","True","stablecoin","False","","0","","True","True"
"USDT","Tether","True","20250401193000-2018","20250401193000","aol.com","https://www.aol.com/finance/tether-ceo-says-144-billion-143830241.html","PAGE_TITLE","False","b0f63e260c970e564dd7b4b43c9b4b313cd7c7befb88d3a7e3ef522effa3ff2e","True","True","stablecoin","False","","0","","True","True"
"USDT","Tether","True","20250402230000-1207","20250402230000","yahoo.com","https://finance.yahoo.com/news/tether-ceo-says-144-billion-143830984.html","PAGE_TITLE","False","b0f63e260c970e564dd7b4b43c9b4b313cd7c7befb88d3a7e3ef522effa3ff2e","False","True","stablecoin","False","","0","","True","True"
"USDT","Tether","True","20250403161500-1049","20250403161500","themarketsdaily.com","https://www.themarketsdaily.com/2025/04/03/tether-gold-xaut-trading-2-2-higher-over-last-week.html","PAGE_TITLE","False","c1f4e2a884948884dc051795addc92f9331194667d3d6e2aa6ab723fab17e2a3","True","False","","False","","0","","True","True"
"USDT","Tether","True","20250403194500-787","20250403194500","coinspeaker.com","https://www.coinspeaker.com/will-blockchain-kill-physical-gold-tether-gold-surges-trump-tariffs/","PAGE_TITLE","True","bac5b07cc932f4fe19e3b0205ab5847db7621c9dc7bdc0a84c1eff008698f65d","False","True","blockchain","False","","0","","True","True"
"USDT","Tether","True","20250405204500-622","20250405204500","biztoc.com","https://biztoc.com/x/bb9ed5cc3c05bd2b","PAGE_TITLE","False","9a29823dce2336e116fcf9500b5a4cb2ef7c0d670a39cb34ef453c32b7fec736","False","True","stablecoin","False","","0","","True","True"
"XETC","Ethereum Classic","False","20250401150000-153","20250401150000","dailypolitical.com","https://www.dailypolitical.com/2025/04/01/grayscale-ethereum-classic-trust-etc-otcmktsetcg-short-interest-update.html","PAGE_TITLE","True","f8eaeca4e42e4135f5dcf2c3feb8ca5dff042d5c538a898fb3aaad4746ba43ed","False","False","","False","","0","","False","False"
"XETC","Ethereum Classic","False","20250401150000-913","20250401150000","tickerreport.com","https://www.tickerreport.com/banking-finance/12898354/grayscale-ethereum-classic-trust-etc-otcmktsetcg-short-interest-update.html","PAGE_TITLE","True","f8eaeca4e42e4135f5dcf2c3feb8ca5dff042d5c538a898fb3aaad4746ba43ed","False","False","","False","","0","","False","False"
"XETC","Ethereum Classic","False","20250401190000-1430","20250401190000","modernreaders.com","https://www.modernreaders.com/news/2025/04/01/promising-cryptocurrency-stocks-to-research-april-1st.html","ALLNAMES","True","fee03c78e862cf30a13a750d170028ee04e92837f6cb872ef4fa2fcce9c5a5df","True","True","cryptocurrency","False","","0","","True","True"
"XETC","Ethereum Classic","False","20250401191500-1412","20250401191500","themarketsdaily.com","https://www.themarketsdaily.com/2025/04/01/promising-cryptocurrency-stocks-to-research-april-1st.html","ALLNAMES","True","fee03c78e862cf30a13a750d170028ee04e92837f6cb872ef4fa2fcce9c5a5df","True","True","cryptocurrency","False","","0","","True","True"
"XETC","Ethereum Classic","False","20250402200000-1580","20250402200000","insidebitcoins.com","https://insidebitcoins.com/crypto/best-altcoins-to-buy","ALLNAMES","True","d35bb263220757dd59d670d56e9a8d6f1c281fe55aca6e664ebccca47ec23a17","False","True","altcoins","False","","0","","True","True"
"XETC","Ethereum Classic","False","20250403093000-568","20250403093000","modernreaders.com","https://www.modernreaders.com/news/2025/04/03/top-cryptocurrency-stocks-to-watch-today-march-31st.html","ALLNAMES","True","0ba02e14cdd6b8291c1be45e61b6fe23268292ef186e1bc83fcf7ed2e65b2da8","True","True","cryptocurrency","False","","0","","True","True"
"XETC","Ethereum Classic","False","20250403093000-815","20250403093000","themarketsdaily.com","https://www.themarketsdaily.com/2025/04/03/top-cryptocurrency-stocks-to-watch-today-march-31st.html","ALLNAMES","True","0ba02e14cdd6b8291c1be45e61b6fe23268292ef186e1bc83fcf7ed2e65b2da8","True","True","cryptocurrency","False","","0","","True","True"
"XETC","Ethereum Classic","False","20250403180000-1498","20250403180000","newsbtc.com","https://www.newsbtc.com/press-releases/the-impact-of-rising-inflation-on-cryptocurrency-mining-6-free-cloud-mining-solutions-for-2025/","ALLNAMES","True","03172c6e46917acfef2155cb3692ee3dc2f39ee0cc7d493a846af2d8cb89c39b","True","True","cryptocurrency","False","","0","","True","True"
"XETC","Ethereum Classic","False","20250404220000-1104","20250404220000","tickerreport.com","https://www.tickerreport.com/banking-finance/12903004/hive-digital-technologies-cvehive-hits-new-1-year-low-should-you-sell.html","ALLNAMES","True","b992f5006fe800cd3f83d3430d768d281c31da21f89776b84c8024686d05f06f","True","False","","False","","0","","True","True"
"XETC","Ethereum Classic","False","20250404220000-939","20250404220000","dailypolitical.com","https://www.dailypolitical.com/2025/04/04/hive-digital-technologies-cvehive-sets-new-52-week-low-heres-why.html","ALLNAMES","True","610ab0f2ed6dbb4ce753296a03315f49f853b5743d97c0c9cbfc38cf4e73341f","True","False","","False","","0","","True","True"
"XETC","Ethereum Classic","False","20250409201500-1418","20250409201500","tickerreport.com","https://www.tickerreport.com/banking-finance/12908674/cryptocurrency-stocks-to-research-april-9th.html","ALLNAMES","True","5a57d401aa1fa57b4c3124e04f8ece4a54490224a55984dad41ea59682049228","True","True","cryptocurrency","False","","0","","True","True"
"XETC","Ethereum Classic","False","20250410140000-1482","20250410140000","etfdailynews.com","https://www.etfdailynews.com/2025/04/10/cryptocurrency-stocks-to-watch-today-april-7th/","ALLNAMES","True","ef8e12d23ad68f5bcebf95254e5801819f3244733e795a719594892f131b8fa5","True","True","cryptocurrency","False","","0","","True","True"
"XETH","Ethereum","False","20250401040000-381","20250401040000","fxstreet.com","https://www.fxstreet.com/cryptocurrencies/news/ethereum-price-forecast-short-term-holders-spark-400-million-in-realized-losses-staking-flows-surge-202504010020","PAGE_TITLE","True","aef9a05b1344afc6778fa3aa949658574de44bafc321a05a39a23428b5a50b60","True","True","staking","True","price","0","","True","True"
"XETH","Ethereum","False","20250401040000-691","20250401040000","newsbtc.com","https://www.newsbtc.com/analysis/eth/ethereum-price-faces-tough-test-1850/","PAGE_TITLE","True","5bc45395203bd25cef402eb0acaa89bd1aff2eee61c11f4d6a500426f4422657","True","False","","True","price","0","","True","True"
"XETH","Ethereum","False","20250401041500-913","20250401041500","biztoc.com","https://biztoc.com/x/f5cc0a0b596ad28a","PAGE_TITLE","True","a8db1e55b712a940d342a1ded883b1c9b52a681eb29ffb5f232f122da9d8a50a","True","True","wallet","False","","2","XXBT|XXDG","True","True"
"XETH","Ethereum","False","20250401050000-18","20250401050000","banklesstimes.com","https://www.banklesstimes.com/articles/2025/04/01/6-9m-daily-base-transactions-despite-bearish-ethereum-sentiment/","PAGE_TITLE","True","cdf90e43c212a3dcd1ae67e84059cb0961ebf69e71beb39c7f57bb8ee3b9d1f3","False","False","","False","","0","","False","False"
"XETH","Ethereum","False","20250401074500-521","20250401074500","coindesk.com","https://www.coindesk.com/markets/2025/04/01/ethereum-reclaims-no-1-spot-as-leading-dex-chain-for-first-since-september-overtakes-solana","PAGE_TITLE","True","3c0ceebd25b4447ad5c59545c9b04eec80c0c7d2fe2a327e5478a2a2aca68636","True","False","","True","chain","1","SOL","True","True"
"XETH","Ethereum","False","20250401090000-1157","20250401090000","newsbtc.com","https://www.newsbtc.com/news/ethereum/ethereum-trend-reversal-at-stake-2300-emerges-as-the-most-crucial-resistance/","PAGE_TITLE","True","a593f39cc4d1106bac14634140343dc066d3fe2c360295f1582396f1c23de812","True","False","","False","","0","","True","True"
"XETH","Ethereum","False","20250401090000-733","20250401090000","newsbtc.com","https://www.newsbtc.com/ethereum-news/analyst-spots-key-ethereum-resistance-levels-while-rsi-hints-at-bullish-divergence/","PAGE_TITLE","True","3e587874fe931692487e87d38dc68fb288403f0bf4e77fac4829fb2370958e19","True","False","","False","","0","","True","True"
"XETH","Ethereum","False","20250401094500-1064","20250401094500","fool.com","https://www.fool.com/investing/2025/04/01/better-buy-with-5000-right-now-ethereum-or-xrp/?source=iedfolrf0000001","PAGE_TITLE","True","ef6c7fab1538e9610566bfe60ec38cda4eff5e1779dc5a88c3879bd551247697","True","False","","False","","0","","True","True"
"XETH","Ethereum","False","20250401114500-668","20250401114500","yahoo.com","https://finance.yahoo.com/news/3-reasons-ethereum-could-double-111500016.html","PAGE_TITLE","True","563394f9027adae0feff3e089072a7c87c0f58dce70ff07d02f3d101541bda9c","True","False","","False","","0","","True","True"
"XETH","Ethereum","False","20250401121500-846","20250401121500","fool.com","https://www.fool.com/investing/2025/04/01/3-reasons-ethereum-could-double-by-2026-and-1-reas/?source=iedfolrf0000001","PAGE_TITLE","True","563394f9027adae0feff3e089072a7c87c0f58dce70ff07d02f3d101541bda9c","True","False","","False","","0","","True","True"
"XETH","Ethereum","False","20250401130000-573","20250401130000","biztoc.com","https://biztoc.com/x/232c3276f10e8144","PAGE_TITLE","True","563394f9027adae0feff3e089072a7c87c0f58dce70ff07d02f3d101541bda9c","False","False","","False","","0","","False","False"
"XETH","Ethereum","False","20250401133000-642","20250401133000","fool.com","https://www.fool.com/investing/2025/04/01/should-you-buy-ethereum-while-its-down-45/?source=iedfolrf0000001","PAGE_TITLE","True","c54df0278eb495580d8d449597761b2c8e45279fcac8ff9efac56745cd1bc39c","True","False","","False","","0","","True","True"
"XLTC","Litecoin","False","20250402174500-649","20250402174500","benzinga.com","https://www.benzinga.com/markets/cryptocurrency/25/04/44611174/fidelity-launches-fee-free-crypto-ira-offering-direct-access-to-bitcoin-ethereum-and-litecoin-for-us-investors","PAGE_TITLE","True","f56a6170d9005e31b24254a72705f8e99131c9edbccaadc010e49fa8cf00b854","True","True","crypto","False","","2","XETH|XXBT","True","True"
"XLTC","Litecoin","False","20250402184500-811","20250402184500","biztoc.com","https://biztoc.com/x/bda5d70860c1b8d4","PAGE_TITLE","True","f56a6170d9005e31b24254a72705f8e99131c9edbccaadc010e49fa8cf00b854","True","True","crypto","False","","2","XETH|XXBT","True","True"
"XLTC","Litecoin","False","20250402184500-955","20250402184500","biztoc.com","https://biztoc.com/x/f8c30c527c62bf41","PAGE_TITLE","True","71fa3e0ba8ef875242d74933aa35a11958d3fa1616797a70c8db9c2b362d2dbf","True","True","crypto","False","","1","XXBT","True","True"
"XLTC","Litecoin","False","20250403153000-286","20250403153000","tickerreport.com","https://www.tickerreport.com/banking-finance/12901251/litecoin-ltc-market-cap-reaches-6-16-billion.html","PAGE_TITLE","True","f8b72454b0a1ad5848312669d0e9a513a828c055f7519523592ac67df935237a","True","False","","True","market cap","0","","True","True"
"XLTC","Litecoin","False","20250403170000-1765","20250403170000","themarketsdaily.com","https://www.themarketsdaily.com/2025/04/03/litecoin-cash-lcc-market-cap-reaches-4-02-million.html","PAGE_TITLE","True","1d74399f38023a33611d6f95e537de86b756b788ecac3d3eadfac6efefe30a81","True","False","","True","market cap","0","","True","True"
"XLTC","Litecoin","False","20250404104500-1135","20250404104500","insidebitcoins.com","https://insidebitcoins.com/sponsored/6-best-altcoins-to-invest-in-today-litecoin-fellaz-onyxcoin-reserve-rights","PAGE_TITLE","True","998f235956898b3c8dcdb846ea77a08cc66f922a86e4e69b606b7d30ffaf0b06","False","True","altcoins","False","","0","","True","True"
"XLTC","Litecoin","False","20250407160000-1357","20250407160000","tickerreport.com","https://www.tickerreport.com/banking-finance/12906167/litecoin-ltc-market-capitalization-tops-5-34-billion.html","PAGE_TITLE","True","025f87a485d9915d6e52af110892f88c5c500b4c095006f97a0916d1b32f3adc","True","False","","True","market capitalization","0","","True","True"
"XLTC","Litecoin","False","20250407164500-449","20250407164500","themarketsdaily.com","https://www.themarketsdaily.com/2025/04/07/litecoin-cash-lcc-one-day-trading-volume-reaches-3-58.html","PAGE_TITLE","True","24812b0b0a4e7870cd8196da0a7fe63e04ebb94c085cb866f48b8f61cc6e95e7","True","False","","True","trading volume","0","","True","True"
"XLTC","Litecoin","False","20250410141500-671","20250410141500","biztoc.com","https://biztoc.com/x/9da67d5f2f59ff56","PAGE_TITLE","True","d681432d6d2fc03b178759ddfaeb1b50a0854d634cb71009615106d592249eb2","False","False","","False","","0","","False","False"
"XLTC","Litecoin","False","20250411150000-1984","20250411150000","theenterpriseleader.com","https://theenterpriseleader.com/2025/04/11/litecoin-ltc-price-hits-76-08-on-major-exchanges.html","PAGE_TITLE","True","0b743f05e7efc7d25f49059c864bfddeb36deb98bedaa4cd635d1339a72ea995","True","False","","True","exchanges|price","0","","True","True"
"XLTC","Litecoin","False","20250411160000-378","20250411160000","theenterpriseleader.com","https://theenterpriseleader.com/2025/04/11/litecoin-cash-tops-24-hour-volume-of-0-40-lcc.html","PAGE_TITLE","True","26c3e0820e590a3edbab5c7e6251fe37cfa330d066208408e0448c6db52b6fd5","True","False","","False","","0","","True","True"
"XLTC","Litecoin","False","20250413223000-217","20250413223000","insidebitcoins.com","https://insidebitcoins.com/sponsored/top-crypto-gainers-today-apr-13-litecoin-stellar-eos-ethena","PAGE_TITLE","True","b1c81d4f0cb77d827d0fa20bdd94b983690befd113340997eadbda0183591de9","False","True","crypto","False","","2","EOS|XXLM","True","True"
"XXBT","Bitcoin","False","20250401000000-1229","20250401000000","banklesstimes.com","https://www.banklesstimes.com/articles/2025/03/31/strategy-now-owns-528k-bitcoin-spends-1-92b-on-latest-buy/","PAGE_TITLE","True","5174a92e4d13c2c31bc4434d454203a3315abb19bf8242e649e228dd8c358680","True","False","","False","","0","","True","True"
"XXBT","Bitcoin","False","20250401003000-1335","20250401003000","benzinga.com","https://www.benzinga.com/25/03/44569292/congressman-buys-up-to-600k-in-bitcoin-etf-after-selling-1-million-in-goldman-sachs-stock-committee-assignment-could-be-red-flag","PAGE_TITLE","True","f47596da759282836f788280cad704f435cff6a24ff5778d579ca741c239abae","True","False","","True","etf","0","","True","True"
"XXBT","Bitcoin","False","20250401021500-1245","20250401021500","yumasun.com","https://www.yumasun.com/news/national_news/bitcoin-investor-buys-an-entire-spacex-flight-for-the-ultimate-polar-adventure/article_c9563147-1a71-5576-be7d-b0ca1b94809d.html","PAGE_TITLE","True","a2eaf4df5563acc3c4ec876d2f5fd8f5ca701d1d38dee2bace1a6b2201a7423e","True","False","","False","","0","","True","True"
"XXBT","Bitcoin","False","20250401021500-1482","20250401021500","yahoo.com","https://www.yahoo.com/news/bitcoin-investor-buys-entire-spacex-014824917.html","PAGE_TITLE","True","a2eaf4df5563acc3c4ec876d2f5fd8f5ca701d1d38dee2bace1a6b2201a7423e","True","False","","False","","0","","True","True"
"XXBT","Bitcoin","False","20250401021500-857","20250401021500","yahoo.com","https://www.yahoo.com/news/bitcoin-investor-buys-entire-spacex-014824209.html","PAGE_TITLE","True","a2eaf4df5563acc3c4ec876d2f5fd8f5ca701d1d38dee2bace1a6b2201a7423e","True","False","","False","","0","","True","True"
"XXBT","Bitcoin","False","20250401023000-114","20250401023000","coastreporter.net","https://www.coastreporter.net/the-mix/bitcoin-investor-buys-an-entire-spacex-flight-for-the-ultimate-polar-adventure-10457169","PAGE_TITLE","True","a2eaf4df5563acc3c4ec876d2f5fd8f5ca701d1d38dee2bace1a6b2201a7423e","True","False","","False","","0","","True","True"
"XXBT","Bitcoin","False","20250401023000-32","20250401023000","winnipegfreepress.com","https://www.winnipegfreepress.com/arts-and-life/life/sci-tech/2025/03/31/bitcoin-investor-buys-an-entire-spacex-flight-for-the-ultimate-polar-adventure","PAGE_TITLE","True","45969770de37452b15f227ae2fc749eb4adeb0be62b85614ad4803804b410739","True","False","","False","","0","","True","True"
"XXBT","Bitcoin","False","20250401023000-750","20250401023000","bozemandailychronicle.com","https://www.bozemandailychronicle.com/ap_news/business/bitcoin-investor-buys-an-entire-spacex-flight-for-the-ultimate-polar-adventure/article_9cbcb85b-8953-50c6-8eaa-f4a5a2c9fcf3.html","PAGE_TITLE","True","a2eaf4df5563acc3c4ec876d2f5fd8f5ca701d1d38dee2bace1a6b2201a7423e","True","False","","False","","0","","True","True"
"XXBT","Bitcoin","False","20250401023000-84","20250401023000","local10.com","https://www.local10.com/tech/2025/04/01/bitcoin-investor-buys-an-entire-spacex-flight-for-the-ultimate-polar-adventure/","PAGE_TITLE","True","a2eaf4df5563acc3c4ec876d2f5fd8f5ca701d1d38dee2bace1a6b2201a7423e","True","False","","False","","0","","True","True"
"XXBT","Bitcoin","False","20250401024500-115","20250401024500","yoursourceone.com","https://www.yoursourceone.com/news/national_news/bitcoin-investor-buys-an-entire-spacex-flight-for-the-ultimate-polar-adventure/article_1e66be50-e246-5c43-9cfd-449464fc9d18.html","PAGE_TITLE","True","a2eaf4df5563acc3c4ec876d2f5fd8f5ca701d1d38dee2bace1a6b2201a7423e","True","False","","False","","0","","True","True"
"XXBT","Bitcoin","False","20250401024500-392","20250401024500","prpeak.com","https://www.prpeak.com/the-mix/bitcoin-investor-buys-an-entire-spacex-flight-for-the-ultimate-polar-adventure-10457169","PAGE_TITLE","True","a2eaf4df5563acc3c4ec876d2f5fd8f5ca701d1d38dee2bace1a6b2201a7423e","True","False","","False","","0","","True","True"
"XXBT","Bitcoin","False","20250401024500-951","20250401024500","mynorthwest.com","https://mynorthwest.com/national/bitcoin-investor-buys-an-entire-spacex-flight-for-the-ultimate-polar-adventure/4070295","PAGE_TITLE","True","a2eaf4df5563acc3c4ec876d2f5fd8f5ca701d1d38dee2bace1a6b2201a7423e","True","False","","False","","0","","True","True"
"XXBT","BTC","True","20250401040000-35","20250401040000","newsbtc.com","https://www.newsbtc.com/bitcoin-news/bitcoin-whales-accumulate-as-short-term-holders-capitulate-what-this-mean-for-btc/","PAGE_TITLE","True","59a703693dfb6607c5a6091b5ed477ed97a55e55236ff423b08beb0fe00801a3","True","False","","False","","0","","True","True"
"XXBT","BTC","True","20250401041500-913","20250401041500","biztoc.com","https://biztoc.com/x/f5cc0a0b596ad28a","PAGE_TITLE","True","a8db1e55b712a940d342a1ded883b1c9b52a681eb29ffb5f232f122da9d8a50a","True","True","wallet","False","","2","XETH|XXDG","True","True"
"XXBT","BTC","True","20250401043000-278","20250401043000","naroomanewsonline.com.au","https://www.naroomanewsonline.com.au/story/8931294/from-sydney-to-perth-how-everyday-aussies-are-learning-to-buy-btc/?cs=5596","PAGE_TITLE","False","767ecdc0f2c0fcc9607bdd9c8b4a1fd35bdcf9f3e2dd8ad8e1923c5c3a44af87","True","False","","False","","0","","True","True"
"XXBT","BTC","True","20250401044500-255","20250401044500","insidebitcoins.com","https://insidebitcoins.com/sponsored/bitcoin-price-prediction-as-blackrock-ceo-larry-fink-says-rising-us-debt-will-push-investors-to-bitcoin-traders-turn-to-this-ico-offering-free-btc","PAGE_TITLE","True","a6c330548a2942e5d7a9a80fa4af110f0a51666a1608f686438367d90b1b6ec1","True","False","","True","price","0","","True","True"
"XXBT","BTC","True","20250401054500-891","20250401054500","greatlakesadvocate.com.au","https://www.greatlakesadvocate.com.au/story/8931208/bitcoin-goes-mainstream-in-australia-how-easy-its-become-to-buy-btc-in-aud/?cs=5571","PAGE_TITLE","True","9d82d1bf116f85c6e74e22de6da27afd3e3f9dc5d176957f7711eabbcd366358","True","False","","False","","0","","True","True"
"XXBT","BTC","True","20250401060000-62","20250401060000","inverelltimes.com.au","https://www.inverelltimes.com.au/story/8931479/crypto-confidence-surges-millennials-lead-the-charge-to-buy-btc-in-australia/?cs=5630","PAGE_TITLE","True","afecb4f9a868b807473a2f9de9730557efe7c9439f2ba75fc9c80a0ef1046c89","True","True","crypto","False","","0","","True","True"
"XXBT","BTC","True","20250401060000-7","20250401060000","sentinelassam.com","https://www.sentinelassam.com/topheadlines/assam-were-going-to-translate-bodofas-dream-says-btc-cem-pramod-boro","PAGE_TITLE","False","e125849e2b9f450b83b91bbc5d20e551eab00938d15e655daa84abb343da6733","False","False","","False","","0","","False","False"
"XXBT","BTC","True","20250401063000-403","20250401063000","benzinga.com","https://www.benzinga.com/trading-ideas/movers/25/04/44577936/bitcoin-dogecoin-shaken-by-trumps-tariff-announcements-in-q1-but-this-lesser-known-crypto-exploded-490-heres-why","PAGE_TITLE","True","f5109bf008051809e659dbb977b7706a05073f56cee2980edb8999a200a88182","True","True","crypto","False","","1","XXDG","True","True"
"XXBT","BTC","True","20250401071500-493","20250401071500","benzinga.com","https://www.benzinga.com/trading-ideas/movers/25/04/44577936/bitcoin-dogecoin-shaken-by-trumps-tariff-announcements-in-q1-but-this-lesser-known-crypto-ex","PAGE_TITLE","True","f5109bf008051809e659dbb977b7706a05073f56cee2980edb8999a200a88182","True","True","crypto","False","","1","XXDG","True","True"
"XXBT","BTC","True","20250401074500-195","20250401074500","finanznachrichten.de","https://www.finanznachrichten.de/nachrichten-2025-04/64989165-bybit-x-block-scholes-btc-fell-after-touching-dollar-88k-but-bearish-derivatives-trend-holds-008.htm","PAGE_TITLE","False","4199c8ba02d5edde6904d4d3798705e48f2a1090d8fac2647967f24389ba73c5","True","False","","False","","0","","True","True"
"XXBT","BTC","True","20250401081500-274","20250401081500","prnewswire.com","https://www.prnewswire.com/news-releases/bybit-x-block-scholes-btc-fell-after-touching-88k-but-bearish-derivatives-trend-holds-302416715.html","PAGE_TITLE","False","4199c8ba02d5edde6904d4d3798705e48f2a1090d8fac2647967f24389ba73c5","True","False","","False","","0","","True","True"
"XXBT","BTC","True","20250401081500-533","20250401081500","sina.com.hk","https://portal.sina.com.hk/finance/finance-prnewswire/prnasia/2025/04/01/1152794/bybit-x-block-scholes-btc-fell-after-touching-88k-but-bearish-derivatives-trend-holds/","PAGE_TITLE","False","4199c8ba02d5edde6904d4d3798705e48f2a1090d8fac2647967f24389ba73c5","True","False","","False","","0","","True","True"
"XXDG","DOGE","True","20250401000000-1134","20250401000000","newsweek.com","https://www.newsweek.com/donald-trump-gives-doge-update-elon-musk-says-hell-step-down-may-2053368","PAGE_TITLE","False","43854cd0fa9feaed2d5d105f617ddd6387eec4f9e72b8f6b8c078a018df13df8","False","False","","False","","0","","False","False"
"XXDG","DOGE","True","20250401000000-1295","20250401000000","fox4beaumont.com","https://fox4beaumont.com/news/nation-world/pentagon-largely-spared-from-major-doge-cuts-so-far-pete-hegseth-elon-musk-defense-department","PAGE_TITLE","False","a3219d4c2ce79bdc61edfdcb4e22c6c4ddc9e10c2074b3658668cb1607beac62","False","False","","False","","0","","False","False"
"XXDG","DOGE","True","20250401000000-1517","20250401000000","nbc24.com","https://nbc24.com/news/nation-world/pentagon-largely-spared-from-major-doge-cuts-so-far-pete-hegseth-elon-musk-defense-department","PAGE_TITLE","False","a3219d4c2ce79bdc61edfdcb4e22c6c4ddc9e10c2074b3658668cb1607beac62","False","False","","False","","0","","False","False"
"XXDG","DOGE","True","20250401000000-218","20250401000000","foxsanantonio.com","https://foxsanantonio.com/news/nation-world/pentagon-largely-spared-from-major-doge-cuts-so-far-pete-hegseth-elon-musk-defense-department","PAGE_TITLE","False","a3219d4c2ce79bdc61edfdcb4e22c6c4ddc9e10c2074b3658668cb1607beac62","False","False","","False","","0","","False","False"
"XXDG","DOGE","True","20250401000000-762","20250401000000","kimatv.com","https://kimatv.com/news/nation-world/pentagon-largely-spared-from-major-doge-cuts-so-far-pete-hegseth-elon-musk-defense-department","PAGE_TITLE","False","a3219d4c2ce79bdc61edfdcb4e22c6c4ddc9e10c2074b3658668cb1607beac62","False","False","","False","","0","","False","False"
"XXDG","DOGE","True","20250401001500-1091","20250401001500","ktul.com","https://ktul.com/news/nation-world/pentagon-largely-spared-from-major-doge-cuts-so-far-pete-hegseth-elon-musk-defense-department","PAGE_TITLE","False","a3219d4c2ce79bdc61edfdcb4e22c6c4ddc9e10c2074b3658668cb1607beac62","False","False","","False","","0","","False","False"
"XXDG","DOGE","True","20250401001500-1376","20250401001500","okcfox.com","https://okcfox.com/news/nation-world/pentagon-largely-spared-from-major-doge-cuts-so-far-pete-hegseth-elon-musk-defense-department","PAGE_TITLE","False","a3219d4c2ce79bdc61edfdcb4e22c6c4ddc9e10c2074b3658668cb1607beac62","False","False","","False","","0","","False","False"
"XXDG","DOGE","True","20250401001500-1402","20250401001500","foxillinois.com","https://foxillinois.com/news/nation-world/pentagon-largely-spared-from-major-doge-cuts-so-far-pete-hegseth-elon-musk-defense-department","PAGE_TITLE","False","a3219d4c2ce79bdc61edfdcb4e22c6c4ddc9e10c2074b3658668cb1607beac62","False","False","","False","","0","","False","False"
"XXDG","DOGE","True","20250401001500-527","20250401001500","wtov9.com","https://wtov9.com/news/nation-world/pentagon-largely-spared-from-major-doge-cuts-so-far-pete-hegseth-elon-musk-defense-department","PAGE_TITLE","False","a3219d4c2ce79bdc61edfdcb4e22c6c4ddc9e10c2074b3658668cb1607beac62","False","False","","False","","0","","False","False"
"XXDG","DOGE","True","20250401001500-634","20250401001500","wbfo.org","https://www.wbfo.org/local/2025-03-31/first-doge-office-cut-may-be-the-deepest-and-it-is-not-that-deep-as-first-thought","PAGE_TITLE","False","7e41bf831c4726156615027c2683e5478470bee6d44e5dc25a946aef12caeb08","False","False","","False","","0","","False","False"
"XXDG","DOGE","True","20250401003000-468","20250401003000","reason.com","https://reason.com/podcast/2025/03/31/time-for-a-doge-dance-party/","PAGE_TITLE","False","8be72438da70927c0177b179fb9912933fdda740c846595758f4e7f3bbe2c465","False","False","","False","","0","","False","False"
"XXDG","DOGE","True","20250401003000-604","20250401003000","wunc.org","https://www.wunc.org/2025-03-31/doge-staffer-who-shared-treasury-data-now-has-more-access-to-government-systems","PAGE_TITLE","False","26aea86a8d1fb1074ab4b8cb09c0657d34aa0253dfb66e0985f6cc4f656e7971","False","False","","False","","0","","False","False"
"XXDG","Dogecoin","False","20250401040000-287","20250401040000","newsbtc.com","https://www.newsbtc.com/news/dogecoin/dogecoin-30-40-chance-of-crash/","PAGE_TITLE","True","6103cfff8dc5ebf86eca4412b70d5963d1d8eadd36c64c3e3434439a6205697c","False","False","","True","price","0","","False","True"
"XXDG","Dogecoin","False","20250401041500-244","20250401041500","benzinga.com","https://www.benzinga.com/25/03/44577286/pepe-outgains-dogecoin-shiba-inu-with-4-rally-but-contradicting-signals-emerge-regarding-next-moves","PAGE_TITLE","True","9a3c9755b783a4758d3032ed3248b94312594a4251c3cce73cf9744fe8d83540","True","False","","False","","2","PEPE|SHIB","True","True"
"XXDG","Dogecoin","False","20250401041500-913","20250401041500","biztoc.com","https://biztoc.com/x/f5cc0a0b596ad28a","PAGE_TITLE","True","a8db1e55b712a940d342a1ded883b1c9b52a681eb29ffb5f232f122da9d8a50a","True","True","wallet","False","","2","XETH|XXBT","True","True"
"XXDG","Dogecoin","False","20250401044500-708","20250401044500","biztoc.com","https://biztoc.com/x/24b03e2beaaccea8","PAGE_TITLE","True","9a3c9755b783a4758d3032ed3248b94312594a4251c3cce73cf9744fe8d83540","True","False","","False","","2","PEPE|SHIB","True","True"
"XXDG","Dogecoin","False","20250401053000-984","20250401053000","finanznachrichten.de","https://www.finanznachrichten.de/nachrichten-2025-04/64987467-za-fundings-ltd-za-miner-launches-free-cloud-mining-platform-empowering-bitcoin-and-dogecoin-enthusiasts-in-2025-399.htm","PAGE_TITLE","True","242dc8a36cd492df9721c537206c4839bacbdf2ffa3921162a52ccbb9f511686","False","False","","False","","1","XXBT","False","True"
"XXDG","Dogecoin","False","20250401063000-403","20250401063000","benzinga.com","https://www.benzinga.com/trading-ideas/movers/25/04/44577936/bitcoin-dogecoin-shaken-by-trumps-tariff-announcements-in-q1-but-this-lesser-known-crypto-exploded-490-heres-why","PAGE_TITLE","True","f5109bf008051809e659dbb977b7706a05073f56cee2980edb8999a200a88182","True","True","crypto","False","","1","XXBT","True","True"
"XXDG","Dogecoin","False","20250401063000-967","20250401063000","biztoc.com","https://biztoc.com/x/e0a2f980006c33d0","PAGE_TITLE","True","8010d74f89bc316732600cbd211b71738fc46ede79da8d9e356c28ec0705bfe8","True","True","crypto","False","","1","XXBT","True","True"
"XXDG","Dogecoin","False","20250401071500-493","20250401071500","benzinga.com","https://www.benzinga.com/trading-ideas/movers/25/04/44577936/bitcoin-dogecoin-shaken-by-trumps-tariff-announcements-in-q1-but-this-lesser-known-crypto-ex","PAGE_TITLE","True","f5109bf008051809e659dbb977b7706a05073f56cee2980edb8999a200a88182","True","True","crypto","False","","1","XXBT","True","True"
"XXDG","Dogecoin","False","20250401133000-1104","20250401133000","newsbtc.com","https://www.newsbtc.com/news/dogecoin/analyst-dogecoin-chart-beauty/","PAGE_TITLE","True","edc712d38648330ecfa2543d863ad4bd971d4cf9b1bd3f4f171cc26d5088d48a","False","False","","False","","0","","False","False"
"XXDG","Dogecoin","False","20250401133000-1656","20250401133000","punchng.com","https://punchng.com/dogecoin-solana-xrp-price-prediction-trio-set-for-a-violent-comeback-while-rexas-finance-rxs-remains-unshaken-by-volatility/","PAGE_TITLE","True","386ecdaf096b5a515fa5bc13d1aded186eea90be66e98c6a40d4e80e8fe11e45","True","False","","True","price","1","SOL","True","True"
"XXDG","Dogecoin","False","20250401134500-679","20250401134500","fxstreet.com","https://www.fxstreet.com/cryptocurrencies/news/dogecoin-price-prediction-doge-bulls-defend-lifeline-support-as-risk-off-sentiment-continues-202504011318","PAGE_TITLE","True","426385ef31aad0518b517cea768045ad8901c7a1fa6ed92d9bc38663b2ffe36d","True","False","","True","price","0","","True","True"
"XXDG","Dogecoin","False","20250401151500-590","20250401151500","benzinga.com","https://www.benzinga.com/markets/cryptocurrency/25/04/44587247/dogecoin-killer-shiba-inu-surges-5-what-is-going-on","PAGE_TITLE","True","41173f11a693d8fcebd651f1582f77b23d5ff84dab53ee97cfabe7b1190e704b","True","False","","False","","1","SHIB","True","True"
"XXLM","Stellar","True","20250401021500-551","20250401021500","mlb.com","https://www.mlb.com/bluejays/news/yariel-rodriguez-blue-jays-2025","PAGE_TITLE","False","b8f44cbc1ef555d233835a763f3b868a70048ef10826646e4b2d25d6e1720773","False","False","","False","","0","","False","False"
"XXLM","Stellar","True","20250401030000-147","20250401030000","yahoo.com","https://www.yahoo.com/news/mosley-alum-martinez-having-stellar-010920287.html","PAGE_TITLE","False","e659c4f3786e03691178a0b4f601d458904057b01f8ac343b68ec64a04d9298c","False","False","","False","","0","","False","False"
"XXLM","Stellar","True","20250401114500-1561","20250401114500","news18.com","https://www.news18.com/photogallery/photogallery/mi-vs-kkr-ipl-2025-in-photos-ashwanis-fiery-debut-rickeltons-stellar-fifty-sparks-first-win-for-mumbai-indians-9282043.html","PAGE_TITLE","False","c2e32bbf4cdf2392544ee2e1c4e13f03a09850d9f2ae0176d5e45737a7088695","False","False","","False","","0","","False","False"
"XXLM","Stellar","True","20250401124500-878","20250401124500","marketscreener.com","https://www.marketscreener.com/news/latest/Conservative-cable-news-channel-Newsmax-extends-gains-after-stellar-debut-49496117/","PAGE_TITLE","False","0a486fe4304f0a11566db92ecdd40856abb08cb82ca0b9d7ddd3bae459527792","False","False","","False","","0","","False","False"
"XXLM","Stellar","True","20250401130000-220","20250401130000","theglobeandmail.com","https://www.theglobeandmail.com/investing/article-us-conservative-cable-news-channel-newsmax-extends-gains-after-stellar/","PAGE_TITLE","False","33d3611ed53b9272cd75e991eb8fa08d899214f7473c790bb5b66edabb5352e2","False","False","","False","","0","","False","False"
"XXLM","Stellar","True","20250401131500-424","20250401131500","prnewswire.com","https://www.prnewswire.com/news-releases/smokeslam-bbq-festival-announces-star-studded-live-fire-experience-and-stellar-music-lineup-302416953.html","PAGE_TITLE","False","21f7e1fa5bdf06d04758c94d3dda3a40af565f5cd8982833080eb0c0ab28401b","False","False","","False","","0","","False","False"
"XXLM","Stellar","True","20250401154500-1731","20250401154500","sohu.com","https://www.sohu.com/a/878455593_122328931","PAGE_TITLE","False","20ae4c11c2907078603680ece7c5f967fd778bce874b0ba11c7f5f0b4a440906","False","False","","False","","0","","False","False"
"XXLM","Stellar","True","20250401170000-559","20250401170000","carbuzz.com","https://carbuzz.com/2025-porsche-911-carrera-s-first-drive-review/","PAGE_TITLE","False","65c6a6dcd7baa8799f06e0f3534e4b9a481c7244537daa936a8f9c8e7c27d61f","False","False","","False","","0","","False","False"
"XXLM","Stellar","True","20250401173000-1179","20250401173000","insidefutbol.com","http://insidefutbol.com/2025/04/01/portsmouth-star-dubbed-stellar-by-former-championship-hitman/677304/","PAGE_TITLE","False","3446101e9aebb026f1d80622e9f73868f25bb7ff4c552b857eff1fee470a74f0","False","False","","False","","0","","False","False"
"XXLM","Stellar","True","20250401181500-564","20250401181500","atlantadailyworld.com","https://atlantadailyworld.com/2025/04/01/bravo-ballethnic-all-the-way-live-is-an-electrifying-show-with-stellar-performances/","PAGE_TITLE","False","38c5089865413b62fba9a41aea46363510a1d551b17e1273870cc79177bb33f3","False","False","","False","","0","","False","False"
"XXLM","Stellar","True","20250401183000-2129","20250401183000","eladelantado.com","https://eladelantado.com/news/galaxy-proxima-centauri-activity/","PAGE_TITLE","False","019a199b95b4cbb32dd739c5863b0ddfd986809726db45077c79e5acc2fbd55c","False","False","","False","","0","","False","False"
"XXLM","Stellar","True","20250401200000-1222","20250401200000","yahoo.com","https://www.yahoo.com/news/astrotourism-discover-utah-stellar-destinations-190134599.html","PAGE_TITLE","False","d7061d841fd1861b78c2cb4239003b67ecec117fa483e99006a4d871866f88cf","False","False","","False","","0","","False","False"
"XXMR","Monero","False","20250410150000-1494","20250410150000","ibtimes.co.uk","https://www.ibtimes.co.uk/monero-vs-dash-which-better-privacy-coin-1732623","PAGE_TITLE","True","d5f3e1d09d447b93bcd5ccc8b74c0461427fd7d6bde1dcc9df9babea1552eb0d","True","False","","True","coin","0","","True","True"
"XXMR","Monero","False","20250411150000-1499","20250411150000","themarketsdaily.com","https://www.themarketsdaily.com/2025/04/11/monero-reaches-market-capitalization-of-3-73-billion-xmr.html","PAGE_TITLE","True","9b137315b7271024b9bbc96d4ca85925b1d8dc5299f72d5ca8cf65cd02482fcd","True","False","","True","market capitalization","0","","True","True"
"XXMR","Monero","False","20250412131500-243","20250412131500","insidebitcoins.com","https://insidebitcoins.com/sponsored/top-crypto-gainers-today-apr-12-xdc-network-alchemy-pay-monero-akash-network","PAGE_TITLE","True","a2f00ef3071e0b6247811c0a6a5565464529c26fd2b5a126764338ab2704fe08","False","True","crypto","False","","0","","True","True"
"XXMR","Monero","False","20250415051500-414","20250415051500","invezz.com","https://invezz.com/news/2025/04/15/crypto-price-predictions-monero-vechain-onyxcoin-kaspa/","PAGE_TITLE","True","65761b4a542e77c67b1cc407248c2ce036c6d0cb605e7ad161cbffba24d08401","True","True","crypto","True","price","0","","True","True"
"XXMR","Monero","False","20250415131500-1055","20250415131500","coindesk.com","https://www.coindesk.com/markets/2025/04/15/bitcoin-eyes-gains-versus-gold-after-trendline-breakout-monero-sees-golden-cross","PAGE_TITLE","True","a942c91b9e3d16a8e0d9e22e71512461ace3303125d19b59f7f377c6a0057059","True","False","","True","price","1","XXBT","True","True"
"XXMR","Monero","False","20250415131500-209","20250415131500","biztoc.com","https://biztoc.com/x/32f38cbb720212a5","PAGE_TITLE","True","84621e49390c4f6700e89bf1ac8834580a06e492554de9c4e29e976ac3ecf510","True","False","","False","","1","XXBT","True","True"
"XXMR","Monero","False","20250415161500-1471","20250415161500","tickerreport.com","https://www.tickerreport.com/banking-finance/12915960/monero-price-reaches-215-20-xmr.html","PAGE_TITLE","True","c6223ce36d71d97503bfda37177521c7aff484aca319fcb7bd1031a7760aa546","True","False","","True","price","0","","True","True"
"XXMR","Monero","False","20250422180000-590","20250422180000","insidebitcoins.com","https://insidebitcoins.com/sponsored/5-best-altcoins-to-buy-now-april-22-fellaz-ronin-monero","PAGE_TITLE","True","b865b492fdc5f313924b2bae3b8b46f5ba7436329c89aca9dd2e91ff10ac7907","False","True","altcoins","False","","0","","True","True"
"XXMR","Monero","False","20250428064500-142","20250428064500","fxstreet.com","https://www.fxstreet.com/cryptocurrencies/news/cryptocurrencies-price-prediction-monero-bitcoin-ethereum-asian-wrap-28-april-202504280539","PAGE_TITLE","True","2b812a11d65cc39615880eddb86cdc3987e34387311f2fab0b1da34741595961","True","True","cryptocurrencies","True","price","2","XETH|XXBT","True","True"
"XXMR","Monero","False","20250428074500-76","20250428074500","biztoc.com","https://biztoc.com/x/0f026939c62374d0","PAGE_TITLE","True","045ebd7a8ba93fe4129d69f9cf365dff6b924311fd2b3aa6daf935f805cf4b5e","True","True","crypto","False","","0","","True","True"
"XXMR","Monero","False","20250428101500-445","20250428101500","coindesk.com","https://www.coindesk.com/markets/2025/04/28/monero-price-surge-likely-attributable-to-large-hack-zachxbt","PAGE_TITLE","True","d91ac01d8859e11a5c970527971ea3b6cc92e040309e9f04b2db7c6d2dd85db3","True","False","","False","","1","XXBT","True","True"
"XXMR","Monero","False","20250428101500-879","20250428101500","coindesk.com","https://www.coindesk.com/markets/2025/04/28/moneros-xmr-rockets-40-as-xrp-leads-crypto-majors-gains","PAGE_TITLE","True","ba5386d9412363088d595fb9dfbe64d1b867aa5555ae51f387c0b8287bacba3f","True","True","cryptocurrencies","True","price","0","","True","True"
"XXRP","Ripple","False","20250401030000-858","20250401030000","krcu.org","https://www.krcu.org/economy/2025-03-31/rural-mo-charity-braces-for-ripple-effects-of-federal-cuts","PAGE_TITLE","True","6cbf210b271ae90260c7fcccaddc8652002b67995a5932e380c33639985a7aa9","False","False","","False","","0","","False","False"
"XXRP","Ripple","False","20250401033000-500","20250401033000","kztv10.com","https://www.kztv10.com/news/local-news/shortage-of-nueces-county-prosecutors-leaves-ripple-effect-in-community","PAGE_TITLE","True","467ae2906244ec4b8e25971d90d40d358ecb357ee8cf6ead2dc110fbf7d31d58","False","False","","False","","0","","False","False"
"XXRP","Ripple","False","20250401063000-1148","20250401063000","invezz.com","https://invezz.com/news/2025/04/01/xrp-price-prediction-for-april-2025-buy-sell-or-hold-ripple/","PAGE_TITLE","True","b8d522d54726d265722db0a4862f886be0a801b530b66f38329ee8782236401d","False","False","","True","price","0","","False","True"
"XXRP","Ripple","False","20250401081500-271","20250401081500","starmometer.com","https://starmometer.com/2025/04/01/the-ripple-podcast-to-feature-benben-moira-sb19-and-more/","PAGE_TITLE","True","6dad3958b54fd1c6773956f07c0c0f02a08d66f53973f5a318e021d57ff32d08","False","False","","False","","0","","False","False"
"XXRP","Ripple","False","20250401151500-788","20250401151500","cyprus-mail.com","https://cyprus-mail.com/2025/04/01/ripple-xrp-price-loses-another-key-level-to-bears-as-mutuum-finance-mutm-catches-fire-gunning-for-a-28x-rally","PAGE_TITLE","True","c794998ee896cdc256ce458f171846d2334f9938f7f2a31c2ba515808642b72c","True","False","","True","price","0","","True","True"
"XXRP","Ripple","False","20250401210000-1640","20250401210000","techstory.in","https://techstory.in/xrp-wipes-11-billion-just-48-hours-after-ripple-case-dismissed/","PAGE_TITLE","True","8d38881a4c489abadd2a2fb83a0faeefa513d3d8968f0a9d06a42535dcf99770","True","False","","False","","0","","True","True"
"XXRP","Ripple","False","20250401233000-999","20250401233000","forbes.com","https://www.forbes.com/sites/josipamajic/2025/04/01/university-endowments-under-pressure-the-ripple-effect-on-venture-capital/","PAGE_TITLE","True","902ce54ac005dfaacc0ff618f3b44efe0e925b022656a8e84c14c6b48d3cb32b","False","False","","False","","0","","False","False"
"XXRP","Ripple","False","20250402051500-1284","20250402051500","fxstreet.com","https://www.fxstreet.com/cryptocurrencies/news/top-3-price-prediction-bitcoin-ethereum-ripple-btc-eth-and-xrp-brace-for-volatility-amid-trumps-liberation-day-202504020338","PAGE_TITLE","True","0ee8350ab5916ec0733326e2fb4215bf164df82dbfca6d4cbd54685a1675398a","True","False","","True","price","2","XETH|XXBT","True","True"
"XXRP","Ripple","False","20250402104500-526","20250402104500","fool.com","https://www.fool.com/investing/2025/04/02/better-buy-in-2025-xrp-ripple-or-dogecoin/?source=iedfolrf0000001","PAGE_TITLE","True","7ace8346d079c87c70d46b4f56e70647d4dc90adef43f30871b33eeffd5d2c22","True","False","","False","","1","XXDG","True","True"
"XXRP","Ripple","False","20250402113000-1347","20250402113000","smh.com.au","https://www.smh.com.au/sport/nrl/haas-future-at-broncos-is-clouded-and-his-decision-will-have-a-knock-on-effect-20250402-p5lohm.html","PAGE_TITLE","True","f4c1e877908ee5589455223a4c7bbda424e93867ec05ec0f8cca3e1d35dca001","False","False","","False","","0","","False","False"
"XXRP","Ripple","False","20250402124500-1193","20250402124500","yahoo.com","https://finance.yahoo.com/news/think-xrp-ripple-expensive-chart-121900231.html","PAGE_TITLE","True","1dae90220959a6ebfdc06cf1e5d2ed81807cf8b3e901a233e85b7fd2d49bd6fa","True","False","","False","","0","","True","True"
"XXRP","Ripple","False","20250402130000-286","20250402130000","thebanker.com","https://www.thebanker.com/content/c12cffda-9cf6-4801-8e1d-1de3bab1318f","PAGE_TITLE","True","f3a33a20dca9dfb6f851483db027b817a1a5e89810bec9ac6e68a05bac18ceac","False","False","","False","","0","","False","False"
