"base_asset_id","base_exchange_symbol","q2_pair_count","q2_typed_observation_count","current_candidate_count","current_candidate_ids","current_candidate_names","candidate_records_json","candidate_records_sha256","mapping_status","mapping_approved"
"1INCH","1INCH","2","8079","1","1inch","1INCH","[{""id"":""1inch"",""symbol"":""1inch"",""name"":""1INCH"",""platforms"":{""arbitrum-one"":""0x6314c31a7a1652ce482cffe247e9cb7c3f4bb9af"",""avalanche"":""0xd501281565bf7789224523144fe5d98e8b28f267"",""base"":""0xc5fecc3a29fb57b5024eec8a2239d4621e111cbe"",""binance-smart-chain"":""0x111111111117dc0aa78b770fa6a738034120c302"",""ethereum"":""0x111111111117dc0aa78b770fa6a738034120c302"",""linea"":""0x10f04e61bd6019d6c9b0bf4907e805a64b92ee3e"",""optimistic-ethereum"":""0xad42d013ac31486b73b6b059e748172994736426"",""robinhood"":""0x1755c2910c126ee1b0cf1e08a307dc9e787285a0"",""unichain"":""0xbe41cde1c5e75a7b6c2c70466629878aa9acd06e"",""zksync"":""0x3f0b8b206a7fbdb3ecfc08c9407ca83f5ab1ce59""}}]","532308d13e5810662c1831218f30eaa0bd40172c26d51ca8665e285df2ae80e2","single_current_candidate_review_required","False"
"AAVE","AAVE","5","103577","1","aave","Aave","[{""id"":""aave"",""symbol"":""aave"",""name"":""Aave"",""platforms"":{""arbitrum-one"":""0xba5ddd1f9d7f570dc94a51479a000e3bce967196"",""avalanche"":""0x63a72806098bd3d9520cc43356dd78afe5d386d9"",""base"":""0x63706e401c06ac8513145b7687a14804d17f814b"",""binance-smart-chain"":""0xfb6115445bff7b52feb98650c87f44907e58f802"",""energi"":""0xa7f2f790355e0c32cab03f92f6eb7f488e6f049a"",""ethereum"":""0x7fc66500c84a76ad7e9c93437bfc5ac33e2ddae9"",""fantom"":""0x6a07a792ab2965c72a5b8088d3a069a7ac3a993b"",""harmony-shard-0"":""0xcf323aad9e522b93f11c352caa519ad0e14eb40f"",""huobi-token"":""0x202b4936fe1a82a4965220860ae46d7d3939bb25"",""hydration"":""asset_registry%2F1000624"",""near-protocol"":""7fc66500c84a76ad7e9c93437bfc5ac33e2ddae9.factory.bridge.near"",""optimistic-ethereum"":""0x76fb31fb4af56892a25e32cfc43de717950c9278"",""polygon-pos"":""0xd6df932a45c0f255f85145f286ea0b292b21c90b"",""solana"":""AavE1kKKnesPw4MuRJmJ9jZs9QzEE8CPxQ3ViczUDfc1"",""sora"":""0x0091bd8d8295b25cab5a7b8b0e44498e678cfc15d872ede3215f7d4c7635ba36""}}]","64a9998924cb1781992aa22beb456da46a5e62871e70727783bb965d9461d0af","single_current_candidate_review_required","False"
"ACA","ACA","2","3929","1","acala","Acala","[{""id"":""acala"",""symbol"":""aca"",""name"":""Acala"",""platforms"":{""polkadot"":""""}}]","9f4238b82956b4431fcdcb8ecffef5937ebea131ae1a7cd6720510c9bf42c26c","single_current_candidate_review_required","False"
"ACH","ACH","2","24647","1","alchemy-pay","Alchemy Pay","[{""id"":""alchemy-pay"",""symbol"":""ach"",""name"":""Alchemy Pay"",""platforms"":{""binance-smart-chain"":""0xbc7d6b50616989655afd682fb42743507003056d"",""ethereum"":""0xed04915c23f00a313a544955524eb7dbd823143d""}}]","ba8139b4bd8ac888a7aeefd7ea546f3e34dba070cc1166bd925a72857342f0dd","single_current_candidate_review_required","False"
"ACT","ACT","2","11148","3","acet-token|achain|act-i-the-ai-prophecy","Acet|Achain|Act I The AI Prophecy","[{""id"":""acet-token"",""symbol"":""act"",""name"":""Acet"",""platforms"":{""binance-smart-chain"":""0x9f3bcbe48e8b754f331dfc694a894e8e686ac31d""}},{""id"":""achain"",""symbol"":""act"",""name"":""Achain"",""platforms"":{}},{""id"":""act-i-the-ai-prophecy"",""symbol"":""act"",""name"":""Act I The AI Prophecy"",""platforms"":{""solana"":""GJAFwWjJ3vnTsrQVabjBVK2TYB1YtRCQXRDfDgUnpump""}}]","ba72d67cc0fcb2aeaceb9501ba4b1b929074e454da1e0f671467eff44550e6a9","ambiguous_current_candidates","False"
"ACX","ACX","2","2976","1","across-protocol","Across Protocol","[{""id"":""across-protocol"",""symbol"":""acx"",""name"":""Across Protocol"",""platforms"":{""arbitrum-one"":""0x53691596d1bce8cea565b84d4915e69e03d9c99d"",""boba"":""0x96821b258955587069f680729cd77369c0892b40"",""ethereum"":""0x44108f0223a3c3028f5fe7aec7f9bb2e66bef82f"",""optimistic-ethereum"":""0xff733b2a3557a7ed6697007ab5d11b79fdd1b76b"",""polygon-pos"":""0xf328b73b6c685831f238c30a23fc19140cb4d8fc""}}]","f64747abdb0dc9ef1a2da58d1544c360654563c02bdf7a28194c8cee53394908","single_current_candidate_review_required","False"
"ADA","ADA","8","253582","3","ada-the-dog|binance-peg-cardano|cardano","Binance-Peg Cardano|Cardano|TOLY'S DOG","[{""id"":""ada-the-dog"",""symbol"":""ada"",""name"":""TOLY\u0027S DOG"",""platforms"":{""solana"":""E4Q5pLaEiejwEQHcM9GeYSQfMyGy8DJ4bPWgeYthn24v""}},{""id"":""binance-peg-cardano"",""symbol"":""ada"",""name"":""Binance-Peg Cardano"",""platforms"":{""binance-smart-chain"":""0x3ee2200efb3400fabb9aacf31297cbdd1d435d47"",""harmony-shard-0"":""0x582617bd8ca80d22d4432e63fda52d74dcdcee4c""}},{""id"":""cardano"",""symbol"":""ada"",""name"":""Cardano"",""platforms"":{}}]","aad8bcf9584ddc08e6c21996107865fd141562dd37d3746e5fa9b6f4e075f723","ambiguous_current_candidates","False"
"ADX","ADX","2","2977","2","adex|adrena","Adrena|heyAura","[{""id"":""adex"",""symbol"":""adx"",""name"":""heyAura"",""platforms"":{""binance-smart-chain"":""0x6bff4fb161347ad7de4a625ae5aa3a1ca7077819"",""ethereum"":""0xade00c28244d5ce17d72e40330b1c318cd12b7c3"",""robinhood"":""0xf82119ebd01eb6ab67105c9536a713d61a25cf9f""}},{""id"":""adrena"",""symbol"":""adx"",""name"":""Adrena"",""platforms"":{""solana"":""AuQaustGiaqxRvj2gtCdrd22PBzTn8kM3kEPEkZCtuDw""}}]","484fe7ebe9c4e631a06522afe380930b1e182a2e651b49ba859556ee25778f14","ambiguous_current_candidates","False"
"AERO","AERO","2","26639","1","aerodrome-finance","Aerodrome Finance","[{""id"":""aerodrome-finance"",""symbol"":""aero"",""name"":""Aerodrome Finance"",""platforms"":{""base"":""0x940181a94a35a4569e4529a3cdfb74e38fd98631""}}]","13645ebe779ea263898fcede8a589144305d3b488bcd745268bdf672c17629e4","single_current_candidate_review_required","False"
"AEVO","AEVO","2","5383","1","aevo-exchange","Aevo","[{""id"":""aevo-exchange"",""symbol"":""aevo"",""name"":""Aevo"",""platforms"":{""ethereum"":""0xb528edbef013aff855ac3c50b381f253af13b997""}}]","baa435e47c1e1fb064d5d9d5194ea76f721381e35fe35a07c2fa005be58769e4","single_current_candidate_review_required","False"
"AGLD","AGLD","2","1790","1","adventure-gold","Adventure Gold","[{""id"":""adventure-gold"",""symbol"":""agld"",""name"":""Adventure Gold"",""platforms"":{""ethereum"":""0x32353a6c91143bfd6c7d363b546e62a9a2489a20""}}]","b7cfa4bdfde39f38788288f52fa98211f51aa0378aa61d1b053b55b09754b674","single_current_candidate_review_required","False"
"AI16Z","AI16Z","4","60380","1","ai16z","ai16z","[{""id"":""ai16z"",""symbol"":""ai16z"",""name"":""ai16z"",""platforms"":{""solana"":""HeLp6NuQkmYB4pYWo2zYs22mESHXPQYzXbB8n4V98jwC""}}]","6e42854c441c1f62b2b67ea4a24d17da506dd9782b6cd6acd243542153c8a959","single_current_candidate_review_required","False"
"AIR","AIR","2","10824","2","airian|spacebar","AIRian|Spacebar","[{""id"":""airian"",""symbol"":""air"",""name"":""AIRian"",""platforms"":{""ethereum"":""0x294b9da569c0d694870239813bbe7b5824fd2339""}},{""id"":""spacebar"",""symbol"":""air"",""name"":""Spacebar"",""platforms"":{}}]","ce0f5db227fb07c314dc79fbc8028cff0e1bb38108fa188124f3c4e3484fdc81","ambiguous_current_candidates","False"
"AIXBT","AIXBT","2","18186","1","aixbt","aixbt","[{""id"":""aixbt"",""symbol"":""aixbt"",""name"":""aixbt"",""platforms"":{""base"":""0x4f9fd6be4a90f2620860d680c0d4d5fb53d1a825"",""ethereum"":""0x0d37af9d8ae74f35f3a38bd2a08fcb29890ca6d2"",""solana"":""14zP2ToQ79XWvc7FQpm4bRnp9d6Mp1rFfsUW3gpLcRX""}}]","9ce29d0e9f4ac0698c9bb7259ab03c328aac2fcf6bfec245687ad59689d5c9a8","single_current_candidate_review_required","False"
"AKT","AKT","2","44050","2","akash-network|akita-inu-2","Akash Network|Akita Inu","[{""id"":""akash-network"",""symbol"":""akt"",""name"":""Akash Network"",""platforms"":{""akash"":""uakt"",""archway"":""ibc/C2CFB1C37C146CF95B0784FD518F8030FEFC76C5800105B1742FB65FFE65F873"",""osmosis"":""ibc/1480B8FD20AD5FCAE81EA87584D269547DD4D436843C1D20F15E00EB64743EF4""}},{""id"":""akita-inu-2"",""symbol"":""akt"",""name"":""Akita Inu"",""platforms"":{""solana"":""hUoehiMy279k95UeSijKkjx7RUsb676KSDgJ2i3xYbW""}}]","37ea9f5766a31b20c86c5aa00f03844e78b40201c710b9e246e4e2956171e4da","ambiguous_current_candidates","False"
"ALCH","ALCH","2","4827","1","alchemist-ai","Alchemist AI","[{""id"":""alchemist-ai"",""symbol"":""alch"",""name"":""Alchemist AI"",""platforms"":{""solana"":""HNg5PYJmtqcmzXrv6S9zP1CDKk5BgDuyFBxbvNApump""}}]","30b92e166df4f5290785c9cf6eaa63e2c09a98e085d2d373b6b70d7038c3495c","single_current_candidate_review_required","False"
"ALCX","ALCX","2","4544","1","alchemix","Alchemix","[{""id"":""alchemix"",""symbol"":""alcx"",""name"":""Alchemix"",""platforms"":{""ethereum"":""0xdbdb4d16eda451d0503b854cf79d55697f90c8df"",""near-protocol"":""dbdb4d16eda451d0503b854cf79d55697f90c8df.factory.bridge.near""}}]","5d7074cf57ab40d0cf775ef57b0ffd669498fbb41af5591cc295f378ad61ee6a","single_current_candidate_review_required","False"
"ALGO","ALGO","7","105133","2","algorand|dear-algorithm","Algorand|Dear Algorithm","[{""id"":""algorand"",""symbol"":""algo"",""name"":""Algorand"",""platforms"":{}},{""id"":""dear-algorithm"",""symbol"":""algo"",""name"":""Dear Algorithm"",""platforms"":{""solana"":""3F57ME7sgqaGnajTd5XZeAzsgmE1nxyZvkAUsvRgpump""}}]","d2cb2597bc0f345370dfaceefa1f3756349727a5e3bf40e8d7cb51d933db42a7","ambiguous_current_candidates","False"
"ALICE","ALICE","2","1351","3","alice-2|alice-4|my-neighbor-alice","AdaptLearnIntellectCompanyEngine|Alice|My Neighbor Alice","[{""id"":""alice-2"",""symbol"":""alice"",""name"":""Alice"",""platforms"":{""internet-computer"":""oj6if-riaaa-aaaaq-aaeha-cai""}},{""id"":""alice-4"",""symbol"":""alice"",""name"":""AdaptLearnIntellectCompanyEngine"",""platforms"":{""solana"":""HWrgYyGdivwuxV2ePxbk6vwkrKYqMa7is9fYMm5kcQWY""}},{""id"":""my-neighbor-alice"",""symbol"":""alice"",""name"":""My Neighbor Alice"",""platforms"":{""binance-smart-chain"":""0xac51066d7bec65dc4589368da368b212745d63e8"",""ethereum"":""0xac51066d7bec65dc4589368da368b212745d63e8""}}]","0d3b85fdad602981f36390e91707a3d75910c9b5d1a7d860280404bb4464f914","ambiguous_current_candidates","False"
"ALPHA","ALPHA","2","9500","7","alpha-3|alpha-4|alpha-6|alphaarc|alphablockai|alpha-fi|alpha-finance","Alpha|Alpha|Alpha Fi|AlphaArc|AlphaBlockAI|Reject Modernity|Stella","[{""id"":""alpha-3"",""symbol"":""alpha"",""name"":""Reject Modernity"",""platforms"":{""solana"":""2zrH2jE542mzB4HABgBjdWMQPtNC5H12pwo1iLpfpump""}},{""id"":""alpha-4"",""symbol"":""alpha"",""name"":""Alpha"",""platforms"":{""solana"":""2sCUCJdVkmyXp4dT8sFaA9LKgSMK4yDPi9zLHiwXpump""}},{""id"":""alpha-6"",""symbol"":""alpha"",""name"":""Alpha"",""platforms"":{""base"":""0x3d01fe5a38ddbd307fdd635b4cb0e29681226d6f""}},{""id"":""alphaarc"",""symbol"":""alpha"",""name"":""AlphaArc"",""platforms"":{""solana"":""Cg93SZJkHePybZqGDuyXLf5Ag5sB2cpWfHUG8wNPpump""}},{""id"":""alphablockai"",""symbol"":""alpha"",""name"":""AlphaBlockAI"",""platforms"":{""solana"":""3wtGGWZ8wLWW6BqtC5rxmkHdqvM62atUcGTH4cw3pump""}},{""id"":""alpha-fi"",""symbol"":""alpha"",""name"":""Alpha Fi"",""platforms"":{""sui"":""0xfe3afec26c59e874f3c1d60b8203cb3852d2bb2aa415df9548b8d688e6683f93::alpha::ALPHA""}},{""id"":""alpha-finance"",""symbol"":""alpha"",""name"":""Stella"",""platforms"":{""avalanche"":""0x2147efff675e4a4ee1c2f918d181cdbd7a8e208f"",""binance-smart-chain"":""0xa1faa113cbe53436df28ff0aee54275c13b40975"",""energi"":""0x05b357201b31093a13a22d76de1b1eb23ad83017"",""ethereum"":""0xa1faa113cbe53436df28ff0aee54275c13b40975""}}]","b064018729503e749835f010a58e4f027494d9fd02a939e085b324682035f16b","ambiguous_current_candidates","False"
"ALT","ALT","2","6938","5","alitas|alt|altcoin-2|altdeer|altlayer","Alitas|ALT|Altcoin|ALTDeer|AltLayer","[{""id"":""alitas"",""symbol"":""alt"",""name"":""Alitas"",""platforms"":{""binance-smart-chain"":""0x5ca09af27b8a4f1d636380909087536bc7e2d94d""}},{""id"":""alt"",""symbol"":""alt"",""name"":""ALT"",""platforms"":{""hyperevm"":""0xa3882d42ed12b57c10c85e8ec8febd0774600000""}},{""id"":""altcoin-2"",""symbol"":""alt"",""name"":""Altcoin"",""platforms"":{""solana"":""Cdq1WR1d4i2hMrqKUWgZeUbRpkhamGHSvm1f6ATpuray""}},{""id"":""altdeer"",""symbol"":""alt"",""name"":""ALTDeer"",""platforms"":{""binance-smart-chain"":""0x2eb0d0586454f6d4b1bc00e9e79bf8aa2233c258""}},{""id"":""altlayer"",""symbol"":""alt"",""name"":""AltLayer"",""platforms"":{""binance-smart-chain"":""0x8457ca5040ad67fdebbcc8edce889a335bc0fbfb"",""ethereum"":""0x8457ca5040ad67fdebbcc8edce889a335bc0fbfb""}}]","0c03f5cc23f82677db18616cfe0629202df59b50bbcdee618d583809673f3676","ambiguous_current_candidates","False"
"ANKR","ANKR","3","7933","1","ankr","Ankr Network","[{""id"":""ankr"",""symbol"":""ankr"",""name"":""Ankr Network"",""platforms"":{""arbitrum-one"":""0xaeaeed23478c3a4b798e4ed40d8b7f41366ae861"",""avalanche"":""0xdf474b7109b73b7d57926d43598d5934131136b2"",""binance-smart-chain"":""0xf307910a4c7bbc79691fd374889b36d8531b08e3"",""blast"":""0x3580ac35bed2981d6bdd671a5982c2467d301241"",""ethereum"":""0x8290333cef9e6d528dd5618fb97a76f268f3edd4"",""fantom"":""0xdf474b7109b73b7d57926d43598d5934131136b2"",""linea"":""0xa8ae6365383eb907e6b4b1b7e82a35752cc5ef8c"",""mode"":""0xdf474b7109b73b7d57926d43598d5934131136b2"",""optimistic-ethereum"":""0xaeaeed23478c3a4b798e4ed40d8b7f41366ae861"",""polygon-pos"":""0x101a023270368c0d50bffb62780f4afd4ea79c35"",""polygon-zkevm"":""0xdf474b7109b73b7d57926d43598d5934131136b2"",""scroll"":""0xdf474b7109b73b7d57926d43598d5934131136b2""}}]","4d10402f8c21e17914f1668eb95be7b736ee976da7c747bd31d0428a4d6c69e6","single_current_candidate_review_required","False"
"ANLOG","ANLOG","2","2418","1","analog","Analog","[{""id"":""analog"",""symbol"":""anlog"",""name"":""Analog"",""platforms"":{""base"":""0x5305ba038217c391af7e79f6f653c8cbc433deba""}}]","2f24e799f5eb193c80c5ccfffb076d30d754e53f4252c6d1f297d66326a811e5","single_current_candidate_review_required","False"
"ANON","ANON","2","15749","6","anon-2|anon-ton|anonymous|anonymous-coin-2|heyanon|super-anon","Anon|ANON|anon|Anonymous|Anonymous Coin|Hey Anon","[{""id"":""anon-2"",""symbol"":""anon"",""name"":""anon"",""platforms"":{""solana"":""HqVZaYJnEcmKQKRf4K5N8eEuBjkTgpRzVfF7AYBFpump""}},{""id"":""anon-ton"",""symbol"":""anon"",""name"":""ANON"",""platforms"":{""the-open-network"":""EQDv-yr41_CZ2urg2gfegVfa44PDPjIK9F-MilEDKDUIhlwZ""}},{""id"":""anonymous"",""symbol"":""anon"",""name"":""Anonymous"",""platforms"":{""solana"":""8VJ51bdE3xorQ1zB7FEa8CsHdM4kw77xCFiCgbnL2qbT""}},{""id"":""anonymous-coin-2"",""symbol"":""anon"",""name"":""Anonymous Coin"",""platforms"":{""solana"":""FhvBDEr46meW6NHWHNeShDzvbXWabNzyT6uGinEgBAGS""}},{""id"":""heyanon"",""symbol"":""anon"",""name"":""Hey Anon"",""platforms"":{""arbitrum-one"":""0x79bbf4508b1391af3a0f4b30bb5fc4aa9ab0e07c"",""avalanche"":""0x79bbf4508b1391af3a0f4b30bb5fc4aa9ab0e07c"",""base"":""0x79bbf4508b1391af3a0f4b30bb5fc4aa9ab0e07c"",""binance-smart-chain"":""0x79bbf4508b1391af3a0f4b30bb5fc4aa9ab0e07c"",""ethereum"":""0x79bbf4508b1391af3a0f4b30bb5fc4aa9ab0e07c"",""hyperevm"":""0x79bbf4508b1391af3a0f4b30bb5fc4aa9ab0e07c"",""hyperliquid"":""0x5b56ac883c628df1fe24d463b3ac82ac"",""iota-evm"":""0x79bbf4508b1391af3a0f4b30bb5fc4aa9ab0e07c"",""kava"":""0x79bbf4508b1391af3a0f4b30bb5fc4aa9ab0e07c"",""metis-andromeda"":""0x79bbf4508b1391af3a0f4b30bb5fc4aa9ab0e07c"",""robinhood"":""0x79bbf4508b1391af3a0f4b30bb5fc4aa9ab0e07c"",""solana"":""9McvH6w97oewLmPxqQEoHUAv3u5iYMyQ9AeZZhguYf1T"",""sonic"":""0x79bbf4508b1391af3a0f4b30bb5fc4aa9ab0e07c""}},{""id"":""super-anon"",""symbol"":""anon"",""name"":""Anon"",""platforms"":{""base"":""0x0db510e79909666d6dec7f5e49370838c16d950f""}}]","8b4c4ca67c02df7e926da20d3d2ab203c341e2339f37993e3570a250ed3a37e0","ambiguous_current_candidates","False"
"APE","APE","4","19629","4","ape-3|apecoin|ape-lol|apetos","Ape|Ape.lol|ApeCoin|Apetos","[{""id"":""ape-3"",""symbol"":""ape"",""name"":""Ape"",""platforms"":{""ethereum"":""0xa0385e7283c83e2871e9af49eec0966088421ddd""}},{""id"":""apecoin"",""symbol"":""ape"",""name"":""ApeCoin"",""platforms"":{""arbitrum-one"":""0x7f9fbf9bdd3f4105c478b996b648fe6e828a1e98"",""binance-smart-chain"":""0x8f86a15ec17cb3369d8b3e666dadbc11daa82b79"",""ethereum"":""0x4d224452801aced8b2f0aebe155379bb5d594381"",""hyperevm"":""0xab11329560fa9c9c860bb21a9342215a1265bbb0"",""monad"":""0x6a7e3f839382fbb6a6131d4aae864aaeb362292d"",""polygon-pos"":""0xb7b31a6bc18e48888545ce79e83e06003be70930"",""robinhood"":""0x8f86a15ec17cb3369d8b3e666dadbc11daa82b79"",""solana"":""C1MHyoTJpRTeS9AQCyspNVu2EWAYCZwmJ1jNkEArFP1f""}},{""id"":""ape-lol"",""symbol"":""ape"",""name"":""Ape.lol"",""platforms"":{""solana"":""DF5yCVTfhVwvS1VRfHETNzEeh1n6DjAqEBs3kj9frdAr""}},{""id"":""apetos"",""symbol"":""ape"",""name"":""Apetos"",""platforms"":{""aptos"":""0xada35ada7e43e2ee1c39633ffccec38b76ce702b4efc2e60b50f63fbe4f710d8::apetos_token::ApetosCoin""}}]","7196579ce8a633254d342fbb23a362e5ef36c8f99bcb786b6e30c1bc001f4216","ambiguous_current_candidates","False"
"APENFT","APENFT","2","8077","0","","","[]","4f53cda18c2baa0c0354bb5f9a3ecbe5ed12ab4d8e11ba873c2f11161202b945","no_current_candidate","False"
"API3","API3","2","23614","1","api3","Api3","[{""id"":""api3"",""symbol"":""api3"",""name"":""Api3"",""platforms"":{""ethereum"":""0x0b38210ea11411557c13457d4da7dc6ea731b88a""}}]","91be53382fca0553feb90b57b835ec900ba1931f9a3d842fcbd33905388965be","single_current_candidate_review_required","False"
"APT","APT","2","31053","1","aptos","Aptos","[{""id"":""aptos"",""symbol"":""apt"",""name"":""Aptos"",""platforms"":{""aptos"":""0x1::aptos_coin::AptosCoin""}}]","f847043f668b653505557604207c142da999ab0d75c81d49175788217ab4c151","single_current_candidate_review_required","False"
"APU","APU","2","32683","5","apu|apu-apustaja|apu-apustaja-sol|apu-s-club|based-apu","APU|Apu Apustaja|Apu Apustaja|Apu Apustaja (Solana)|Based Apu","[{""id"":""apu"",""symbol"":""apu"",""name"":""APU"",""platforms"":{""solana"":""24Kko3VWwMKtkB9CVct2ZAZgJzb2R2iNrYxCpTYFpump""}},{""id"":""apu-apustaja"",""symbol"":""apu"",""name"":""Apu Apustaja"",""platforms"":{""solana"":""AhPo2fs5cfUyDhG7cvR67wwKg9UeFsF7mng368EB4oCn""}},{""id"":""apu-apustaja-sol"",""symbol"":""apu"",""name"":""Apu Apustaja (Solana)"",""platforms"":{""solana"":""ECutGg12PNhqhkvnH1s1FcuXgCDzKDNhSf5aLtANioR7""}},{""id"":""apu-s-club"",""symbol"":""apu"",""name"":""Apu Apustaja"",""platforms"":{""arbitrum-one"":""0x1f53b7aa6f4b36b7dfdedb4bc4a14747a19cf7b1"",""base"":""0xb9926b3fbc5873db0182016d55727d5ae89e5efd"",""ethereum"":""0x594daad7d77592a2b97b725a7ad59d7e188b5bfa"",""hyperliquid"":""0xf20a5f3285ec49d45360fa28d95d6ba3"",""solana"":""26s3UGB9hund1qspApy1zYgCritxAooGg7o63BMn89Yq""}},{""id"":""based-apu"",""symbol"":""apu"",""name"":""Based Apu"",""platforms"":{""base"":""0x6f35720b272bf23832852b13ae9888c706e1a379""}}]","60f8cb3418f2307587750dbd6073e926886967f555bec17a424835c99143af0b","ambiguous_current_candidates","False"
"AR","AR","2","9861","1","arweave","Arweave","[{""id"":""arweave"",""symbol"":""ar"",""name"":""Arweave"",""platforms"":{}}]","d3c6a5c573325d9d94848d6e3837b1d9fb2357351aaa6a9969084df9774255f6","single_current_candidate_review_required","False"
"ARB","ARB","2","33149","2","arbitrage-loop|arbitrum","Arbitrage Loop|Arbitrum","[{""id"":""arbitrage-loop"",""symbol"":""arb"",""name"":""Arbitrage Loop"",""platforms"":{""solana"":""EDcdVtzW4HG7Xtg5yH3RbzMEyfudg63RmZgdXpQFUk3s""}},{""id"":""arbitrum"",""symbol"":""arb"",""name"":""Arbitrum"",""platforms"":{""arbitrum-nova"":""0xf823c3cd3cebe0a1fa952ba88dc9eef8e0bf46ad"",""arbitrum-one"":""0x912ce59144191c1204e64559fe8253a0e49e6548"",""ethereum"":""0xb50721bcf8d664c30412cfbc6cf7a15145234ad1""}}]","6aac7c3016c6105273f02a35d4e191ff7ba53ac1a8fe8defaa0ba5839f584c34","ambiguous_current_candidates","False"
"ARC","ARC","2","2133","6","ai-rig-complex|arc|arcadeum|archly-finance|reactor-3|redemption-arc","AI Rig Complex|ARC|Arcadeum|Archly Finance|Reactor|Redemption Arc","[{""id"":""ai-rig-complex"",""symbol"":""arc"",""name"":""AI Rig Complex"",""platforms"":{""solana"":""61V8vBaqAGMpgDQi4JcAwo1dmBGHsyhzodcPqnEVpump""}},{""id"":""arc"",""symbol"":""arc"",""name"":""ARC"",""platforms"":{""ethereum"":""0x672fdba7055bddfa8fd6bd45b1455ce5eb97f499""}},{""id"":""arcadeum"",""symbol"":""arc"",""name"":""Arcadeum"",""platforms"":{""arbitrum-one"":""0x7f465507f058e17ad21623927a120ac05ca32741""}},{""id"":""archly-finance"",""symbol"":""arc"",""name"":""Archly Finance"",""platforms"":{""arbitrum-one"":""0xe8876189a80b2079d8c0a7867e46c50361d972c1"",""avalanche"":""0xe8876189a80b2079d8c0a7867e46c50361d972c1"",""base"":""0xe8876189a80b2079d8c0a7867e46c50361d972c1"",""ethereum"":""0x9482c407d32204462d8cbbc0755e96c39b79878e"",""zksync"":""0xfb4c64c144c2bd0e7f2a06da7d6aac32d8cb2514""}},{""id"":""reactor-3"",""symbol"":""arc"",""name"":""Reactor"",""platforms"":{""base"":""0x5a4342f4268a731f4459cd0be22d4744a86d635d""}},{""id"":""redemption-arc"",""symbol"":""arc"",""name"":""Redemption Arc"",""platforms"":{""solana"":""DCgZjb2LN5r9Ck5VZAATh8x3sTUHyTzEguThGqh1pump""}}]","93445c4a7cac73e2752719f54abc2a40f6f9144872d20e9026f423bd2bc0cb47","ambiguous_current_candidates","False"
"ARKM","ARKM","2","11265","1","arkham","Arkham","[{""id"":""arkham"",""symbol"":""arkm"",""name"":""Arkham"",""platforms"":{""ethereum"":""0x6e2a43be0b1d33b726f0ca3b8de60b3482b8b050""}}]","346d626240fb2e70b091cbabc11ec821f24b9211dd1d4ed8ec40eabeb834051c","single_current_candidate_review_required","False"
"ARPA","ARPA","2","4571","1","arpa","ARPA","[{""id"":""arpa"",""symbol"":""arpa"",""name"":""ARPA"",""platforms"":{""binance-smart-chain"":""0x6f769e65c14ebd1f68817f5f1dcdb61cfa2d6f7e"",""ethereum"":""0xba50933c268f567bdc86e1ac131be072c6b0b71a"",""polygon-pos"":""0xee800b277a96b0f490a1a732e1d6395fad960a26""}}]","8255e7205e1f9da879d8ec554b627be89100fe211a2b45179bf01f70f269fe9b","single_current_candidate_review_required","False"
"ASRR","ASRR","2","3492","1","assisterr-ai","Assisterr AI","[{""id"":""assisterr-ai"",""symbol"":""asrr"",""name"":""Assisterr AI"",""platforms"":{""binance-smart-chain"":""0xf7626c7ff7b778aaf187d508d056a9398d9545d1"",""solana"":""ASRRjA1R4RHVk5H9QKKm1jaQqMkxvv6nh5EypPrvwmxQ""}}]","98b9a02866a3e040fe048a323b60aba143507065acbeed375286bc1babe90fbf","single_current_candidate_review_required","False"
"ASTR","ASTR","2","8735","2","astar|soneium-bridged-astar-soneium","Astar|Soneium Bridged ASTR (Soneium)","[{""id"":""astar"",""symbol"":""astr"",""name"":""Astar"",""platforms"":{""ethereum"":""0xf27441230eadeac85b764610325cc9a0d7859689""}},{""id"":""soneium-bridged-astar-soneium"",""symbol"":""astr"",""name"":""Soneium Bridged ASTR (Soneium)"",""platforms"":{""soneium"":""0x2cae934a1e84f693fbb78ca5ed3b0a6893259441""}}]","59b311e8383edeab24ffc500e3c275b2a823745e07ddda73e215ee58711ac2ff","ambiguous_current_candidates","False"
"ATH","ATH","2","21993","4","aethir|ath|athenadao-token|high-af","Aethir|ATH|AthenaDAO|High AF","[{""id"":""aethir"",""symbol"":""ath"",""name"":""Aethir"",""platforms"":{""arbitrum-one"":""0xc87b37a581ec3257b734886d9d3a581f5a9d056c"",""ethereum"":""0xbe0ed4138121ecfc5c0e56b40517da27e6c5226b"",""solana"":""Dm5BxyMetG3Aq5PaG1BrG7rBYqEMtnkjvPNMExfacVk7""}},{""id"":""ath"",""symbol"":""ath"",""name"":""ATH"",""platforms"":{""hyperevm"":""0xf3d8e8c2fc0531f3bf72f7d72ea158ae2b000000""}},{""id"":""athenadao-token"",""symbol"":""ath"",""name"":""AthenaDAO"",""platforms"":{""base"":""0x58d75a1c4477914f9a98a8708feaed1dbe40b8a3"",""ethereum"":""0xa4ffdf3208f46898ce063e25c1c43056fa754739""}},{""id"":""high-af"",""symbol"":""ath"",""name"":""High AF"",""platforms"":{""solana"":""teBPKvR8PH4n58BCvHKVotLKaV9RAoB8taWTmkMpump""}}]","be8be83a7b67f0de66b9ed8b5d80b00d04dbe3f03a362c1a39a3f06519f490ff","ambiguous_current_candidates","False"
"ATLAS","ATLAS","2","6902","3","atlas-2|maga-dog|star-atlas","ATLAS|MAGA DOG|Star Atlas","[{""id"":""atlas-2"",""symbol"":""atlas"",""name"":""ATLAS"",""platforms"":{""cardano"":""9ff9a1b456f074e03be90631e1a5f9b6ed08eacabd0e7f95a11ffff1""}},{""id"":""maga-dog"",""symbol"":""atlas"",""name"":""MAGA DOG"",""platforms"":{""solana"":""D4n99BqHGvdL3ExyvdETV6Y4rWXkf2WwRxhaV1Epump""}},{""id"":""star-atlas"",""symbol"":""atlas"",""name"":""Star Atlas"",""platforms"":{""solana"":""ATLASXmbPQxBUYbxPsV97usA3fPQYEqzQBUHgiFCUsXx""}}]","6dea803f4a4ea2cfa1e2dee966c9cc7c92c1f60625733d1abb2500814e771eea","ambiguous_current_candidates","False"
"ATOM","ATOM","7","94542","1","cosmos","Cosmos Hub","[{""id"":""cosmos"",""symbol"":""atom"",""name"":""Cosmos Hub"",""platforms"":{""archway"":""ibc/27394fb092d2eccd56123c74f36e4c1f926001ceada9ca97ea622b25f41e5eb2"",""binance-smart-chain"":""0x0eb3a705fc54725037cc9e008bdede697f62f335"",""canto"":""0xeceeefcee421d8062ef8d6b4d814efe4dc898265"",""cosmos"":""uatom"",""dungeon-chain"":""ibc/C3988DBA4BA195F3514EA2E02497B9F66019CE53EFB96D4982CE95CA6A51BBCE"",""evmos"":""0xc5e00d3b04563950941f7137b5afa3a534f0d6d6"",""kava"":""0x15932e26f5bd4923d46a2b205191c4b5d5f43fe3"",""mantra"":""ibc/A4DB47A9D3CF9A068D454513891B526702455D3EF08FB9EB558C561F9DC2B701"",""osmosis"":""ibc/27394FB092D2ECCD56123C74F36E4C1F926001CEADA9CA97EA622B25F41E5EB2"",""terra-2"":""ibc/27394FB092D2ECCD56123C74F36E4C1F926001CEADA9CA97EA622B25F41E5EB2""}}]","6ac862dc9df5aaa43173a26eeab72caf2d38baf4339d4adb2e21dbe36b65bc5d","single_current_candidate_review_required","False"
"AUCTION","AUCTION","2","6926","2","auction|house-3","Bounce|House","[{""id"":""auction"",""symbol"":""auction"",""name"":""Bounce"",""platforms"":{""ethereum"":""0xa9b1eb5908cfc3cdf91f9b8b3a74108598009096""}},{""id"":""house-3"",""symbol"":""auction"",""name"":""House"",""platforms"":{""base"":""0x05af98aebec91aef2bd893614a2c333c58855012""}}]","236b04e39faafda85d46af1fae3b949d48eb14895fa0e27913769090580ac575","ambiguous_current_candidates","False"
"ZAUD","AUD","2","47385","0","","","[]","4f53cda18c2baa0c0354bb5f9a3ecbe5ed12ab4d8e11ba873c2f11161202b945","no_current_candidate","False"
"AUDIO","AUDIO","2","5979","1","audius","Audius","[{""id"":""audius"",""symbol"":""audio"",""name"":""Audius"",""platforms"":{""energi"":""0x2c25972d4adb478773be354a09e4596f29e31fb3"",""ethereum"":""0x18aaa7115705e8be94bffebde57af9bfc265b998"",""solana"":""9LzCMqDgTKYz9Drzqnpgee3SGa89up3a247ypMj2xrqM""}}]","9ab666af2592813240d09858dea5aa85c38b5a2314ff5fb695270b9b7490e0c3","single_current_candidate_review_required","False"
"AVAAI","AVAAI","2","10132","0","","","[]","4f53cda18c2baa0c0354bb5f9a3ecbe5ed12ab4d8e11ba873c2f11161202b945","no_current_candidate","False"
"AVAX","AVAX","4","117825","4","avalanche-2|avalanche-wormhole|beam-bridged-avax-beam|binance-peg-avalanche","Avalanche|Avalanche (Wormhole)|Beam Bridged AVAX (Beam)|Binance-Peg Avalanche","[{""id"":""avalanche-2"",""symbol"":""avax"",""name"":""Avalanche"",""platforms"":{}},{""id"":""avalanche-wormhole"",""symbol"":""avax"",""name"":""Avalanche (Wormhole)"",""platforms"":{""binance-smart-chain"":""0x96412902aa9aff61e13f085e70d3152c6ef2a817"",""ethereum"":""0x85f138bfee4ef8e540890cfb48f620571d67eda3"",""oasis"":""0x32847e63e99d3a044908763056e25694490082f8"",""polygon-pos"":""0x7bb11e7f8b10e9e571e5d8eace04735fdfb2358a"",""solana"":""KgV1GvrHQmRBY8sHQQeUKwTm2r2h8t4C8qt12Cw1HVE"",""sui"":""0x1e8b532cca6569cab9f9b9ebc73f8c13885012ade714729aa3b450e0339ac766::coin::COIN"",""terra"":""terra1hj8de24c3yqvcsv9r8chr03fzwsak3hgd8gv3m""}},{""id"":""beam-bridged-avax-beam"",""symbol"":""avax"",""name"":""Beam Bridged AVAX (Beam)"",""platforms"":{""beam"":""0x00e69e0b6014d77040b28e04f2b8ac25a6ea5d34""}},{""id"":""binance-peg-avalanche"",""symbol"":""avax"",""name"":""Binance-Peg Avalanche"",""platforms"":{""binance-smart-chain"":""0x1ce0c2827e2ef14d5c4f29a091d735a204794041""}}]","113de97711a751c89a98881b415da0167c07ae2239240cac8b811f3b19265ecc","ambiguous_current_candidates","False"
"AXS","AXS","2","55280","1","axie-infinity","Axie Infinity","[{""id"":""axie-infinity"",""symbol"":""axs"",""name"":""Axie Infinity"",""platforms"":{""binance-smart-chain"":""0x715d400f88c167884bbcc41c5fea407ed4d2f8a0"",""energi"":""0x7cd3d51bee45434dd80822c5d58b999333b69ffb"",""ethereum"":""0xbb0e17ef65f82ab018d8edd776e8dd940327b28b"",""harmony-shard-0"":""0x14a7b318fed66ffdcc80c1517c172c13852865de"",""ronin"":""0x97a9107c1793bc407d6f527b77e7fff4d812bece""}}]","4488f90d7122650fd07909e44bcc662a573db36004b6d83a53a69eca95db8c47","single_current_candidate_review_required","False"
"B3","B3","2","6486","1","b3","B3 (Base)","[{""id"":""b3"",""symbol"":""b3"",""name"":""B3 (Base)"",""platforms"":{""base"":""0xb3b32f9f8827d4634fe7d973fa1034ec9fddb3b3""}}]","819440f067d59b3f369b30118fb9673380b4717b6d34bf3d5e5f64d3096f7f97","single_current_candidate_review_required","False"
"BABY","BABY","2","9274","9","a-fund-baby|baby|baby-2|babylon|baby-samo-coin|babyswap|dancing-baby|deer-seized-by-us-government|niche-baby","A Fund Baby|BABY|Baby|Baby Samo Coin|Babylon|BabySwap|Dancing Baby|Deer Seized by US Government|Niche Baby","[{""id"":""a-fund-baby"",""symbol"":""baby"",""name"":""A Fund Baby"",""platforms"":{}},{""id"":""baby"",""symbol"":""baby"",""name"":""Baby"",""platforms"":{""solana"":""5hmf8Jt9puwoqiFQTb3vr22732ZTKYRLRw9Vo7tN3rcz""}},{""id"":""baby-2"",""symbol"":""baby"",""name"":""BABY"",""platforms"":{""solana"":""FjtQhyaGmYioRKA3enZkq3wVXLT121DwQ24W9d5Vmhw2""}},{""id"":""babylon"",""symbol"":""baby"",""name"":""Babylon"",""platforms"":{}},{""id"":""baby-samo-coin"",""symbol"":""baby"",""name"":""Baby Samo Coin"",""platforms"":{""solana"":""Uuc6hiKT9Y6ASoqs2phonGGw2LAtecfJu9yEohppzWH""}},{""id"":""babyswap"",""symbol"":""baby"",""name"":""BabySwap"",""platforms"":{""binance-smart-chain"":""0x53e562b9b7e5e94b81f10e96ee70ad06df3d2657""}},{""id"":""dancing-baby"",""symbol"":""baby"",""name"":""Dancing Baby"",""platforms"":{""ethereum"":""0xff931a7946d2fa11cf9123ef0dc6f6c7c6cb60c4""}},{""id"":""deer-seized-by-us-government"",""symbol"":""baby"",""name"":""Deer Seized by US Government"",""platforms"":{""solana"":""6pKHwNCpzgZuC9o5FzvCZkYSUGfQddhUYtMyDbEVpump""}},{""id"":""niche-baby"",""symbol"":""baby"",""name"":""Niche Baby"",""platforms"":{""solana"":""BEamfAJycLnX3ij9mR22T71XWdruM1uQik8TyL3Mpump""}}]","f2f5663cd740c697cfa3ae7831e532f8163b7f46bc306bdfcf3f25d8c0a46de2","ambiguous_current_candidates","False"
"BADGER","BADGER","2","16004","2","badger-badger-badger|badger-dao","Badger|badger badger badger","[{""id"":""badger-badger-badger"",""symbol"":""badger"",""name"":""badger badger badger"",""platforms"":{""solana"":""8kp7gVCTWVbNP257A7MHgsYheshqYGnqWbApS6f3pump""}},{""id"":""badger-dao"",""symbol"":""badger"",""name"":""Badger"",""platforms"":{""arbitrum-one"":""0xbfa641051ba0a0ad1b0acf549a89536a0d76472e"",""energi"":""0x32e6842a6ea6a913687885ac856c2493b5b12f6f"",""ethereum"":""0x3472a5a71965499acd81997a54bba8d852c6e53d"",""fantom"":""0x753fbc5800a8c8e3fb6dc6415810d627a387dfc9"",""harmony-shard-0"":""0x06b19a0ce12dc71f1c7a6dd39e8983e089c40e0d"",""xdai"":""0xdfc20ae04ed70bd9c7d720f449eedae19f659d65""}}]","5bc8e2760faf4b295455df8db9eb192f089673dce95f5ac873a0776df5de4cf0","ambiguous_current_candidates","False"
"BAL","BAL","2","9038","1","balancer","Balancer","[{""id"":""balancer"",""symbol"":""bal"",""name"":""Balancer"",""platforms"":{""arbitrum-one"":""0x040d1edc9569d4bab2d15287dc5a4f10f56a56b8"",""avalanche"":""0xe15bcb9e0ea69e6ab9fa080c4c4a5632896298c3"",""base"":""0x4158734d47fc9692176b5085e0f52ee0da5d47f1"",""energi"":""0x9b817c6e9a38e604606aea3ad6ed271ce8eaa9d6"",""ethereum"":""0xba100000625a3754423978a60c9317c58a424e3d"",""harmony-shard-0"":""0xdc5f76104d0b8d2bf2c2bbe06cdfe17004e9010f"",""huobi-token"":""0x045de15ca76e76426e8fc7cba8392a3138078d0f"",""near-protocol"":""ba100000625a3754423978a60c9317c58a424e3d.factory.bridge.near"",""optimistic-ethereum"":""0xfe8b128ba8c78aabc59d4c64cee7ff28e9379921"",""polygon-pos"":""0x9a71012b13ca4d3d0cdc72a177df3ef03b0e76a3"",""polygon-zkevm"":""0x120ef59b80774f02211563834d8e3b72cb1649d6"",""xdai"":""0x7ef541e2a22058048904fe5744f9c7e4c57af717""}}]","4760484ed0d649fed42b749059db558e3460b67fc3beb3413a4cddafc14c5dc3","single_current_candidate_review_required","False"
"BANANAS31","BANANAS31","2","8503","1","banana-for-scale-2","Banana For Scale","[{""id"":""banana-for-scale-2"",""symbol"":""bananas31"",""name"":""Banana For Scale"",""platforms"":{""binance-smart-chain"":""0x3d4f0513e8a29669b960f9dbca61861548a9a760""}}]","a1c74eb4d18e4dcf3ee34ce26aa5dae2cbb515a64f60bfc3ae0bfa212d89fdbd","single_current_candidate_review_required","False"
"BAND","BAND","2","3329","1","band-protocol","Band","[{""id"":""band-protocol"",""symbol"":""band"",""name"":""Band"",""platforms"":{""energi"":""0xb2ef65460bf71a05d59fdf5e8f114a32d445d164"",""ethereum"":""0xba11d00c5f74255f56a5e366f4f77f5a186d7f55"",""fantom"":""0x46e7628e8b4350b2716ab470ee0ba1fa9e76c6c5"",""osmosis"":""ibc/F867AE2112EFE646EC71A25CD2DFABB8927126AC1E19F1BBF0FF693A4ECA05DE""}}]","9ec6577815247b609cff8fe9873cd67978aef5489d99b39d27c85f1bd7af8f24","single_current_candidate_review_required","False"
"BAT","BAT","2","8959","3","basic-attention-token|batic|bitbat-token","Basic Attention|Batic|BitBat Token","[{""id"":""basic-attention-token"",""symbol"":""bat"",""name"":""Basic Attention"",""platforms"":{""avalanche"":""0x98443b96ea4b0858fdf3219cd13e98c7a4690588"",""energi"":""0xe8ba8d7765bd33ba7ff3b19b9020c15bf14123b6"",""ethereum"":""0x0d8775f648430679a709e98d2b0cb6250d2887ef"",""harmony-shard-0"":""0x2875b4cfab0a4cc4bdc7fbdf94b6e376826a4332"",""near-protocol"":""0d8775f648430679a709e98d2b0cb6250d2887ef.factory.bridge.near"",""polygon-pos"":""0x3cef98bb43d732e2f285ee605a8158cde967d219"",""solana"":""EPeUFDgHRxs9xxEPVaL6kfGQvCon7jmAWKVUHuux1Tpz""}},{""id"":""batic"",""symbol"":""bat"",""name"":""Batic"",""platforms"":{""polygon-pos"":""0xd9a1070f832cc02ff9d839500eef6e8c64983726""}},{""id"":""bitbat-token"",""symbol"":""bat"",""name"":""BitBat Token"",""platforms"":{""sei-v2"":""0x443ac9f358226f5f48f2cd10bc0121e7a6176323""}}]","976440aa1771bc792c6d4b0e792ba09d3fccb739218ca546f17ee89f4506fbf0","ambiguous_current_candidates","False"
"BCH","BCH","9","97816","2","binance-peg-bitcoin-cash|bitcoin-cash","Binance-Peg Bitcoin Cash|Bitcoin Cash","[{""id"":""binance-peg-bitcoin-cash"",""symbol"":""bch"",""name"":""Binance-Peg Bitcoin Cash"",""platforms"":{""binance-smart-chain"":""0x8ff795a6f4d97e7887c79bea79aba5cc76444adf""}},{""id"":""bitcoin-cash"",""symbol"":""bch"",""name"":""Bitcoin Cash"",""platforms"":{}}]","ab149a77304ca36b55c43cb9f6a7b79ba1784aaa9159671c4e99d0d47a131ec9","ambiguous_current_candidates","False"
"BDXN","BDXN","2","4244","1","bondex","Bondex","[{""id"":""bondex"",""symbol"":""bdxn"",""name"":""Bondex"",""platforms"":{""binance-smart-chain"":""0x1036b2379f506761f237fba7463857924ef21ce3"",""ethereum"":""0xbdbdbdd0c22888e63cb9098ad6d68439197cb091""}}]","d73a66fc2a1889743a9f73e19c266acdb33e65c01f9573cda10c6869261f203c","single_current_candidate_review_required","False"
"BEAM","BEAM","2","37908","2","beam|beam-2","Beam|BEAM","[{""id"":""beam"",""symbol"":""beam"",""name"":""BEAM"",""platforms"":{""ethereum"":""0xe5acbb03d73267c03349c76ead672ee4d941f499""}},{""id"":""beam-2"",""symbol"":""beam"",""name"":""Beam"",""platforms"":{""avalanche"":""0x62d0a8458ed7719fdaf978fe5929c6d342b0bfce"",""base"":""0x2a66d51407b84b82b5aff3dec4d49f72cbcd322a"",""binance-smart-chain"":""0x62d0a8458ed7719fdaf978fe5929c6d342b0bfce"",""ethereum"":""0x62d0a8458ed7719fdaf978fe5929c6d342b0bfce""}}]","866b90b0dc59d4ab500b5aa0a0705ae8b93f1c4538cf1a59a2fe8c716c4c2e15","ambiguous_current_candidates","False"
"BERA","BERA","4","26056","1","berachain-bera","Berachain","[{""id"":""berachain-bera"",""symbol"":""bera"",""name"":""Berachain"",""platforms"":{}}]","82fe5516445edd997c050b79d923bc08a351043b11129ee2941a25f71f5cda81","single_current_candidate_review_required","False"
"BICO","BICO","2","4690","1","biconomy","Biconomy","[{""id"":""biconomy"",""symbol"":""bico"",""name"":""Biconomy"",""platforms"":{""arbitrum-one"":""0xa68ec98d7ca870cf1dd0b00ebbb7c4bf60a8e74d"",""ethereum"":""0xf17e65822b568b3903685a7c9f496cf7656cc6c2""}}]","3815f46faf2939aabb0c75e9ebe3dee68592cdc30bcaaa9ab37c9c847827b5d1","single_current_candidate_review_required","False"
"BIGTIME","BIGTIME","2","6934","1","big-time","Big Time","[{""id"":""big-time"",""symbol"":""bigtime"",""name"":""Big Time"",""platforms"":{""ethereum"":""0x64bc2ca1be492be7185faa2c8835d9b824c8a194""}}]","3bf2b17e4fe586147014de719a3f6d6cf6b16bc7f102cd95cd5aaf8c1a1d1b0c","single_current_candidate_review_required","False"
"BIO","BIO","2","8751","2","bio-protocol|bio-unit-000","Bio Protocol|Bio Unit 000","[{""id"":""bio-protocol"",""symbol"":""bio"",""name"":""Bio Protocol"",""platforms"":{""base"":""0x226a2fa2556c48245e57cd1cba4c6c9e67077dd2"",""binance-smart-chain"":""0x226a2fa2556c48245e57cd1cba4c6c9e67077dd2"",""ethereum"":""0xcb1592591996765ec0efc1f92599a19767ee5ffa"",""solana"":""bioJ9JTqW62MLz7UKHU69gtKhPpGi1BQhccj2kmSvUJ""}},{""id"":""bio-unit-000"",""symbol"":""bio"",""name"":""Bio Unit 000"",""platforms"":{""base"":""0xd655790b0486fa681c23b955f5ca7cd5f5c8cb07""}}]","61e13fada3798e79059c813d41ced7255336f78bf2983ba44834cbd246d3ef48","ambiguous_current_candidates","False"
"BIT","BIT","2","1705","3","biconomy-exchange-token|bitdao|bitdealer","Biconomy Exchange Token|BitDAO|Bitdealer","[{""id"":""biconomy-exchange-token"",""symbol"":""bit"",""name"":""Biconomy Exchange Token"",""platforms"":{""binance-smart-chain"":""0xc864019047b864b6ab609a968ae2725dfaee808a""}},{""id"":""bitdao"",""symbol"":""bit"",""name"":""BitDAO"",""platforms"":{""ethereum"":""0x1a4b46696b2bb4794eb3d4c26f1c55f9170fa4c5""}},{""id"":""bitdealer"",""symbol"":""bit"",""name"":""Bitdealer"",""platforms"":{""solana"":""CyyhLNKtLrJ3ckVZkvytBW3TieAaAz7P6qsJLChDNfp""}}]","e1355225e48ee2fb81238b18ab33cd6309e85ebd0d4cb1faa8ab0a7b0e1ae282","ambiguous_current_candidates","False"
"BLUR","BLUR","2","10539","1","blur","Blur","[{""id"":""blur"",""symbol"":""blur"",""name"":""Blur"",""platforms"":{""ethereum"":""0x5283d291dbcf85356a21ba090e6db59121208b44""}}]","e4243cbf155de6618bec41415bdb8aa390b6da0f452c181dcc782481223a4af0","single_current_candidate_review_required","False"
"BLZ","BLZ","2","10419","1","bluzelle","Bluzelle","[{""id"":""bluzelle"",""symbol"":""blz"",""name"":""Bluzelle"",""platforms"":{""binance-smart-chain"":""0x935a544bf5816e3a7c13db2efe3009ffda0acda2"",""energi"":""0x3fa2c976654a6ba6dcb1e532a4b1e31fd4dcd3b9"",""ethereum"":""0x5732046a883704404f284ce41ffadd5b007fd668"",""osmosis"":""ibc/63CDD51098FD99E04E5F5610A3882CBE7614C441607BA6FCD7F3A3C1CD5325F8""}}]","f6eb820dd7b8ba9b67876fe5bf15cb6a63aaf4ae048ca75a36dd54f0a3aa0f5d","single_current_candidate_review_required","False"
"BMT","BMT","2","22125","2","bitcoin-maxi-tears-2|bubblemaps","Bitcoin Maxi Tears|Bubblemaps","[{""id"":""bitcoin-maxi-tears-2"",""symbol"":""bmt"",""name"":""Bitcoin Maxi Tears"",""platforms"":{""kasplex-2"":""0x35fba50f52e2aa305438134c646957066608d976""}},{""id"":""bubblemaps"",""symbol"":""bmt"",""name"":""Bubblemaps"",""platforms"":{""binance-smart-chain"":""0x7d814b9ed370ec0a502edc3267393bf62d891b62"",""solana"":""FQgtfugBdpFN7PZ6NdPrZpVLDBrPGxXesi4gVu3vErhY""}}]","7b23586de1b8b5f5132eda176491d094c530d6d8b699bc3bb42dad8b26300767","ambiguous_current_candidates","False"
"BNB","BNB","4","27147","2","anubis-bridged-bnb-anubis|binancecoin","Anubis Bridged BNB (Anubis)|BNB","[{""id"":""anubis-bridged-bnb-anubis"",""symbol"":""bnb"",""name"":""Anubis Bridged BNB (Anubis)"",""platforms"":{""anubis"":""0x699d13487ed6b78953da2750887b58ef738f9636""}},{""id"":""binancecoin"",""symbol"":""bnb"",""name"":""BNB"",""platforms"":{""ethereum"":""0xb8c77482e45f1f44de1745f52c74426c631bdd52""}}]","59e1ce99184562ea20cb5e6064b6ba8a1c98ec912e4903a71beed74b2f9c36ed","ambiguous_current_candidates","False"
"BNC","BNC","2","3136","2","bifrost-native-coin|bnc","Bifrost|BNC","[{""id"":""bifrost-native-coin"",""symbol"":""bnc"",""name"":""Bifrost"",""platforms"":{""polkadot"":""""}},{""id"":""bnc"",""symbol"":""bnc"",""name"":""BNC"",""platforms"":{""binance-smart-chain"":""0x6d99031eeff9e38f65f6e473897805992c9ca80d""}}]","789cb8d604388e8711a029db7075b56feb97030f617b43fd35969e9b6fec62e0","ambiguous_current_candidates","False"
"BNT","BNT","2","3361","1","bancor","Bancor Network","[{""id"":""bancor"",""symbol"":""bnt"",""name"":""Bancor Network"",""platforms"":{""energi"":""0x9419e8edcf570a71eb0dd006602949742b711a80"",""ethereum"":""0x1f573d6fb3f13d689ff844b4ce37794d79a7ff1c""}}]","3feb409103f2a13522e7bcb06381d7f4ce5409cf368e4d0e39cb56c3e79526ba","single_current_candidate_review_required","False"
"BOBA","BOBA","2","10051","2","bobacat|boba-network","Boba Cat|Boba Network","[{""id"":""bobacat"",""symbol"":""boba"",""name"":""Boba Cat"",""platforms"":{""ethereum"":""0x6ecf5fe60e27cd03abdba3a19af8dc6845a0da58""}},{""id"":""boba-network"",""symbol"":""boba"",""name"":""Boba Network"",""platforms"":{""boba"":""0xa18bf3994c0cc6e3b63ac420308e5383f53120d7"",""ethereum"":""0x42bbfa2e77757c645eeaad1655e0911a7553efbc""}}]","11b7f3a739cc94030a7205fc8ef39ffbcbddc5fb43ddc9affbf57c13d71432b4","ambiguous_current_candidates","False"
"BODEN","BODEN","2","13570","1","jeo-boden","Jeo Boden","[{""id"":""jeo-boden"",""symbol"":""boden"",""name"":""Jeo Boden"",""platforms"":{""solana"":""3psH1Mj1f7yUfaD5gh6Zj7epE8hhrMkMETgv5TshQA4o""}}]","ead3520d6a91f0a4b253896418001c2877f46dfeee9c88d73ac3c3015e7f9c35","single_current_candidate_review_required","False"
"BOND","BOND","2","10429","1","barnbridge","BarnBridge","[{""id"":""barnbridge"",""symbol"":""bond"",""name"":""BarnBridge"",""platforms"":{""arbitrum-one"":""0x0d81e50bc677fa67341c44d7eaa9228dee64a4e1"",""ethereum"":""0x0391d2021f89dc339f60fff84546ea23e337750f"",""optimistic-ethereum"":""0x3e7ef8f50246f725885102e8238cbba33f276747""}}]","a2a4f14455ba9805e3429dd09d33abe6e8ebfb657245fe8add80676cb472e3f3","single_current_candidate_review_required","False"
"BONK","BONK","2","67478","4","based-bonk|bonk|bonk-on-base|bonk-on-eth","Based Bonk|Bonk|Bonk On Base|BONK on ETH","[{""id"":""based-bonk"",""symbol"":""bonk"",""name"":""Based Bonk"",""platforms"":{""base"":""0x2dc1c8be620b95cba25d78774f716f05b159c8b9""}},{""id"":""bonk"",""symbol"":""bonk"",""name"":""Bonk"",""platforms"":{""aptos"":""0x2a90fae71afc7460ee42b20ee49a9c9b29272905ad71fef92fbd8b3905a24b56"",""arbitrum-one"":""0x09199d9a5f4448d0848e4395d065e1ad9c4a1f74"",""binance-smart-chain"":""0xa697e272a73744b343528c3bc4702f2565b2f422"",""ethereum"":""0x1151cb3d861920e07a38e03eead12c32178567f6"",""neon-evm"":""0xd4b6520f7fb78e1ee75639f3376c581a71bcdb0e"",""polygon-pos"":""0xe5b49820e5a1063f6f4ddf851327b5e8b2301048"",""solana"":""DezXAZ8z7PnrnRJjz3wXBoRgixCa6xjnB7YaB1pPB263"",""unichain"":""0xbbe97f3522101e5b6976cbf77376047097ba837f""}},{""id"":""bonk-on-base"",""symbol"":""bonk"",""name"":""Bonk On Base"",""platforms"":{""base"":""0x72499bddb67f4ca150e1f522ca82c87bc9fb18c8""}},{""id"":""bonk-on-eth"",""symbol"":""bonk"",""name"":""BONK on ETH"",""platforms"":{""ethereum"":""0x4fbaf51b95b024d0d7cab575be2a1f0afedc9b64""}}]","5032decd127b8d739cd1713cd0f67dc103435b9ed8c53627b3bd46c84f37915c","ambiguous_current_candidates","False"
"BRICK","BRICK","2","10310","2","brickcoin|brickton","brickcoin|BRICKTON","[{""id"":""brickcoin"",""symbol"":""brick"",""name"":""brickcoin"",""platforms"":{""solana"":""Fv73EXJBRfctJzLVC3P7uQP6er6JU8b4KtDr4LQFpump""}},{""id"":""brickton"",""symbol"":""brick"",""name"":""BRICKTON"",""platforms"":{""solana"":""8Byg9wi43TNzgJpYta6UXxPz3LPe8v6ZwvmWWoWQpump""}}]","16ef6c3badeec0d29816472fa8f67e72e61cc65b778d0cc53a3ae055a3abd80c","ambiguous_current_candidates","False"
"BSX","BSX","2","8139","2","basex|basilisk","BaseX|Basilisk","[{""id"":""basex"",""symbol"":""bsx"",""name"":""BaseX"",""platforms"":{""base"":""0xd5046b976188eb40f6de40fb527f89c05b323385""}},{""id"":""basilisk"",""symbol"":""bsx"",""name"":""Basilisk"",""platforms"":{}}]","ee6dfc1ce78511f9d80079a795febe49bf1f154b7f9613a8c9ae288c86bacd55","ambiguous_current_candidates","False"
"BTT","BTT","2","13791","1","bittorrent","BitTorrent","[{""id"":""bittorrent"",""symbol"":""btt"",""name"":""BitTorrent"",""platforms"":{""binance-smart-chain"":""0x352cb5e19b12fc216548a2677bd0fce83bae434b"",""bittorrent"":""0x0000000000000000000000000000000000001010"",""energi"":""0xf1bdcf2d4163adf9554111439dabdd6f18ff9ba7"",""ethereum"":""0xc669928185dbce49d2230cc9b0979be6dc797957"",""tron"":""TAFjULxiVgT4qWk6UZwjqwZXTSaGaqnVp4""}}]","b270327694f5c7ce04e0ca6248b159f736134438988cc47ed6835e597b9a9350","single_current_candidate_review_required","False"
"C98","C98","2","1486","1","coin98","Coin98","[{""id"":""coin98"",""symbol"":""c98"",""name"":""Coin98"",""platforms"":{""binance-smart-chain"":""0xaec945e04baf28b135fa7c640f624f8d90f1c3a6"",""ethereum"":""0xae12c5930881c53715b369cec7606b70d8eb229f"",""polygon-pos"":""0x77f56cf9365955486b12c4816992388ee8606f0e"",""solana"":""C98A4nkJXhpVZNAZdHUA95RpTF3T4whtQubL3YobiUX9"",""tomochain"":""0x0fd0288aaae91eaf935e2ec14b23486f86516c8c""}}]","cffcdeb149b1a878b8e75a850f7f24f640daa669364f47ccb3a6d5a1af4ec9c9","single_current_candidate_review_required","False"
"CAKE","CAKE","2","5108","1","pancakeswap-token","PancakeSwap","[{""id"":""pancakeswap-token"",""symbol"":""cake"",""name"":""PancakeSwap"",""platforms"":{""aptos"":""0x159df6b7689437016108a019fd5bef736bac692b6d4a1f10c941f6fbb9a74ca6::oft::CakeOFT"",""arbitrum-one"":""0x1b896893dfc86bb67cf57767298b9073d2c1ba2c"",""base"":""0x3055913c90fcc1a6ce9a358911721eeb942013a1"",""binance-smart-chain"":""0x0e09fabb73bd3ade0a17ecc321fd13a19e81ce82"",""ethereum"":""0x152649ea73beab28c5b49b26eb48f7ead6d4c898"",""linea"":""0x0d1e753a25ebda689453309112904807625befbe"",""opbnb"":""0x2779106e4f4a8a28d77a24c18283651a2ae22d1c"",""polygon-zkevm"":""0x0d1e753a25ebda689453309112904807625befbe"",""solana"":""4qQeZ5LwSz6HuupUu8jCtgXyW1mYQcNbFAW1sWZp89HL"",""zksync"":""0x3a287a06c66f9e95a56327185ca2bdf5f031cecd""}}]","e0b717d1d58fe4a722fd0c17303035114bc0a900c58751f6d4c773c16a6ad3bb","single_current_candidate_review_required","False"
"CAT","CAT","2","1896","15","cat-2|cat-3|cat-call-agent|cat-cat-token|catcoin|catcoin-bsc|catcoin-cash|catcoin-eth|caterpillar-dinari-tokenized-stock|cat-inu|catson|cat-terminal|cat-token|simon-s-cat|sol-cat","Cat|cat|CAT|Cat Call Agent|CAT INU|CAT Terminal|Catcoin|Catcoin|Catcoin (ETH)|Catcoin BSC|Caterpillar (Dinari Tokenized Stock)|Catson|Liquid Cat|Mooncat CAT|Simon's Cat","[{""id"":""cat-2"",""symbol"":""cat"",""name"":""Liquid Cat"",""platforms"":{""hyperliquid"":""0x7631702302e6c7fbf69d369e0bcf45d6""}},{""id"":""cat-3"",""symbol"":""cat"",""name"":""cat"",""platforms"":{""solana"":""3Lbxn3uPP58u1KEULn3iJyaKNWLgxbRsS1kgcUeXpump""}},{""id"":""cat-call-agent"",""symbol"":""cat"",""name"":""Cat Call Agent"",""platforms"":{""ink"":""0x20c69c12abf2b6f8d8ca33604dd25c700c7e70a5""}},{""id"":""cat-cat-token"",""symbol"":""cat"",""name"":""Cat"",""platforms"":{""binance-smart-chain"":""0x0173295183685f27c84db046b5f0bea3e683c24b""}},{""id"":""catcoin"",""symbol"":""cat"",""name"":""Catcoin"",""platforms"":{}},{""id"":""catcoin-bsc"",""symbol"":""cat"",""name"":""Catcoin BSC"",""platforms"":{""binance-smart-chain"":""0xff71e87a2e7b818eee86f3f1c2e94a06cac85866""}},{""id"":""catcoin-cash"",""symbol"":""cat"",""name"":""Catcoin"",""platforms"":{""binance-smart-chain"":""0x59f4f336bf3d0c49dbfba4a74ebd2a6ace40539a"",""solana"":""7hWcHohzwtLddDUG81H2PkWq6KEkMtSDNkYXsso18Fy3""}},{""id"":""catcoin-eth"",""symbol"":""cat"",""name"":""Catcoin (ETH)"",""platforms"":{""ethereum"":""0x59f4f336bf3d0c49dbfba4a74ebd2a6ace40539a""}},{""id"":""caterpillar-dinari-tokenized-stock"",""symbol"":""cat"",""name"":""Caterpillar (Dinari Tokenized Stock)"",""platforms"":{""arbitrum-one"":""0xe649980d1b911756f217e4b61de76a7d2a3b108a"",""avalanche"":""0x757d6e9b133655e797246d0fe6b83dffbbc7e0cd"",""base"":""0x903ce8c6196a78e5b6df62897a864951e71b6b34"",""ethereum"":""0x4cfba646ca9c05ad653fea94d485d15cfc449b2d""}},{""id"":""cat-inu"",""symbol"":""cat"",""name"":""CAT INU"",""platforms"":{""binance-smart-chain"":""0xaf8e0bce56615edf2810fab024c307de352a431f""}},{""id"":""catson"",""symbol"":""cat"",""name"":""Catson"",""platforms"":{""base"":""0xca8e8d244f0d219a6fc9e4793c635cea98d0399c""}},{""id"":""cat-terminal"",""symbol"":""cat"",""name"":""CAT Terminal"",""platforms"":{""solana"":""4HBQm2EhdpUWZkTYxttxNDnsoWi5beRAGWHpjVo8pump""}},{""id"":""cat-token"",""symbol"":""cat"",""name"":""Mooncat CAT"",""platforms"":{""ethereum"":""0x56015bbe3c01fe05bc30a8a9a9fd9a88917e7db3""}},{""id"":""simon-s-cat"",""symbol"":""cat"",""name"":""Simon\u0027s Cat"",""platforms"":{""binance-smart-chain"":""0x6894cde390a3f51155ea41ed24a33a4827d3063d"",""solana"":""3joMReCCSESngJEpFLoKR2dNcChjSRCDtybQet5uSpse""}},{""id"":""sol-cat"",""symbol"":""cat"",""name"":""CAT"",""platforms"":{""solana"":""3WKzqdh3ZW3tP2PhAtAuDu4e1XsEzFhk7qnN8mApm3S2""}}]","b36702e9979e65201faee1167ca806945a264cb0e6bcdef668352a19848242cc","ambiguous_current_candidates","False"
"CELO","CELO","2","17331","1","celo","Celo","[{""id"":""celo"",""symbol"":""celo"",""name"":""Celo"",""platforms"":{""celo"":""0x471ece3750da237f93b8e339c536989b8978a438""}}]","473cb76a2ac6f109b5f717f9455c9681db049aa6923ba17fce3e3ece4ccb7d43","single_current_candidate_review_required","False"
"CELR","CELR","2","3193","1","celer-network","Celer Network","[{""id"":""celer-network"",""symbol"":""celr"",""name"":""Celer Network"",""platforms"":{""arbitrum-one"":""0x3a8b787f78d775aecfeea15706d4221b40f345ab"",""energi"":""0x1833e138fadf220eb951a8590b8ba9058785ddde"",""ethereum"":""0x4f9254c83eb525f9fcf346490bbb3ed28a81c667""}}]","8db54be2b1967464fab028c37be218ced3fac11878c25f4f6b15e70518ee8d33","single_current_candidate_review_required","False"
"CFG","CFG","2","24251","2","centrifuge|centrifuge-2","Centrifuge|Centrifuge [OLD]","[{""id"":""centrifuge"",""symbol"":""cfg"",""name"":""Centrifuge [OLD]"",""platforms"":{}},{""id"":""centrifuge-2"",""symbol"":""cfg"",""name"":""Centrifuge"",""platforms"":{""ethereum"":""0xcccccccccc33d538dbc2ee4feab0a7a1ff4e8a94""}}]","c90ada1ce8b80f4e88c37ef4072831b7302460725239c8a1a382e1b20bfb5cf6","ambiguous_current_candidates","False"
"CHEEMS","CHEEMS","2","5554","4","cheems|cheems-cto|cheems-token|og-cheems","Cheems|Cheems CTO|Cheems Token|OG CHEEMS","[{""id"":""cheems"",""symbol"":""cheems"",""name"":""Cheems"",""platforms"":{""solana"":""3FoUAsGDbvTD6YZ4wVKJgTB76onJUKz7GPEBNiR5b8wc""}},{""id"":""cheems-cto"",""symbol"":""cheems"",""name"":""Cheems CTO"",""platforms"":{""ethereum"":""0x41b1f9dcd5923c9542b6957b9b72169595acbc5c""}},{""id"":""cheems-token"",""symbol"":""cheems"",""name"":""Cheems Token"",""platforms"":{""binance-smart-chain"":""0x0df0587216a4a1bb7d5082fdc491d93d2dd4b413""}},{""id"":""og-cheems"",""symbol"":""cheems"",""name"":""OG CHEEMS"",""platforms"":{""solana"":""73DRYB2YpoHiZUdq37hQmHTR7Yvg5qJKsxxaYrsJSBCJ""}}]","146e35ca6a680c5c6e976ebe0a4fbddc66f32d1c3d297f181492051e79064f4e","ambiguous_current_candidates","False"
"CHEX","CHEX","2","3773","1","chex-token","Chintai","[{""id"":""chex-token"",""symbol"":""chex"",""name"":""Chintai"",""platforms"":{""base"":""0xc43f3ae305a92043bd9b62ebd2fe14f7547ee485"",""binance-smart-chain"":""0x9ce84f6a69986a83d92c324df10bc8e64771030f"",""ethereum"":""0x9ce84f6a69986a83d92c324df10bc8e64771030f"",""solana"":""6dKCoWjpj5MFU5gWDEFdpUUeBasBLK3wLEwhUzQPAa1e""}}]","b367d970c8098d5d23a52fa89f7e2af083b64c4a9e27b85330050c7a27016815","single_current_candidate_review_required","False"
"CHR","CHR","2","4282","2","chromaway|chronos-finance","Chromia|Chronos Finance","[{""id"":""chromaway"",""symbol"":""chr"",""name"":""Chromia"",""platforms"":{""binance-smart-chain"":""0xf9cec8d50f6c8ad3fb6dccec577e05aa32b224fe"",""ethereum"":""0x8a2279d4a90b6fe1c4b30fa660cc9f926797baa2""}},{""id"":""chronos-finance"",""symbol"":""chr"",""name"":""Chronos Finance"",""platforms"":{""arbitrum-one"":""0x15b2fb8f08e4ac1ce019eadae02ee92aedf06851""}}]","b0a0d1946eb3548b6912c13f044593c23e8e7c14c1b0582a3e18c2809c98248d","ambiguous_current_candidates","False"
"CHZ","CHZ","2","13587","1","chiliz","Chiliz","[{""id"":""chiliz"",""symbol"":""chz"",""name"":""Chiliz"",""platforms"":{""base"":""0x70c8392de9b39a1e48d12a70af6ff4be25d6d0a2"",""ethereum"":""0x3506424f91fd33084466f402d5d97f05f8e3b4af"",""solana"":""6eftxVbSAunVEoxUWdGhPdxg5UdsJ8Wkwy5w5YFuxouw""}}]","c000aa8952678f6db5ab766f22027f47f0bc94c5b0bf10391ad231301088184b","single_current_candidate_review_required","False"
"CLANKER","CLANKER","2","1022","3","clanker|clanker-2|tokenbot-2","Clanker|Clanker|tokenbot","[{""id"":""clanker"",""symbol"":""clanker"",""name"":""Clanker"",""platforms"":{""solana"":""HW5SN5NH9jsUbYsGfTHfzfkhtAdtTiztF4qzsNQ8bonk""}},{""id"":""clanker-2"",""symbol"":""clanker"",""name"":""Clanker"",""platforms"":{""ethereum"":""0xec2a4820026e737e039f545cb070be338cb23df2""}},{""id"":""tokenbot-2"",""symbol"":""clanker"",""name"":""tokenbot"",""platforms"":{""base"":""0x1bc0c42215582d5a085795f4badbac3ff36d1bcb""}}]","58710243b3becff84f0d0fab1c5e56596ec389db64fdeb8bc90226dbd38036d9","ambiguous_current_candidates","False"
"CLOUD","CLOUD","2","28011","5","cloudai|cloudbase|crypto-clouds|decloud|sanctum-2","Cloud|CloudAI|CloudBase|CRYPTO CLOUD|DeCloud","[{""id"":""cloudai"",""symbol"":""cloud"",""name"":""CloudAI"",""platforms"":{""base"":""0x2425598dd959e47a294a737ee4104316864817cf""}},{""id"":""cloudbase"",""symbol"":""cloud"",""name"":""CloudBase"",""platforms"":{""base"":""0x17d8217c0f4b4742aaace053281f42eb05ab211d""}},{""id"":""crypto-clouds"",""symbol"":""cloud"",""name"":""CRYPTO CLOUD"",""platforms"":{""internet-computer"":""pcj6u-uaaaa-aaaak-aewnq-cai""}},{""id"":""decloud"",""symbol"":""cloud"",""name"":""DeCloud"",""platforms"":{""ethereum"":""0xf2dfdbe1ea71bbdcb5a4662a16dbf5e487be3ebe""}},{""id"":""sanctum-2"",""symbol"":""cloud"",""name"":""Cloud"",""platforms"":{""solana"":""CLoUDKc4Ane7HeQcPpE3YHnznRxhMimJ4MyaUqyHFzAu""}}]","09c6ad386505232af5f96a353f5ef669d1157eb04650e0f68549e8f6d0aa79d7","ambiguous_current_candidates","False"
"CLV","CLV","2","5737","2","clevernode|clover-finance","Clevernode|Clover Finance","[{""id"":""clevernode"",""symbol"":""clv"",""name"":""Clevernode"",""platforms"":{""xrp"":""rK8rYUs6gFH4QJ9JS814EF9112gKuYZZT""}},{""id"":""clover-finance"",""symbol"":""clv"",""name"":""Clover Finance"",""platforms"":{""binance-smart-chain"":""0x09e889bb4d5b474f561db0491c38702f367a4e4d"",""ethereum"":""0x80c62fe4487e1351b47ba49809ebd60ed085bf52""}}]","e0cf771245714a7ce8667f110a7e1452d5f6ab8061b4f3209e63656f3e7e8aa4","ambiguous_current_candidates","False"
"CMETH","CMETH","2","59","1","mantle-restaked-eth","Mantle Restaked ETH","[{""id"":""mantle-restaked-eth"",""symbol"":""cmeth"",""name"":""Mantle Restaked ETH"",""platforms"":{""ethereum"":""0xe6829d9a7ee3040e1276fa75293bde931859e8fa"",""hyperevm"":""0xe6829d9a7ee3040e1276fa75293bde931859e8fa"",""mantle"":""0xe6829d9a7ee3040e1276fa75293bde931859e8fa""}}]","bf9b7044630e01c7d4aae4549fbc244582fe3eeae8a63a05f1800b5e50ac7c60","single_current_candidate_review_required","False"
"COMP","COMP","3","25461","1","compound-governance-token","Compound","[{""id"":""compound-governance-token"",""symbol"":""comp"",""name"":""Compound"",""platforms"":{""arbitrum-one"":""0x354a6da3fcde098f8389cad84b0182725c6c91de"",""avalanche"":""0xc3048e19e76cb9a3aa9d77d8c03c29fc906e2437"",""base"":""0x9e1028f5f1d5ede59748ffcee5532509976840e0"",""binance-smart-chain"":""0x52ce071bd9b1c4b00a0b92d298c512478cad67e8"",""energi"":""0x66bc411714e16b6f0c68be12bd9c666cc4576063"",""ethereum"":""0xc00e94cb662c3520282e6f5717214004a7f26888"",""harmony-shard-0"":""0x32137b9275ea35162812883582623cd6f6950958"",""near-protocol"":""c00e94cb662c3520282e6f5717214004a7f26888.factory.bridge.near"",""polygon-pos"":""0x8505b9d2254a7ae468c0e9dd10ccea3a837aef5c"",""sora"":""0x00dbd45af9f2ea406746f9025110297469e9d29efc60df8d88efb9b0179d6c2c""}}]","57751ac95441e1a28b0aa331d5b92fc78674faea26ecaf16bcdb1f8584bf28d1","single_current_candidate_review_required","False"
"COOKIE","COOKIE","2","9621","2","cookie|cookiebase","Cookie DAO|CookieBase","[{""id"":""cookie"",""symbol"":""cookie"",""name"":""Cookie DAO"",""platforms"":{""base"":""0xc0041ef357b183448b235a8ea73ce4e4ec8c265f"",""binance-smart-chain"":""0xc0041ef357b183448b235a8ea73ce4e4ec8c265f"",""ethereum"":""0xc0041ef357b183448b235a8ea73ce4e4ec8c265f""}},{""id"":""cookiebase"",""symbol"":""cookie"",""name"":""CookieBase"",""platforms"":{""base"":""0x614747c53cb1636b4b962e15e1d66d3214621100""}}]","0393c0b69678c778d7983faac78582d42c57f2e1add752b8c3c6c58511260cdf","ambiguous_current_candidates","False"
"CORN","CORN","2","4603","3","corn-2|corn-3|solanacorn","Corn|Corn|Solanacorn","[{""id"":""corn-2"",""symbol"":""corn"",""name"":""Corn"",""platforms"":{""solana"":""DbPCbgJ7a37VgUMb17DF9vRucoL1ZuG5YrqF7y5Gf7qJ""}},{""id"":""corn-3"",""symbol"":""corn"",""name"":""Corn"",""platforms"":{""arbitrum-one"":""0x44f49ff0da2498bcb1d3dc7c0f999578f67fd8c6"",""corn"":""0x44f49ff0da2498bcb1d3dc7c0f999578f67fd8c6"",""ethereum"":""0x44f49ff0da2498bcb1d3dc7c0f999578f67fd8c6"",""solana"":""ApqLH7ovTBeEjgBMXH8udnBttwR9k5JEv9pNnVQV7Xsa""}},{""id"":""solanacorn"",""symbol"":""corn"",""name"":""Solanacorn"",""platforms"":{""solana"":""6DSqVXg9WLTWgz6LACqxN757QdHe1sCqkUfojWmxWtok""}}]","401c0ca085ca549ee172419a9e3197b72e7b0030a32f835f6edab7e3f1d12795","ambiguous_current_candidates","False"
"COTI","COTI","2","10696","1","coti","COTI","[{""id"":""coti"",""symbol"":""coti"",""name"":""COTI"",""platforms"":{""ethereum"":""0xddb3422497e61e13543bea06989c0789117555c5""}}]","35089ffe0ae820350f836d055e637f5088ccbe14aa5e9d843218ac487e1341cc","single_current_candidate_review_required","False"
"COW","COW","2","4514","4","cow|cowcoin-2|cow-protocol|perpetual-cow","Cow|CoW Protocol|Cowcoin|Perpetual Cow","[{""id"":""cow"",""symbol"":""cow"",""name"":""Cow"",""platforms"":{""base"":""0x2ad3d80c917ddbf08acc04277f379e00e4d75395""}},{""id"":""cowcoin-2"",""symbol"":""cow"",""name"":""Cowcoin"",""platforms"":{""binance-smart-chain"":""0x7aaaa5b10f97321345acd76945083141be1c5631""}},{""id"":""cow-protocol"",""symbol"":""cow"",""name"":""CoW Protocol"",""platforms"":{""arbitrum-one"":""0xcb8b5cd20bdcaea9a010ac1f8d835824f5c87a04"",""base"":""0xc694a91e6b071bf030a18bd3053a7fe09b6dae69"",""binance-smart-chain"":""0x5bfdaa3f7c28b9994b56135403bf1acea02595b0"",""ethereum"":""0xdef1ca1fb7fbcdc777520aa7f396b4e015f497ab"",""polygon-pos"":""0x2f4efd3aa42e15a1ec6114547151b63ee5d39958"",""xdai"":""0x177127622c4a00f3d409b75571e12cb3c8973d3c""}},{""id"":""perpetual-cow"",""symbol"":""cow"",""name"":""Perpetual Cow"",""platforms"":{""solana"":""FWoGYRhR6YagBSqncPSdn43GHNikSPw1ggrGzyM3H5rE""}}]","88d29aa17930ae5a4a68537c3f0f1ecdfae056bd98e6c75d358b612aa99eaa2a","ambiguous_current_candidates","False"
"CPOOL","CPOOL","2","27449","1","clearpool","Clearpool","[{""id"":""clearpool"",""symbol"":""cpool"",""name"":""Clearpool"",""platforms"":{""ethereum"":""0x66761fa41377003622aee3c7675fc7b5c1c2fac5"",""solana"":""AeXrLftu8chuY4ctc6oDeG4dUx6Yr4aqeakUMFNvACdg""}}]","0f307bae85337bced15f62706c683cac45725e140dbb17c211128b39b81536f6","single_current_candidate_review_required","False"
"CQT","CQT","2","4542","0","","","[]","4f53cda18c2baa0c0354bb5f9a3ecbe5ed12ab4d8e11ba873c2f11161202b945","no_current_candidate","False"
"CRO","CRO","4","22555","2","cronos-zkevm-bridged-cro-cronos-zkevm|crypto-com-chain","Cronos|Cronos zkEVM Bridged CRO (Cronos zkEVM)","[{""id"":""cronos-zkevm-bridged-cro-cronos-zkevm"",""symbol"":""cro"",""name"":""Cronos zkEVM Bridged CRO (Cronos zkEVM)"",""platforms"":{""cronos-zkevm"":""0xbcaa34ff9d5bfd0d948b18cf6bf39a882f4a1cbd""}},{""id"":""crypto-com-chain"",""symbol"":""cro"",""name"":""Cronos"",""platforms"":{""ethereum"":""0xa0b73e1ff0b80914ab6fe0444e65848c4c34450b""}}]","26de60630f720800b5322b8cd7ac3425e7cbf7f92708c68449c5ee9032dfc25a","ambiguous_current_candidates","False"
"CRV","CRV","2","58175","2","bridged-curve-dao-token-stargate|curve-dao-token","Bridged Curve DAO Token (Stargate)|Curve DAO","[{""id"":""bridged-curve-dao-token-stargate"",""symbol"":""crv"",""name"":""Bridged Curve DAO Token (Stargate)"",""platforms"":{""fantom"":""0xc7ae4ab742f6b0b203f6710c87677005bc45ad01""}},{""id"":""curve-dao-token"",""symbol"":""crv"",""name"":""Curve DAO"",""platforms"":{""arbitrum-one"":""0x11cdb42b0eb46d95f990bedd4695a6e3fa034978"",""base"":""0x8ee73c484a26e0a5df2ee2a4960b789967dd0415"",""energi"":""0xd3319eaf3c4743ac75aace77befcfa445ed6e69e"",""ethereum"":""0xd533a949740bb3306d119cc777fa900ba034cd52"",""etherlink"":""0x004a476b5b76738e34c86c7144554b9d34402f13"",""fantom"":""0x1e4f97b9f9f913c46f1632781732927b9019c68b"",""optimistic-ethereum"":""0x0994206dfe8de6ec6920ff4d779b0d950605fb53"",""polygon-pos"":""0x172370d5cd63279efa6d502dab29171933a610af"",""sora"":""0x002ead91a2de57b8855b53d4a62c25277073fd7f65f7e5e79f4936ed747fcad0""}}]","154d38a536c29e7bee36b7503bd80e0f443774c2be22324b6658e3b2bc7cbec1","ambiguous_current_candidates","False"
"CSM","CSM","2","589","0","","","[]","4f53cda18c2baa0c0354bb5f9a3ecbe5ed12ab4d8e11ba873c2f11161202b945","no_current_candidate","False"
"CTSI","CTSI","2","3820","1","cartesi","Cartesi","[{""id"":""cartesi"",""symbol"":""ctsi"",""name"":""Cartesi"",""platforms"":{""arbitrum-one"":""0x319f865b287fcc10b30d8ce6144e8b6d1b476999"",""avalanche"":""0x6b289cceaa8639e3831095d75a3e43520fabf552"",""base"":""0x259fac10c5cbfefe3e710e1d9467f70a76138d45"",""binance-smart-chain"":""0x8da443f84fea710266c8eb6bc34b71702d033ef2"",""ethereum"":""0x491604c0fdf08347dd1fa4ee062a822a5dd06b5d"",""optimistic-ethereum"":""0xec6adef5e1006bb305bb1975333e8fc4071295bf"",""polygon-pos"":""0x2727ab1c2d22170abc9b595177b2d5c6e1ab7b7b""}}]","c82304e12df05ff7ab2f61215fd3044075dcb953eef32e412eec5d9997f8196b","single_current_candidate_review_required","False"
"CVC","CVC","2","6688","1","civic","Civic","[{""id"":""civic"",""symbol"":""cvc"",""name"":""Civic"",""platforms"":{""energi"":""0x0d91d554768dc20e1d3d95ff9d5bc041edc3ba0f"",""ethereum"":""0x41e5560054824ea6b0732e656e3ad64e20e94e45"",""polygon-pos"":""0x66dc5a08091d1968e08c16aa5b27bac8398b02be""}}]","6d3e5e3e95a2c8839d092c2c1d589ce26575a50d05670dbeaf06f0fc23e8ea5a","single_current_candidate_review_required","False"
"CVX","CVX","2","13055","2","chevron-corp-dinari-tokenized-stock|convex-finance","Chevron Corp (Dinari Tokenized Stock)|Convex Finance","[{""id"":""chevron-corp-dinari-tokenized-stock"",""symbol"":""cvx"",""name"":""Chevron Corp (Dinari Tokenized Stock)"",""platforms"":{""arbitrum-one"":""0x0e929101c4fa7c91eaa64d7216161ba3eee387fe"",""avalanche"":""0x78758dfccfe4854be602cf4ea20bfff040fad90c"",""base"":""0x25aa7b1ecf5d3fcd1b3b9f2445a4fa5597ffb189"",""ethereum"":""0xc49da7892155ccc603f0b88eaedaa3b57910096f""}},{""id"":""convex-finance"",""symbol"":""cvx"",""name"":""Convex Finance"",""platforms"":{""ethereum"":""0x4e3fbd56cd56c3e72c1403e103b45db9da5b9d2b""}}]","c0857b66584291aed55d9bad7bfacb7f4e6c663286f8f3858f37c7af070f01a7","ambiguous_current_candidates","False"
"CXT","CXT","2","15097","1","covalent-x-token","Covalent X Token","[{""id"":""covalent-x-token"",""symbol"":""cxt"",""name"":""Covalent X Token"",""platforms"":{""base"":""0xb1e1f3cc2b6fe4420c1ac82022b457018eb628ff"",""ethereum"":""0x7abc8a5768e6be61a6c693a6e4eacb5b60602c4d""}}]","de84b43a0066ef7c004fb65855259c85cf6f2178998ddfae9b86e8921e747092","single_current_candidate_review_required","False"
"CYBER","CYBER","2","2358","2","cyberconnect|cyberpunk-city","CYBER|Cyberpunk City","[{""id"":""cyberconnect"",""symbol"":""cyber"",""name"":""CYBER"",""platforms"":{""binance-smart-chain"":""0x14778860e937f509e651192a90589de711fb88a9"",""cyber"":""0x14778860e937f509e651192a90589de711fb88a9"",""ethereum"":""0x14778860e937f509e651192a90589de711fb88a9"",""optimistic-ethereum"":""0x14778860e937f509e651192a90589de711fb88a9""}},{""id"":""cyberpunk-city"",""symbol"":""cyber"",""name"":""Cyberpunk City"",""platforms"":{""elrond"":""CYBER-489c1c""}}]","6afca51774dc61fb429b55f36155d9da2fdd6a592cab0d3961e9196a4c6264eb","ambiguous_current_candidates","False"
"DAI","DAI","3","22057","28","anubis-bridged-dai-anubis|avalanche-bridged-dai-avalanche|binance-peg-dai|bridged-dai|bridged-dai-stablecoin-linea|bridged-dai-starkgate|celer-bridged-dai-astar|crypto-com-bridged-dai-cronos|dai|dai-on-pulsechain|dai-pulsechain|harmony-horizon-bridged-dai-harmony-shard-0|l2-standard-bridged-dai-base|makerdao-arbitrum-bridged-dai-arbitrum-one|makerdao-arbitrum-nova-dai-bridge-arbitrum-nova|makerdao-optimism-bridged-dai-optimism|multichain-bridged-dai-energi|multichain-bridged-dai-fantom|multichain-bridged-dai-moonbeam|multichain-bridged-dai-moonriver|nova-dai|omnibridge-bridged-dai-gnosis-chain|polygon-pos-bridged-dai-polygon-pos|polygon-zkevm-bridged-dai-polygon-zkevm|rainbow-bridged-dai-aurora|rainbow-bridged-dai-near-protocol|starkgate-bridged-dai-v2-starknet|zksync-erc20-bridged-dai-zksync","Anubis Bridged DAI (Anubis)|Avalanche Bridged DAI (Avalanche)|Binance-Peg DAI|Bridged DAI|Bridged DAI (PulseChain)|Bridged Dai Stablecoin (Linea)|Celer Bridged DAI (Astar)|Crypto.com Bridged DAI (Cronos)|Dai|DAI on PulseChain|Harmony Horizon Bridged DAI (Harmony Shard 0)|L2 Standard Bridged DAI (Base)|MakerDAO Arbitrum Bridged DAI (Arbitrum One)|MakerDAO Arbitrum Nova DAI Bridge (Arbitrum Nova)|MakerDAO Optimism Bridged DAI (Optimism)|Multichain Bridged DAI (Energi)|Multichain Bridged DAI (Fantom)|Multichain Bridged DAI (Moonbeam)|Multichain Bridged DAI (Moonriver)|Nova Merged DAI (zkLink)|OmniBridge Bridged DAI (Gnosis Chain)|Polygon PoS Bridged DAI (Polygon POS)|Polygon zkEVM Bridged DAI (Polygon zkEVM)|Rainbow Bridged DAI (Aurora)|Rainbow Bridged DAI (Near Protocol)|StarkGate Bridged Dai (Starknet)|StarkGate Bridged Dai V2 (Starknet)|ZKsync ERC20 Bridged DAI (zkSync)","[{""id"":""anubis-bridged-dai-anubis"",""symbol"":""dai"",""name"":""Anubis Bridged DAI (Anubis)"",""platforms"":{""anubis"":""0x83fd06f0846d9d90b3016bf670efe2e0b11cde14""}},{""id"":""avalanche-bridged-dai-avalanche"",""symbol"":""dai"",""name"":""Avalanche Bridged DAI (Avalanche)"",""platforms"":{""avalanche"":""0xd586e7f844cea2f87f50152665bcbc2c279d8d70""}},{""id"":""binance-peg-dai"",""symbol"":""dai"",""name"":""Binance-Peg DAI"",""platforms"":{""binance-smart-chain"":""0x1af3f329e8be154074d8769d1ffa4ee058b1dbc3""}},{""id"":""bridged-dai"",""symbol"":""dai"",""name"":""Bridged DAI"",""platforms"":{""cosmos"":""ibc/0CD3A0285E1341859B5E86B6AB7682F023D03E97607CCC1DC95706411D866DF7"",""klay-token"":""0x078db7827a5531359f6cb63f62cfa20183c4f10c"",""milkomeda-cardano"":""0x639a647fbe20b6c8ac19e48e2de44ea792c62c5c"",""sora"":""0x0200060000000000000000000000000000000000000000000000000000000000"",""velas"":""0xe3f5a90f9cb311505cd691a46596599aa1a0ad7d""}},{""id"":""bridged-dai-stablecoin-linea"",""symbol"":""dai"",""name"":""Bridged Dai Stablecoin (Linea)"",""platforms"":{""linea"":""0x4af15ec2a0bd43db75dd04e62faa3b8ef36b00d5""}},{""id"":""bridged-dai-starkgate"",""symbol"":""dai"",""name"":""StarkGate Bridged Dai (Starknet)"",""platforms"":{""starknet"":""0x00da114221cb83fa859dbdb4c44beeaa0bb37c7537ad5ae66fe5e0efd20e6eb3""}},{""id"":""celer-bridged-dai-astar"",""symbol"":""dai"",""name"":""Celer Bridged DAI (Astar)"",""platforms"":{""astar"":""0x6de33698e9e9b787e09d3bd7771ef63557e148bb""}},{""id"":""crypto-com-bridged-dai-cronos"",""symbol"":""dai"",""name"":""Crypto.com Bridged DAI (Cronos)"",""platforms"":{""cronos"":""0xf2001b145b43032aaf5ee2884e456ccd805f677d""}},{""id"":""dai"",""symbol"":""dai"",""name"":""Dai"",""platforms"":{""ethereum"":""0x6b175474e89094c44da98b954eedeac495271d0f""}},{""id"":""dai-on-pulsechain"",""symbol"":""dai"",""name"":""DAI on PulseChain"",""platforms"":{""pulsechain"":""0x6b175474e89094c44da98b954eedeac495271d0f""}},{""id"":""dai-pulsechain"",""symbol"":""dai"",""name"":""Bridged DAI (PulseChain)"",""platforms"":{""pulsechain"":""0xefd766ccb38eaf1dfd701853bfce31359239f305""}},{""id"":""harmony-horizon-bridged-dai-harmony-shard-0"",""symbol"":""dai"",""name"":""Harmony Horizon Bridged DAI (Harmony Shard 0)"",""platforms"":{""harmony-shard-0"":""0xef977d2f931c1978db5f6747666fa1eacb0d0339""}},{""id"":""l2-standard-bridged-dai-base"",""symbol"":""dai"",""name"":""L2 Standard Bridged DAI (Base)"",""platforms"":{""base"":""0x50c5725949a6f0c72e6c4a641f24049a917db0cb""}},{""id"":""makerdao-arbitrum-bridged-dai-arbitrum-one"",""symbol"":""dai"",""name"":""MakerDAO Arbitrum Bridged DAI (Arbitrum One)"",""platforms"":{""arbitrum-one"":""0xda10009cbd5d07dd0cecc66161fc93d7c9000da1""}},{""id"":""makerdao-arbitrum-nova-dai-bridge-arbitrum-nova"",""symbol"":""dai"",""name"":""MakerDAO Arbitrum Nova DAI Bridge (Arbitrum Nova)"",""platforms"":{""arbitrum-nova"":""0xda10009cbd5d07dd0cecc66161fc93d7c9000da1""}},{""id"":""makerdao-optimism-bridged-dai-optimism"",""symbol"":""dai"",""name"":""MakerDAO Optimism Bridged DAI (Optimism)"",""platforms"":{""optimistic-ethereum"":""0xda10009cbd5d07dd0cecc66161fc93d7c9000da1""}},{""id"":""multichain-bridged-dai-energi"",""symbol"":""dai"",""name"":""Multichain Bridged DAI (Energi)"",""platforms"":{""energi"":""0x0ee5893f434017d8881750101ea2f7c49c0eb503""}},{""id"":""multichain-bridged-dai-fantom"",""symbol"":""dai"",""name"":""Multichain Bridged DAI (Fantom)"",""platforms"":{""fantom"":""0x8d11ec38a3eb5e956b052f67da8bdc9bef8abf3e""}},{""id"":""multichain-bridged-dai-moonbeam"",""symbol"":""dai"",""name"":""Multichain Bridged DAI (Moonbeam)"",""platforms"":{""moonbeam"":""0x765277eebeca2e31912c9946eae1021199b39c61""}},{""id"":""multichain-bridged-dai-moonriver"",""symbol"":""dai"",""name"":""Multichain Bridged DAI (Moonriver)"",""platforms"":{""moonriver"":""0x80a16016cc4a2e6a2caca8a4a498b1699ff0f844""}},{""id"":""nova-dai"",""symbol"":""dai"",""name"":""Nova Merged DAI (zkLink)"",""platforms"":{""zklink-nova"":""0xf573fa04a73d5ac442f3dea8741317feaa3cdeab""}},{""id"":""omnibridge-bridged-dai-gnosis-chain"",""symbol"":""dai"",""name"":""OmniBridge Bridged DAI (Gnosis Chain)"",""platforms"":{""xdai"":""0x44fa8e6f47987339850636f88629646662444217""}},{""id"":""polygon-pos-bridged-dai-polygon-pos"",""symbol"":""dai"",""name"":""Polygon PoS Bridged DAI (Polygon POS)"",""platforms"":{""polygon-pos"":""0x8f3cf7ad23cd3cadbd9735aff958023239c6a063""}},{""id"":""polygon-zkevm-bridged-dai-polygon-zkevm"",""symbol"":""dai"",""name"":""Polygon zkEVM Bridged DAI (Polygon zkEVM)"",""platforms"":{""polygon-zkevm"":""0xc5015b9d9161dca7e18e32f6f25c4ad850731fd4""}},{""id"":""rainbow-bridged-dai-aurora"",""symbol"":""dai"",""name"":""Rainbow Bridged DAI (Aurora)"",""platforms"":{""aurora"":""0xe3520349f477a5f6eb06107066048508498a291b""}},{""id"":""rainbow-bridged-dai-near-protocol"",""symbol"":""dai"",""name"":""Rainbow Bridged DAI (Near Protocol)"",""platforms"":{""near-protocol"":""6b175474e89094c44da98b954eedeac495271d0f.factory.bridge.near""}},{""id"":""starkgate-bridged-dai-v2-starknet"",""symbol"":""dai"",""name"":""StarkGate Bridged Dai V2 (Starknet)"",""platforms"":{""starknet"":""0x05574eb6b8789a91466f902c380d978e472db68170ff82a5b650b95a58ddf4ad""}},{""id"":""zksync-erc20-bridged-dai-zksync"",""symbol"":""dai"",""name"":""ZKsync ERC20 Bridged DAI (zkSync)"",""platforms"":{""zksync"":""0x4b9eb6c0b6ea15176bbf62841c6b2a8a398cb656""}}]","2677dfe4a61ec260232167a9919383b4a6c96536205511790210f91d1f7a04ea","ambiguous_current_candidates","False"
"DASH","DASH","2","13800","2","dash|dash-2","DASH|Dash","[{""id"":""dash"",""symbol"":""dash"",""name"":""Dash"",""platforms"":{}},{""id"":""dash-2"",""symbol"":""dash"",""name"":""DASH"",""platforms"":{""ethereum"":""0xedc3be0080f65c628964f44ba3f2b6057e60f8dc""}}]","b4a6e37d761896630703b076b2e3bd25e65598f041e4db9ed60ef5fe9535c1ad","ambiguous_current_candidates","False"
"DBR","DBR","2","7358","2","debridge|dola-borrowing-right","deBridge|DOLA Borrowing Right","[{""id"":""debridge"",""symbol"":""dbr"",""name"":""deBridge"",""platforms"":{""solana"":""DBRiDgJAMsM95moTzJs7M9LnkGErpbv9v6CUR1DXnUu5""}},{""id"":""dola-borrowing-right"",""symbol"":""dbr"",""name"":""DOLA Borrowing Right"",""platforms"":{""ethereum"":""0xad038eb671c44b853887a7e32528fab35dc5d710""}}]","27fc417eccdc05842ccd5237eb2bd5b2c46a8dcfe740dcf7f3e0f59a7c0f40c8","ambiguous_current_candidates","False"
"DEEP","DEEP","2","2340","2","deep|deeployer","DeepBook|Deeployer","[{""id"":""deep"",""symbol"":""deep"",""name"":""DeepBook"",""platforms"":{""sui"":""0xdeeb7a4662eec9f2f3def03fb937a663dddaa2e215b8078a284d026b7946c270::deep::DEEP""}},{""id"":""deeployer"",""symbol"":""deep"",""name"":""Deeployer"",""platforms"":{""tezos"":""KT1Fzw3uNEM7Ez8tysopUGwzDsoU2YZKUYuA""}}]","43964317d1c384b71bbf8a1b96da0fece77e9438e07f03e924946179fc018123","ambiguous_current_candidates","False"
"DEGEN","DEGEN","2","2064","7","degen-arena|degen-base|degenerate|degen-social-media|degenstogether|degen-the-otter-3|degen-the-otter-4","Degen|Degen Arena|Degen Social Media|Degen the Otter|Degen the Otter|Degenerate|DegensTogether","[{""id"":""degen-arena"",""symbol"":""degen"",""name"":""Degen Arena"",""platforms"":{""ethereum"":""0x420658a1d8b8f5c36ddaf1bb828f347ba9011969""}},{""id"":""degen-base"",""symbol"":""degen"",""name"":""Degen"",""platforms"":{""arbitrum-one"":""0x9f07f8a82cb1af1466252e505b7b7ddee103bc91"",""base"":""0x4ed4e862860bed51a9570b96d89af5e1b0efefed"",""ethereum"":""0xfee293840d23b0b2de8c55e1cf7a9f01c157767c"",""robinhood"":""0x0830a9dd26a04e959657ab6788d45f5725590c32"",""solana"":""A7n89LqW67HJKzJkdWZa2xojuK4N5GBKHz3dfjATCZPz""}},{""id"":""degenerate"",""symbol"":""degen"",""name"":""Degenerate"",""platforms"":{""solana"":""6ztpBm31cmBNPwa396ocmDfaWyKKY95Bu8T664QfCe7f""}},{""id"":""degen-social-media"",""symbol"":""degen"",""name"":""Degen Social Media"",""platforms"":{""solana"":""FdpEvMwXM99WsCr5zwrQ5BqgQTSLULpewpXjfs7ABAGS""}},{""id"":""degenstogether"",""symbol"":""degen"",""name"":""DegensTogether"",""platforms"":{""ethereum"":""0xbe92b510007bd3ec0adb3d1fca338dd631e98de7""}},{""id"":""degen-the-otter-3"",""symbol"":""degen"",""name"":""Degen the Otter"",""platforms"":{""solana"":""3UzkMymHpqDijXYaGsz8Vbc1Vk4tKBED5TDT9v6Hbonk""}},{""id"":""degen-the-otter-4"",""symbol"":""degen"",""name"":""Degen the Otter"",""platforms"":{""solana"":""4Nc2EhF8vqXcjHpbUevYZv9Bv4aKb4fWi7cju7c2pump""}}]","137b36bd51424445c01b039a06e2bc4f2665479eb839d49f188d465a90bc91a6","ambiguous_current_candidates","False"
"DENT","DENT","2","6570","1","dent","Dent","[{""id"":""dent"",""symbol"":""dent"",""name"":""Dent"",""platforms"":{""ethereum"":""0x3597bfd533a99c9aa083587b074434e61eb0a258""}}]","1d8f9f16828b4383f1466d19b3576568263bb4fc9ca115e4ca2b7c750a09b2fa","single_current_candidate_review_required","False"
"DMC","DMC","2","7704","2","decentralized-mining-exchange|delorean","Decentralized Mining Exchange|DeLorean","[{""id"":""decentralized-mining-exchange"",""symbol"":""dmc"",""name"":""Decentralized Mining Exchange"",""platforms"":{""binance-smart-chain"":""0xa5342d72d04c133180f376753f90a4b2eee29bb3"",""huobi-token"":""0x854bb58fdda85f20b5ab20b20d888f0554c02560""}},{""id"":""delorean"",""symbol"":""dmc"",""name"":""DeLorean"",""platforms"":{""solana"":""DmcqxT7WXgXhq2LHURQ2h8GA5PeCBuMTLeyaj6MXhf3p"",""sui"":""0x4c981f3ff786cdb9e514da897ab8a953647dae2ace9679e8358eec1e3e8871ac::dmc::DMC""}}]","930aa9026fb1cd12be9898d658eb016b1f872a7d7ac2565664b7a305bf4de7b1","ambiguous_current_candidates","False"
"DOG","DOG","2","3688","11","base-dog|basic-dog-meme|dog-4|dog-go-to-the-moon-rune|its-just-a-dog|it-s-just-a-dog|just-a-dog|ledog-dog|nietzschean-dog|the-crypto-dog|the-doge-nft","Base DOG|Basic Dog Meme|DOG|Dog (Bitcoin)|It's just a Dog|It's just a Dog|just a dog|LEDOG (DOG)|Nietzschean Dog|Own The Doge|The Crypto Dog","[{""id"":""base-dog"",""symbol"":""dog"",""name"":""Base DOG"",""platforms"":{""base"":""0x3b916b8f6a710e9240ff08c1dd646dd8e8ed9e1e""}},{""id"":""basic-dog-meme"",""symbol"":""dog"",""name"":""Basic Dog Meme"",""platforms"":{""base"":""0x9e53e88dcff56d3062510a745952dec4cefdff9e""}},{""id"":""dog-4"",""symbol"":""dog"",""name"":""DOG"",""platforms"":{""x-layer"":""0x903358faf7c6304afbd560e9e29b12ab1b8fddc5""}},{""id"":""dog-go-to-the-moon-rune"",""symbol"":""dog"",""name"":""Dog (Bitcoin)"",""platforms"":{""ordinals"":""840000:3"",""solana"":""dog1viwbb2vWDpER5FrJ4YFG6gq6XuyFohUe9TXN65u"",""starknet"":""0x040e81cfeb176bfdbc5047bbc55eb471cfab20a6b221f38d8fda134e1bfffca4""}},{""id"":""its-just-a-dog"",""symbol"":""dog"",""name"":""It\u0027s just a Dog"",""platforms"":{""solana"":""2B5Rs88FYyFp4XciFrJ7zovvEeybiinZA8PXsSptBAGS""}},{""id"":""it-s-just-a-dog"",""symbol"":""dog"",""name"":""It\u0027s just a Dog"",""platforms"":{""solana"":""61uiuu5aAc2HG1ZQaHd3opfLnK6cM4FQnE1jRi28pump""}},{""id"":""just-a-dog"",""symbol"":""dog"",""name"":""just a dog"",""platforms"":{""solana"":""9gAVAtdnsrniW3GCwsvDeRPf5eJDjtT9S5bu1j7tpump""}},{""id"":""ledog-dog"",""symbol"":""dog"",""name"":""LEDOG (DOG)"",""platforms"":{""ethereum"":""0x864cb5194722d5a1596f4be8b899916d30dad8d8""}},{""id"":""nietzschean-dog"",""symbol"":""dog"",""name"":""Nietzschean Dog"",""platforms"":{""solana"":""BfFU13dyBbYT5E4dZdeFHe5YeH6p9DdTh8fheThspump""}},{""id"":""the-crypto-dog"",""symbol"":""dog"",""name"":""The Crypto Dog"",""platforms"":{""solana"":""21CnrFRqvEVkQZUTFmTXjcsJTLZhRY51ohoaCPwRpump""}},{""id"":""the-doge-nft"",""symbol"":""dog"",""name"":""Own The Doge"",""platforms"":{""arbitrum-one"":""0x4425742f1ec8d98779690b5a3a6276db85ddc01a"",""base"":""0xafb89a09d82fbde58f18ac6437b3fc81724e4df6"",""binance-smart-chain"":""0xaa88c603d142c371ea0eac8756123c5805edee03"",""ethereum"":""0xbaac2b4491727d78d2b78815144570b9f2fe8899"",""optimistic-ethereum"":""0x8f69ee043d52161fd29137aedf63f5e70cd504d5"",""polygon-pos"":""0xeee3371b89fc43ea970e908536fcddd975135d8a"",""solana"":""B9u8h65uM1oifqmP82VyUDb68iG2fKfZiyubmNMtu3h7""}}]","3f05d9c500265ee783de5de5caa6566a356ab26b13fbf8e1bf40d186146884e2","ambiguous_current_candidates","False"
"DOGS","DOGS","2","7736","4","doggensnout-skeptic|dogs-2|dont-tread-on-me|we-love-dogs","Doggensnout Skeptic|Dogs|DONT TREAD ON ME|We Love Dogs","[{""id"":""doggensnout-skeptic"",""symbol"":""dogs"",""name"":""Doggensnout Skeptic"",""platforms"":{""ethereum"":""0x21e5c85a5b1f38bddde68307af77e38f747cd530""}},{""id"":""dogs-2"",""symbol"":""dogs"",""name"":""Dogs"",""platforms"":{""the-open-network"":""EQCvxJy4eG8hyHBFsZ7eePxrRsUQSFE_jpptRAYBmcG_DOGS""}},{""id"":""dont-tread-on-me"",""symbol"":""dogs"",""name"":""DONT TREAD ON ME"",""platforms"":{""solana"":""bDz6NVehx5mr8E1e5d2c8ZAqjDe7DQWZeEKPpyvdogs""}},{""id"":""we-love-dogs"",""symbol"":""dogs"",""name"":""We Love Dogs"",""platforms"":{""ethereum"":""0xf9962329a1e9fa84836d2f37640d7012fb588e9d""}}]","5750f0b164b6b033c3bd548dad296832f6f3fd6cd59b9f38c5307e429d2359f7","ambiguous_current_candidates","False"
"DOLO","DOLO","2","500","1","dolomite","Dolomite","[{""id"":""dolomite"",""symbol"":""dolo"",""name"":""Dolomite"",""platforms"":{""berachain"":""0x0f81001ef0a83ecce5ccebf63eb302c70a39a654"",""ethereum"":""0x0f81001ef0a83ecce5ccebf63eb302c70a39a654""}}]","02a237e3d8fffb54e826c13a5ac46c2ca75273b5af0ca34ee4b8b2a429bc34cd","single_current_candidate_review_required","False"
"DOT","DOT","8","152453","5","binance-peg-polkadot|dot|pippin-s-friend|polkadot|xcdot","Binance-Peg Polkadot|Dot|Pippin's Friend|Polkadot|xcDOT","[{""id"":""binance-peg-polkadot"",""symbol"":""dot"",""name"":""Binance-Peg Polkadot"",""platforms"":{""binance-smart-chain"":""0x7083609fce4d1d8dc0c979aab8c869ea2c873402""}},{""id"":""dot"",""symbol"":""dot"",""name"":""Dot"",""platforms"":{""base"":""0x23a2847d772803f9efc64b4277b782b06296fe51""}},{""id"":""pippin-s-friend"",""symbol"":""dot"",""name"":""Pippin\u0027s Friend"",""platforms"":{""solana"":""AbP5LEN4sAAjghBy6ww37ngAAT7hnBVfXmXNdCnbpump""}},{""id"":""polkadot"",""symbol"":""dot"",""name"":""Polkadot"",""platforms"":{}},{""id"":""xcdot"",""symbol"":""dot"",""name"":""xcDOT"",""platforms"":{""moonbeam"":""0xffffffff1fcacbd218edc0eba20fc2308c778080""}}]","c29d5cef0a4ca231096ddd11547484facf8996d02df449ad6b65ee6008457b2c","ambiguous_current_candidates","False"
"DRIFT","DRIFT","2","9013","1","drift-protocol","Drift Protocol","[{""id"":""drift-protocol"",""symbol"":""drift"",""name"":""Drift Protocol"",""platforms"":{""solana"":""DriFtupJYLTosbwoN8koMbEYSx54aFAVLddWsbksjwg7""}}]","c00cedef5e526ebde58e7d5e8b8d9c1fb9bf0dea23b4e176102bce226b34e233","single_current_candidate_review_required","False"
"DRV","DRV","2","11429","1","derive","Derive","[{""id"":""derive"",""symbol"":""drv"",""name"":""Derive"",""platforms"":{""arbitrum-one"":""0x77b7787a09818502305c95d68a2571f090abb135"",""base"":""0x9d0e8f5b25384c7310cb8c6ae32c8fbeb645d083"",""ethereum"":""0xb1d1eae60eea9525032a6dcb4c1ce336a1de71be"",""hyperevm"":""0x9628bba16db41ea7fe1fd84f9ce53bc27c63f59b"",""hyperliquid"":""0x0896dbb30344c65b8727f41c3fe9ef62"",""optimistic-ethereum"":""0x33800de7e817a70a694f31476313a7c572bba100""}}]","020856d34726637cf3cf2e7cef308d3cf65dd8fd5722d7fbe1f8d55bd17ebd6b","single_current_candidate_review_required","False"
"DUCK","DUCK","2","3130","7","appduck-by-virtuals|dlp-duck-token|duckchain-token|duckcoin|duck-token|lemonade-stand-duck|the-duck","AppDuck by Virtuals|DLP Duck|Duck Token|DuckChain Token|DuckCoin|Lemonade Stand Duck|The Duck","[{""id"":""appduck-by-virtuals"",""symbol"":""duck"",""name"":""AppDuck by Virtuals"",""platforms"":{""base"":""0x67446a5746b5f1ce62d78f40f8c83dba03ae3e15""}},{""id"":""dlp-duck-token"",""symbol"":""duck"",""name"":""DLP Duck"",""platforms"":{""binance-smart-chain"":""0x5d186e28934c6b0ff5fc2fece15d1f34f78cbd87"",""ethereum"":""0xc0ba369c8db6eb3924965e5c4fd0b4c1b91e305f""}},{""id"":""duckchain-token"",""symbol"":""duck"",""name"":""DuckChain Token"",""platforms"":{""duckchain"":""0xda65892ea771d3268610337e9964d916028b7dad"",""the-open-network"":""EQDWXjnVWheFemaAaFn-Cp4nDehvGllrXOZ8wqHm8sDEwn_c""}},{""id"":""duckcoin"",""symbol"":""duck"",""name"":""DuckCoin"",""platforms"":{""the-open-network"":""EQBTcytZjdZwFLj6TO7CeGvn4aMmqXvbX-nODiApbd011gT3""}},{""id"":""duck-token"",""symbol"":""duck"",""name"":""Duck Token"",""platforms"":{""megaeth"":""0x021ee124cf23d302a7f725ae7a01b77a8ce9782b""}},{""id"":""lemonade-stand-duck"",""symbol"":""duck"",""name"":""Lemonade Stand Duck"",""platforms"":{""solana"":""2ru7VX6NnaZ78znCtgGmYs2PdcAQRCr3UaPfRkDUpump""}},{""id"":""the-duck"",""symbol"":""duck"",""name"":""The Duck"",""platforms"":{""solana"":""236ziZWiNPWeNk8aNB7abJpv4A6vHNP2XpxHH9VUpump""}}]","81b1d5b64ab84b9c7711fa5553f3f0280762bf9bc08c1bf3845e677e6bf3453c","ambiguous_current_candidates","False"
"DYDX","DYDX","2","12120","2","dydx-chain|dydx-wormhole","dYdX|dYdX (Wormhole)","[{""id"":""dydx-chain"",""symbol"":""dydx"",""name"":""dYdX"",""platforms"":{""cosmos"":""ibc/831F0B1BBB1D08A2B75311892876D71565478C532967545476DF4C2D7492E48C"",""osmosis"":""ibc/831F0B1BBB1D08A2B75311892876D71565478C532967545476DF4C2D7492E48C""}},{""id"":""dydx-wormhole"",""symbol"":""dydx"",""name"":""dYdX (Wormhole)"",""platforms"":{""solana"":""4Hx6Bj56eGyw8EJrrheM6LBQAvVYRikYCWsALeTrwyRU""}}]","84dbd782225b57cc35c0b5ed2caaf2dcf11803408de453b450cd122e44d718ef","ambiguous_current_candidates","False"
"DYM","DYM","2","16290","1","dymension","Dymension","[{""id"":""dymension"",""symbol"":""dym"",""name"":""Dymension"",""platforms"":{""cosmos"":""ibc/9A76CDF0CBCEF37923F32518FA15E5DC92B9F56128292BC4D63C4AEA76CBB110"",""osmosis"":""ibc/9A76CDF0CBCEF37923F32518FA15E5DC92B9F56128292BC4D63C4AEA76CBB110""}}]","c3701b9f44f7d6db20d7542d8366b66c5db7ad7ba3f18fa4d581494d3b47418b","single_current_candidate_review_required","False"
"EDGE","EDGE","2","31778","4","definitive|edge|edge-2|edgex","Definitive|EDGE|Edge|edgeX","[{""id"":""definitive"",""symbol"":""edge"",""name"":""Definitive"",""platforms"":{""base"":""0xed6e000def95780fb89734c07ee2ce9f6dcaf110""}},{""id"":""edge"",""symbol"":""edge"",""name"":""Edge"",""platforms"":{""ethereum"":""0x4ec1b60b96193a64acae44778e51f7bff2007831""}},{""id"":""edge-2"",""symbol"":""edge"",""name"":""EDGE"",""platforms"":{""base"":""0x62abe92f50c518165a5c010fe59f35023197fba3""}},{""id"":""edgex"",""symbol"":""edge"",""name"":""edgeX"",""platforms"":{""ethereum"":""0xb0076de78dc50581770bba1d211ddc0ad4f2a241""}}]","d17d2f07bff2e96a3e20f2ba47e64ce5abf16a019ee5f29f5e3945659bcfe170","ambiguous_current_candidates","False"
"EGLD","EGLD","2","12497","1","elrond-erd-2","MultiversX","[{""id"":""elrond-erd-2"",""symbol"":""egld"",""name"":""MultiversX"",""platforms"":{}}]","c7f2e706c06a0c1e12a039e4ff2df82bed219dc86781256ae10ef24659f83102","single_current_candidate_review_required","False"
"EIGEN","EIGEN","2","60135","1","eigenlayer","EigenCloud (prev. EigenLayer)","[{""id"":""eigenlayer"",""symbol"":""eigen"",""name"":""EigenCloud (prev. EigenLayer)"",""platforms"":{""base"":""0x2081ab0d9ec9e4303234ab26d86b20b3367946ee"",""ethereum"":""0xec53bf9167f50cdeb3ae105f56099aaab9061f83""}}]","d59a16c7c72194c4b98efd497cc4ba658e7a74ade8a975202ebbfc41add01539","single_current_candidate_review_required","False"
"ELX","ELX","2","19564","1","elixir-finance","Elixir","[{""id"":""elixir-finance"",""symbol"":""elx"",""name"":""Elixir"",""platforms"":{""ethereum"":""0x89a8c847f41c0dfa6c8b88638bacca8a0b777da7""}}]","20cd683f057ad56d74ddbd89150401bd23493b3d41ddb280bf5e869280bb2bfc","single_current_candidate_review_required","False"
"ENA","ENA","2","43360","1","ethena","Ethena","[{""id"":""ethena"",""symbol"":""ena"",""name"":""Ethena"",""platforms"":{""arbitrum-one"":""0x58538e6a46e07434d7e7375bc268d3cb839c0133"",""avalanche"":""0x58538e6a46e07434d7e7375bc268d3cb839c0133"",""base"":""0x58538e6a46e07434d7e7375bc268d3cb839c0133"",""blast"":""0x58538e6a46e07434d7e7375bc268d3cb839c0133"",""ethereum"":""0x57e114b691db790c35207b2e685d4a43181e6061"",""fraxtal"":""0x58538e6a46e07434d7e7375bc268d3cb839c0133"",""kava"":""0x58538e6a46e07434d7e7375bc268d3cb839c0133"",""manta-pacific"":""0x58538e6a46e07434d7e7375bc268d3cb839c0133"",""mantle"":""0x58538e6a46e07434d7e7375bc268d3cb839c0133"",""metis-andromeda"":""0x58538e6a46e07434d7e7375bc268d3cb839c0133"",""mode"":""0x58538e6a46e07434d7e7375bc268d3cb839c0133"",""morph-l2"":""0x58538e6a46e07434d7e7375bc268d3cb839c0133"",""optimistic-ethereum"":""0x58538e6a46e07434d7e7375bc268d3cb839c0133"",""scroll"":""0x58538e6a46e07434d7e7375bc268d3cb839c0133"",""solana"":""72QvBVwpxqmheEPfaCwWSWqEFsUy3rhWt6JhQBMNTwD1"",""swellchain"":""0x58538e6a46e07434d7e7375bc268d3cb839c0133"",""the-open-network"":""EQAPh9RCprgg5kKumtJi8uB7nFKctPBwuRUu82JgTGmzklNV"",""zircuit"":""0x813635891aa06bd55036bbd8f7d1a34ab3de9a0f"",""zksync"":""0x686b311f82b407f0be842652a98e5619f64cc25f""}}]","cd1acc62d77d1714abe9369b28c4176a14a925c8ec57267c28cbf9e2990dd1cd","single_current_candidate_review_required","False"
"ENJ","ENJ","2","18032","1","enjincoin","Enjin Coin","[{""id"":""enjincoin"",""symbol"":""enj"",""name"":""Enjin Coin"",""platforms"":{""energi"":""0x204a90b57d15417864080df1cd6e907831c206a6"",""ethereum"":""0xf629cbd94d3791c9250152bd8dfbdf380e2a3b9c"",""harmony-shard-0"":""0xadbd41bfb4389de499535c14a8a3a12fead8f66a""}}]","e6a201a111afda4f9e6813c24ca60015c61e9c796d5ef50f619f233b2735306c","single_current_candidate_review_required","False"
"ENS","ENS","2","12139","1","ethereum-name-service","Ethereum Name Service","[{""id"":""ethereum-name-service"",""symbol"":""ens"",""name"":""Ethereum Name Service"",""platforms"":{""ethereum"":""0xc18360217d8f7ab5e7c516566761ea12ce7f9d72""}}]","eb5db79be971baa64306f387398b24366a92d9dda8011d1c039b191bc92499b0","single_current_candidate_review_required","False"
"EOS","EOS","4","61057","2","binance-peg-eos|eos","Binance-Peg EOS|EOS","[{""id"":""binance-peg-eos"",""symbol"":""eos"",""name"":""Binance-Peg EOS"",""platforms"":{""binance-smart-chain"":""0x56b6fb708fc5732dec1afc8d8556423a2edccbd6""}},{""id"":""eos"",""symbol"":""eos"",""name"":""EOS"",""platforms"":{}}]","0599454f30b2d9e7b79934ad502dbdd5972ec69acd23389617c561540c06ce14","ambiguous_current_candidates","False"
"ESX","ESX","2","8813","1","estatex","EstateX","[{""id"":""estatex"",""symbol"":""esx"",""name"":""EstateX"",""platforms"":{""base"":""0x6a72d3a87f97a0fee2c2ee4233bdaebc32813d7a"",""solana"":""28G7z3VyHDFNhrnvSTf1GssKoGrtCrdiguASQy2BsHiF""}}]","0d9cb92592c9c5141803c3558d29cb9ed61eba46a6f86d414b25c74689233d85","single_current_candidate_review_required","False"
"XETC","ETC","4","25317","1","ethereum-classic","Ethereum Classic","[{""id"":""ethereum-classic"",""symbol"":""etc"",""name"":""Ethereum Classic"",""platforms"":{}}]","15798839cc9cfc286eb5874fe89536b6123f71de81c7c036e1e2015eb0674670","single_current_candidate_review_required","False"
"XETH","ETH","12","551236","14","anubis-bridged-eth-anubis|bifrost-bridged-eth-bifrost|bridged-binance-peg-ethereum-opbnb|bridged-wrapped-ether-eclipse|bridged-wrapped-ether-starkgate|ethereum|ethereum-wormhole|immutable-zkevm-bridged-eth|krown-bridged-eth-krown|near-intents-bridged-eth|nova-eth|osmosis-alleth|the-infinite-garden|the-ticker-is-eth","Anubis Bridged ETH (Anubis)|Bifrost Bridged ETH (Bifrost)|Bridged Binance-Peg Ethereum (opBNB)|Bridged Ether (StarkGate)|Bridged Wrapped Ether (Eclipse)|Ethereum|Ethereum (Wormhole)|Immutable zkEVM Bridged ETH|Krown Bridged ETH (Krown)|NEAR Intents Bridged ETH|Nova Merged ETH (zkLink)|Osmosis allETH|The Infinite Garden|The Ticker Is ETH","[{""id"":""anubis-bridged-eth-anubis"",""symbol"":""eth"",""name"":""Anubis Bridged ETH (Anubis)"",""platforms"":{""anubis"":""0xca326ae4fe47d07e7d20421170dadacd92ed694c""}},{""id"":""bifrost-bridged-eth-bifrost"",""symbol"":""eth"",""name"":""Bifrost Bridged ETH (Bifrost)"",""platforms"":{""bifrost-network"":""0x6c9944674c1d2cf6c4c4999fc7290ba105dcd70e""}},{""id"":""bridged-binance-peg-ethereum-opbnb"",""symbol"":""eth"",""name"":""Bridged Binance-Peg Ethereum (opBNB)"",""platforms"":{""opbnb"":""0xe7798f023fc62146e8aa1b36da45fb70855a77ea""}},{""id"":""bridged-wrapped-ether-eclipse"",""symbol"":""eth"",""name"":""Bridged Wrapped Ether (Eclipse)"",""platforms"":{""eclipse"":""So11111111111111111111111111111111111111112""}},{""id"":""bridged-wrapped-ether-starkgate"",""symbol"":""eth"",""name"":""Bridged Ether (StarkGate)"",""platforms"":{""starknet"":""0x049d36570d4e46f48e99674bd3fcc84644ddd6b96f7c741b1562b82f9e004dc7""}},{""id"":""ethereum"",""symbol"":""eth"",""name"":""Ethereum"",""platforms"":{}},{""id"":""ethereum-wormhole"",""symbol"":""eth"",""name"":""Ethereum (Wormhole)"",""platforms"":{""aptos"":""0xcc8a89c8dce9693d354449f1f73e60e14e347417854f029db5bc8e7454008abb::coin::T"",""avalanche"":""0x8b82a291f83ca07af22120aba21632088fc92931"",""binance-smart-chain"":""0x4db5a66e937a9f4473fa95b1caf1d1e1d62e29ea"",""oasis"":""0x3223f17957ba502cbe71401d55a0db26e5f7c68f"",""polygon-pos"":""0x11cd37bb86f65419713f30673a480ea33c826872"",""solana"":""7vfCXTUXx5WJV5JADk17DUJ4ksgau7utNKj4b963voxs"",""sui"":""0xaf8cd5edc19c4512f4259f0bee101a40d41ebed738ade5874359610ef8eeced5::coin::COIN"",""terra"":""terra14tl83xcwqjy0ken9peu4pjjuu755lrry2uy25r""}},{""id"":""immutable-zkevm-bridged-eth"",""symbol"":""eth"",""name"":""Immutable zkEVM Bridged ETH"",""platforms"":{""immutable"":""0x52a6c53869ce09a731cd772f245b97a4401d3348""}},{""id"":""krown-bridged-eth-krown"",""symbol"":""eth"",""name"":""Krown Bridged ETH (Krown)"",""platforms"":{""krown-network"":""0x6f9ec4f83ef69b923fa1dc00189e591728df0ac0""}},{""id"":""near-intents-bridged-eth"",""symbol"":""eth"",""name"":""NEAR Intents Bridged ETH"",""platforms"":{""near-protocol"":""eth.omft.near""}},{""id"":""nova-eth"",""symbol"":""eth"",""name"":""Nova Merged ETH (zkLink)"",""platforms"":{""zklink-nova"":""0x000000000000000000000000000000000000800a""}},{""id"":""osmosis-alleth"",""symbol"":""eth"",""name"":""Osmosis allETH"",""platforms"":{""osmosis"":""factory/osmo1k6c8jln7ejuqwtqmay3yvzrg3kueaczl96pk067ldg8u835w0yhsw27twm/alloyed/allETH""}},{""id"":""the-infinite-garden"",""symbol"":""eth"",""name"":""The Infinite Garden"",""platforms"":{""ethereum"":""0x5e21d1ee5cf0077b314c381720273ae82378d613""}},{""id"":""the-ticker-is-eth"",""symbol"":""eth"",""name"":""The Ticker Is ETH"",""platforms"":{""solana"":""2kaRSuDcz1V1kqq1sDmP23Wy98jutHQQgr5fGDWRpump""}}]","192cc14fb5716033f1006ce009c863c6d8191b3732af7cabd6c72d122fe25c05","ambiguous_current_candidates","False"
"ETHFI","ETHFI","2","15199","1","ether-fi","Ether.fi","[{""id"":""ether-fi"",""symbol"":""ethfi"",""name"":""Ether.fi"",""platforms"":{""arbitrum-one"":""0x7189fb5b6504bbff6a852b13b7b82a3c118fdc27"",""base"":""0x6c240dda6b5c336df09a4d011139beaaa1ea2aa2"",""ethereum"":""0xfe0c30065b384f05761f15d0cc899d4f9f9cc0eb"",""scroll"":""0x056a5fa5da84ceb7f93d36e545c5905607d8bd81""}}]","caa46ac92e7ec98f66f5806fac61a095eb707b1caaa101f65aac55eb4e51fa4d","single_current_candidate_review_required","False"
"ETHW","ETHW","3","15462","1","ethereum-pow-iou","EthereumPoW","[{""id"":""ethereum-pow-iou"",""symbol"":""ethw"",""name"":""EthereumPoW"",""platforms"":{}}]","8c7aeca6f33cc06a4c1bd376b45f3b317b4c7c3ce8a2d7a6582d8ae8391f6bad","single_current_candidate_review_required","False"
"EUL","EUL","2","9349","1","euler","Euler","[{""id"":""euler"",""symbol"":""eul"",""name"":""Euler"",""platforms"":{""arbitrum-one"":""0x462cd9e0247b2e63831c3189ae738e5e9a5a4b64"",""avalanche"":""0x9ceed3a7f753608372eeab300486cc7c2f38ac68"",""base"":""0xa153ad732f831a79b5575fa02e793ec4e99181b0"",""berachain"":""0xeb9b5f4eb023ae754ff59a04c9c038d58606dac6"",""binance-smart-chain"":""0x2117e8b79e8e176a670c9fcf945d4348556bffad"",""bob-network"":""0xde1763afa5eb658cffffd16835afeb47e7ac0b8d"",""ethereum"":""0xd9fcd98c322942075a5c3860693e9f4f03aae07b"",""plasma"":""0xca632fa58397391c750c13f935daa61abbe0baa6"",""sonic"":""0x2117e8b79e8e176a670c9fcf945d4348556bffad"",""swellchain"":""0x80ccfbec4b8c82265abdc226ad3df84c0726e7a3"",""tac"":""0x38c043856a109066d64a60c82e07848a1c58e7dc"",""unichain"":""0xe9c43e09c5fa733bcc2aeaa96063a4a60147aa09""}}]","aa88e715ba2b43084b1fc58478498d318ce41d9c87a577ffc963c7d0b5650542","single_current_candidate_review_required","False"
"ZEUR","EUR","6","260394","0","","","[]","4f53cda18c2baa0c0354bb5f9a3ecbe5ed12ab4d8e11ba873c2f11161202b945","no_current_candidate","False"
"EUROP","EUROP","3","1395","1","schuman-europ","EURØP","[{""id"":""schuman-europ"",""symbol"":""europ"",""name"":""EURØP"",""platforms"":{""avalanche"":""0x8835a2f66a7aaccb297cb985831a616b75e2e16c"",""ethereum"":""0x888883b5f5d21fb10dfeb70e8f9722b9fb0e5e51"",""plasma"":""0x98658bd74ef231158cadc21d8aba733a4e947e6a"",""polygon-pos"":""0x888883b5f5d21fb10dfeb70e8f9722b9fb0e5e51"",""xrp"":""EUROP.rMkEuRii9w9uBMQDnWV5AA43gvYZR9JxVK""}}]","a74bb97fbbbf7418dfd25c048db5bc247eef57969ab7fa6b782a0635d7fec8c2","single_current_candidate_review_required","False"
"EURQ","EURQ","2","2370","1","quantoz-eurq","Quantoz EURQ","[{""id"":""quantoz-eurq"",""symbol"":""eurq"",""name"":""Quantoz EURQ"",""platforms"":{""algorand"":""2768422954"",""ethereum"":""0x8df723295214ea6f21026eeeb4382d475f146f9f"",""polygon-pos"":""0xd571edb2ef29df10fcd6200fd6d0ed2389983db3"",""xrp"":""EURQ.rDk1xiArDMjDqnrR2yWypwQAKg4mKnQYvs""}}]","b620c2d8265cdd14d2bc44318332fe91506e5aa233e493893149d7c8e92409cc","single_current_candidate_review_required","False"
"EURR","EURR","4","3612","1","stablr-euro","StablR Euro","[{""id"":""stablr-euro"",""symbol"":""eurr"",""name"":""StablR Euro"",""platforms"":{""ethereum"":""0x50753cfaf86c094925bf976f218d043f8791e408""}}]","89936b81481d3b509a0ee74ef28a77945c5c8e20c7247696a1c0f1d82967de41","single_current_candidate_review_required","False"
"EWT","EWT","2","18719","2","energy-web-token|ishares-msci-taiwan-etf-robinhood-token","Energy Web Token|iShares MSCI Taiwan ETF • Robinhood Token","[{""id"":""energy-web-token"",""symbol"":""ewt"",""name"":""Energy Web Token"",""platforms"":{""ethereum"":""0x178c820f862b14f316509ec36b13123da19a6054"",""hydration"":""asset_registry%2F252525""}},{""id"":""ishares-msci-taiwan-etf-robinhood-token"",""symbol"":""ewt"",""name"":""iShares MSCI Taiwan ETF • Robinhood Token"",""platforms"":{""robinhood"":""0x1c690498150252222c275a5ced69d3a6b1f52d5e""}}]","d97375f76acbbefc4a48f779559daf67279da1b7546efb1661774999ec8b40aa","ambiguous_current_candidates","False"
"FARM","FARM","2","3633","4","farm-2|farmtown|harvest-finance|this-is-a-farm","FARM|FarmTown|Harvest Finance|This is a Farm","[{""id"":""farm-2"",""symbol"":""farm"",""name"":""FARM"",""platforms"":{""hyperliquid"":""0x11c83b5cfeb6419a74a85a5aaba0511d""}},{""id"":""farmtown"",""symbol"":""farm"",""name"":""FarmTown"",""platforms"":{""solana"":""yMJPZbnhoHib3ib8n8PfiVcp9yauk1vnaGKLx7epump""}},{""id"":""harvest-finance"",""symbol"":""farm"",""name"":""Harvest Finance"",""platforms"":{""binance-smart-chain"":""0x4b5c23cac08a567ecf0c1ffca8372a45a5d33743"",""energi"":""0xc59a4b20ea0f8a7e6e216e7f1b070247520a4514"",""ethereum"":""0xa0246c9032bc3a600820415ae600c6388619a14d""}},{""id"":""this-is-a-farm"",""symbol"":""farm"",""name"":""This is a Farm"",""platforms"":{""solana"":""BdTEJq3yEp68SNmeBfqBbDDy7nbSGftkDhDkVef6pump""}}]","afc5b96e7d994f333822babf7e87494b8703be4047e51b6cc1b48696ab0fd10e","ambiguous_current_candidates","False"
"FARTCOIN","FARTCOIN","4","143453","2","based-fartcoin|fartcoin","Based Fartcoin|Fartcoin","[{""id"":""based-fartcoin"",""symbol"":""fartcoin"",""name"":""Based Fartcoin"",""platforms"":{""base"":""0x2f6c17fa9f9bc3600346ab4e48c0701e1d5962ae""}},{""id"":""fartcoin"",""symbol"":""fartcoin"",""name"":""Fartcoin"",""platforms"":{""solana"":""9BB6NFEcjBCtnNLFko2FqVQBq8HHM13kCyYcdQbgpump""}}]","90d40c352193c99653e87d2de6e5ac68a4ffafd72880e074d014e956b12ed3cc","ambiguous_current_candidates","False"
"FET","FET","2","73374","1","fetch-ai","Artificial Superintelligence Alliance","[{""id"":""fetch-ai"",""symbol"":""fet"",""name"":""Artificial Superintelligence Alliance"",""platforms"":{""binance-smart-chain"":""0x031b41e504677879370e9dbcf937283a8691fa7f"",""cardano"":""e824c0011176f0926ad51f492bcc63ac6a03a589653520839dc7e3d9464554"",""ethereum"":""0xaea46a60368a7bd060eec7df8cba43b7ef41ad85"",""osmosis"":""ibc/5D1F516200EE8C6B2354102143B78A2DEDA25EDE771AC0F8DC3C1837C8FD4447""}}]","2aae4bdce3febd68a0b23b9b61cbd1f631bb27f04cdbb4dbf84d9ddd299f66d8","single_current_candidate_review_required","False"
"FHE","FHE","2","10550","1","mind-network","Mind Network","[{""id"":""mind-network"",""symbol"":""fhe"",""name"":""Mind Network"",""platforms"":{""binance-smart-chain"":""0xd55c9fb62e176a8eb6968f32958fefdd0962727e"",""ethereum"":""0xd55c9fb62e176a8eb6968f32958fefdd0962727e""}}]","d9922393ea6096cff17a2c814f3f8e181e30753786f2031f5c925219a9c211c4","single_current_candidate_review_required","False"
"FIDA","FIDA","2","8497","1","bonfida","Bonfida","[{""id"":""bonfida"",""symbol"":""fida"",""name"":""Bonfida"",""platforms"":{""solana"":""EchesyfXePKdLtoiZSL8pBe8Myagyy8ZRqsACNCFGnvp""}}]","adf2d1349ce3a81556d1ec315532b9cb7d3e53f954f03cc37f116b844a25df79","single_current_candidate_review_required","False"
"FIL","FIL","5","31926","2","binance-peg-filecoin|filecoin","Binance-Peg Filecoin|Filecoin","[{""id"":""binance-peg-filecoin"",""symbol"":""fil"",""name"":""Binance-Peg Filecoin"",""platforms"":{""binance-smart-chain"":""0x0d8ce2a99bb6e3b7db580ed848240e4a0f9ae153""}},{""id"":""filecoin"",""symbol"":""fil"",""name"":""Filecoin"",""platforms"":{}}]","0cf744385f94f50fa7eb23dea8c9d83b1d5a9913a7edc9a6b591cd15ea374dce","ambiguous_current_candidates","False"
"FIS","FIS","2","6307","2","fidelity-national-information-services-dinari-tokenized-stock|stafi","Fidelity National Information Services (Dinari Tokenized Stock)|Stafi","[{""id"":""fidelity-national-information-services-dinari-tokenized-stock"",""symbol"":""fis"",""name"":""Fidelity National Information Services (Dinari Tokenized Stock)"",""platforms"":{""arbitrum-one"":""0x04390c214d786806cf5b8db37294f6a30c69b3cd"",""avalanche"":""0xc6cc91506b22d68437b1e5be4bdc1818a7fd74eb"",""base"":""0xc6cc91506b22d68437b1e5be4bdc1818a7fd74eb"",""ethereum"":""0xc6cc91506b22d68437b1e5be4bdc1818a7fd74eb""}},{""id"":""stafi"",""symbol"":""fis"",""name"":""Stafi"",""platforms"":{""ethereum"":""0xef3a930e1ffffacd2fc13434ac81bd278b0ecc8d"",""osmosis"":""ibc/01D2F0C4739C871BFBEE7E786709E6904A55559DC1483DD92ED392EF12247862"",""polkadot"":""0xef3a930e1ffffacd2fc13434ac81bd278b0ecc8d"",""sora"":""0x00e6df883c9844e34b354b840e3a527f5fc6bfc937138c67908b1c8f2931f3e9""}}]","6792a330f105739f23521e6d62a79d1eb2cf6348f712195b5f8e31fa9134692b","ambiguous_current_candidates","False"
"FLOKI","FLOKI","2","25323","1","floki","FLOKI","[{""id"":""floki"",""symbol"":""floki"",""name"":""FLOKI"",""platforms"":{""binance-smart-chain"":""0xfb5b838b6cfeedc2873ab27866079ac55363d37e"",""ethereum"":""0xcf0c122c6b73ff809c693db761e7baebe62b6a2e""}}]","974e57c3a380797adc174ba4cb0b510bb5c3cc4e141a773b18c7fcdae2dbebd3","single_current_candidate_review_required","False"
"FLOW","FLOW","2","20746","6","flow|flow-agent|flow-state|pulsechain-flow|robinflow|stake-flow","Flow|Flow Agent|flow state|Pulsechain FLOW|RobinFlow|STAKE FLOW","[{""id"":""flow"",""symbol"":""flow"",""name"":""Flow"",""platforms"":{}},{""id"":""flow-agent"",""symbol"":""flow"",""name"":""Flow Agent"",""platforms"":{""solana"":""HEHT1eKNsTnuMAQaSM4ac8r3ynckmquxA3hUun5Npump""}},{""id"":""flow-state"",""symbol"":""flow"",""name"":""flow state"",""platforms"":{""solana"":""GYKBbafCYFwd9gYrZuVQ4yYwdHgbxJ1HRQh8jN6Apump""}},{""id"":""pulsechain-flow"",""symbol"":""flow"",""name"":""Pulsechain FLOW"",""platforms"":{""pulsechain"":""0x39b9d781dad0810d07e24426c876217218ad353d""}},{""id"":""robinflow"",""symbol"":""flow"",""name"":""RobinFlow"",""platforms"":{""robinhood"":""0xe59eccb15ea07a755eb9587eefda7929559e1fa6""}},{""id"":""stake-flow"",""symbol"":""flow"",""name"":""STAKE FLOW"",""platforms"":{""binance-smart-chain"":""0x7dc31152f557f0a21897cab58b0d2d213a6d4444""}}]","f318e87593400264624b98ce8e3052f0c0094289ef630a8830550f212c9a28a5","ambiguous_current_candidates","False"
"FLR","FLR","2","47932","1","flare-networks","Flare","[{""id"":""flare-networks"",""symbol"":""flr"",""name"":""Flare"",""platforms"":{}}]","d23e0522b1b1d07be61980af647758c42b5bfe7352129a73c73b04a343ae8c28","single_current_candidate_review_required","False"
"FLUX","FLUX","2","68002","2","flux|zelcash","Datamine FLUX|Flux","[{""id"":""flux"",""symbol"":""flux"",""name"":""Datamine FLUX"",""platforms"":{""arbitrum-one"":""0xf80d589b3dbe130c270a69f1a69d050f268786df"",""ethereum"":""0x469eda64aed3a3ad6f868c44564291aa415cb1d9""}},{""id"":""zelcash"",""symbol"":""flux"",""name"":""Flux"",""platforms"":{}}]","c04bea4b432d927750968b337a65b79123941a500edfaa1ffb48d74975d91cee","ambiguous_current_candidates","False"
"FLY","FLY","2","3504","4","firefly-aerospace-inc-robinhood-token|fly-2|franklin|hyperfly","Firefly Aerospace Inc. • Robinhood Token|Fly|Franklin|HyperFly","[{""id"":""firefly-aerospace-inc-robinhood-token"",""symbol"":""fly"",""name"":""Firefly Aerospace Inc. • Robinhood Token"",""platforms"":{""robinhood"":""0x03bc731ffb162cdd7b98d3c6542bfc291126075d""}},{""id"":""fly-2"",""symbol"":""fly"",""name"":""Fly"",""platforms"":{""sonic"":""0x6c9b3a74ae4779da5ca999371ee8950e8db3407f""}},{""id"":""franklin"",""symbol"":""fly"",""name"":""Franklin"",""platforms"":{""binance-smart-chain"":""0x681fd3e49a6188fc526784ee70aa1c269ee2b887"",""ethereum"":""0x85f6eb2bd5a062f5f8560be93fb7147e16c81472""}},{""id"":""hyperfly"",""symbol"":""fly"",""name"":""HyperFly"",""platforms"":{""hyperliquid"":""0x55db85bd0938b111d0f78a98173fd99a""}}]","78087a4f0c1f5f2a79abfac882e585ee1456596ca3d4e54f841c403a3a1310c7","ambiguous_current_candidates","False"
"FORTH","FORTH","2","8510","1","ampleforth-governance-token","Ampleforth Governance","[{""id"":""ampleforth-governance-token"",""symbol"":""forth"",""name"":""Ampleforth Governance"",""platforms"":{""ethereum"":""0x77fba179c79de5b7653f68b5039af940ada60ce0""}}]","70c62e32c8d80a0943fb8a3a95da0b695dd3ab97e1b4cbd68b9f9f7c588d21d5","single_current_candidate_review_required","False"
"FWOG","FWOG","2","71665","2","based-fwog|fwog","Based Fwog|Fwog","[{""id"":""based-fwog"",""symbol"":""fwog"",""name"":""Based Fwog"",""platforms"":{""base"":""0x1035ae3f87a91084c6c5084d0615cc6121c5e228""}},{""id"":""fwog"",""symbol"":""fwog"",""name"":""Fwog"",""platforms"":{""solana"":""A8C3xuqscfmyLrte3VmTqrAq8kgMASius9AFNANwpump""}}]","44e5c4c97cd3312125532ad4dd07b3c745b41d031d9613a40831c046a5b1350b","ambiguous_current_candidates","False"
"FXS","FXS","2","10205","0","","","[]","4f53cda18c2baa0c0354bb5f9a3ecbe5ed12ab4d8e11ba873c2f11161202b945","no_current_candidate","False"
"G","G","2","3236","2","giants-protocol|g-token","Giants Protocol|Gravity (by Galxe)","[{""id"":""giants-protocol"",""symbol"":""g"",""name"":""Giants Protocol"",""platforms"":{""solana"":""GpEKud3JpJDc5D3Gek8UVCb6vAiahGmDUZMQFnf5btai""}},{""id"":""g-token"",""symbol"":""g"",""name"":""Gravity (by Galxe)"",""platforms"":{""base"":""0x9c7beba8f6ef6643abd725e45a4e8387ef260649"",""binance-smart-chain"":""0x9c7beba8f6ef6643abd725e45a4e8387ef260649"",""ethereum"":""0x9c7beba8f6ef6643abd725e45a4e8387ef260649""}}]","8ad8cc6f6351f6c794f70a23152f420d9a8214a23066875917f92407a260608c","ambiguous_current_candidates","False"
"GAL","GAL","2","6630","3","galatasaray-fan-token|one-unchill-gal|project-galaxy","GAL (migrated to Gravity - G)|Galatasaray Fan Token|one unchill gal","[{""id"":""galatasaray-fan-token"",""symbol"":""gal"",""name"":""Galatasaray Fan Token"",""platforms"":{""base"":""0xdf29de222a4fcf9e5b01028edce0d92f9a72cc6a"",""chiliz"":""0x770da1e5ddb22f3ccc2482493bd9b10a7a8a38ae"",""solana"":""EDzhmkPa5gToYGowjH66xycCRgPmfWNzfqpXdCzsYb8M""}},{""id"":""one-unchill-gal"",""symbol"":""gal"",""name"":""one unchill gal"",""platforms"":{""solana"":""7p2Rs9KkiWNKZkWNDFUCxG7EUBxbCByQC95fCNQ8pump""}},{""id"":""project-galaxy"",""symbol"":""gal"",""name"":""GAL (migrated to Gravity - G)"",""platforms"":{""binance-smart-chain"":""0xe4cc45bb5dbda06db6183e8bf016569f40497aa5"",""ethereum"":""0x5faa989af96af85384b8a938c2ede4a7378d9875""}}]","9a0e59d464381de01232e8e45cd64ab52cb3631a4aea49f90bef5f3385e8ce0a","ambiguous_current_candidates","False"
"GALA","GALA","2","32129","1","gala","GALA","[{""id"":""gala"",""symbol"":""gala"",""name"":""GALA"",""platforms"":{""ethereum"":""0xd1d2eb1b1e90b638588728b4130137d262c87cae"",""galachain"":""E3bVbsc7viP1A8tn3ayChk3BAt"",""solana"":""eEUiUs4JWYZrp72djAGF1A8PhpR6rHphGeGN7GbVLp6""}}]","aa5f6ea25e90cffa30bac131130f23046248e7a161d34d230b6c516111680823","single_current_candidate_review_required","False"
"GARI","GARI","2","10521","1","gari-network","Gari Network","[{""id"":""gari-network"",""symbol"":""gari"",""name"":""Gari Network"",""platforms"":{""solana"":""CKaKtYvz6dKPyMvYq9Rh3UBrnNqYZAyd7iF4hJtjUvks""}}]","b314cfd96908dc329ad3b824a3189f11f89e359237be3cab4d9d99ce4179a04a","single_current_candidate_review_required","False"
"ZGBP","GBP","1","100086","0","","","[]","4f53cda18c2baa0c0354bb5f9a3ecbe5ed12ab4d8e11ba873c2f11161202b945","no_current_candidate","False"
"GFI","GFI","2","23208","2","goldfinch|gravity-finance","Goldfinch|Gravity Finance [OLD]","[{""id"":""goldfinch"",""symbol"":""gfi"",""name"":""Goldfinch"",""platforms"":{""ethereum"":""0xdab396ccf3d84cf2d07c4454e10c8a6f5b008d2b""}},{""id"":""gravity-finance"",""symbol"":""gfi"",""name"":""Gravity Finance [OLD]"",""platforms"":{""polygon-pos"":""0x874e178a2f3f3f9d34db862453cd756e7eab0381""}}]","52dda22c3c467edd0c50fd257edb97080c44a85a17b81e459b4a278a259201ed","ambiguous_current_candidates","False"
"GHIBLI","GHIBLI","2","35566","2","ghiblicz|ghiblification","GhibliCZ|Ghiblification","[{""id"":""ghiblicz"",""symbol"":""ghibli"",""name"":""GhibliCZ"",""platforms"":{""binance-smart-chain"":""0x795d2710e383f33fbebe980a155b29757b6703f3""}},{""id"":""ghiblification"",""symbol"":""ghibli"",""name"":""Ghiblification"",""platforms"":{""solana"":""4TBi66vi32S7J8X1A6eWfaLHYmUXu7CStcEmsJQdpump""}}]","b51a6ad5519c03f83c3102dc490cd9e866d2d2adc84db08a5f86aeb52d417d92","ambiguous_current_candidates","False"
"GHST","GHST","2","4157","1","aavegotchi","Aavegotchi","[{""id"":""aavegotchi"",""symbol"":""ghst"",""name"":""Aavegotchi"",""platforms"":{""base"":""0xcd2f22236dd9dfe2356d7c543161d4d260fd9bcb"",""energi"":""0x4bd75f8c7e067ea9b6e2dfbecd99d805396bc5ff"",""ethereum"":""0x3f382dbd960e3a9bbceae22651e88158d2791550"",""polygon-pos"":""0x385eeac5cb85a38a9a07a70c73e0a3271cfb54a7""}}]","0e97302a15ea107bc24e3cec71e29cd8258aa3b2b092b254422b6d2a19e479eb","single_current_candidate_review_required","False"
"GIGA","GIGA","2","41812","2","gigachad-2|gigaswap","Gigachad|GigaSwap","[{""id"":""gigachad-2"",""symbol"":""giga"",""name"":""Gigachad"",""platforms"":{""solana"":""63LfDmNb3MQ8mw9MtZ2To9bEA2M71kZUUGq5tiJxcqj9""}},{""id"":""gigaswap"",""symbol"":""giga"",""name"":""GigaSwap"",""platforms"":{""ethereum"":""0x83249c6794bca5a77eb8c0af9f1a86e055459cea""}}]","c37c77cb13ec7d240c50ebe2159827f36b09150ac9d336b69f4bfee49414ae26","ambiguous_current_candidates","False"
"GLMR","GLMR","2","7761","1","moonbeam","Moonbeam","[{""id"":""moonbeam"",""symbol"":""glmr"",""name"":""Moonbeam"",""platforms"":{""base"":""0xb3846fd356c2149ee8d30b0449088dc74e265459""}}]","14d8b8de50abc517cf15eb7d7bffeb65c2cb397b27e4042fa611868f7e86801e","single_current_candidate_review_required","False"
"GMT","GMT","2","7224","1","stepn","GMT","[{""id"":""stepn"",""symbol"":""gmt"",""name"":""GMT"",""platforms"":{""binance-smart-chain"":""0x3019bf2a2ef8040c242c9a4c5c4bd4c81678b2a1"",""ethereum"":""0xe3c408bd53c31c085a1746af401a4042954ff740"",""polygon-pos"":""0x714db550b574b3e927af3d93e26127d15721d4c2"",""solana"":""7i5KKsX2weiTkry7jA4ZwSuXGhs5eJBEjY8vVxR4pfRx""}}]","a969d3182fc72f5877bd89eecbd9c6d410155373c7bbdb4fe35c83134e570a0e","single_current_candidate_review_required","False"
"GMX","GMX","2","5129","1","gmx","GMX","[{""id"":""gmx"",""symbol"":""gmx"",""name"":""GMX"",""platforms"":{""arbitrum-one"":""0xfc5a1a6eb076a2c7ad06ed22c90d7e710e35ad0a"",""avalanche"":""0x62edc0692bd897d2295872a9ffcac5425011c661""}}]","873f1dfbd842c7a45136af0a8b0d4784eb2fc63142bf51cf1f297fa165eeffea","single_current_candidate_review_required","False"
"GNO","GNO","2","18800","2","gnosis|linea-bridged-gno-linea","Gnosis|Linea Bridged GNO (Linea)","[{""id"":""gnosis"",""symbol"":""gno"",""name"":""Gnosis"",""platforms"":{""arbitrum-one"":""0xa0b862f60edef4452f25b4160f177db44deb6cf1"",""energi"":""0xf452bff8e958c6f335f06fc3aac427ee195366fe"",""ethereum"":""0x6810e776880c02933d47db1b9fc05908e5386b96"",""xdai"":""0x9c58bacc331c9aa871afd802db6379a98e80cedb""}},{""id"":""linea-bridged-gno-linea"",""symbol"":""gno"",""name"":""Linea Bridged GNO (Linea)"",""platforms"":{""linea"":""0xe516a5cff996cc399efbb48355fd5ab83438e7a9""}}]","28d3ab38376096f7635a0198fe042cb58c59142231eea53e10643021910f0e4a","ambiguous_current_candidates","False"
"GOAT","GOAT","2","28915","8","absolute-goat|goatcoin-2|goatseus-maximus|goatseus-maximus-on-eth|goat-trading|greatestofavaxtrenches|sonic-the-goat|wild-goat-coin-2-2","Absolute Goat|Goat Trading|Goatcoin|Goatcoin|Goatseus Maximus|Goatseus Maximus|GreatestOfAVAXTrenches|Sonic The Goat","[{""id"":""absolute-goat"",""symbol"":""goat"",""name"":""Absolute Goat"",""platforms"":{""robinhood"":""0x6e9acbfbdd8b57649ffeacea4d26a81ae1395367""}},{""id"":""goatcoin-2"",""symbol"":""goat"",""name"":""Goatcoin"",""platforms"":{""solana"":""GNHW5JetZmW85vAU35KyoDcYoSd3sNWtx5RPMTDJpump""}},{""id"":""goatseus-maximus"",""symbol"":""goat"",""name"":""Goatseus Maximus"",""platforms"":{""solana"":""CzLSujWBLFsSjncfkh59rUFqvafWcY5tzedWJSuypump""}},{""id"":""goatseus-maximus-on-eth"",""symbol"":""goat"",""name"":""Goatseus Maximus"",""platforms"":{""ethereum"":""0x5200b34e6a519f289f5258de4554ebd3db12e822""}},{""id"":""goat-trading"",""symbol"":""goat"",""name"":""Goat Trading"",""platforms"":{""ethereum"":""0x6ae2a128cd07d672164ca9f2712ea737d198dd41""}},{""id"":""greatestofavaxtrenches"",""symbol"":""goat"",""name"":""GreatestOfAVAXTrenches"",""platforms"":{""avalanche"":""0xb9c188bc558a82a1ee9e75ae0857df443f407632""}},{""id"":""sonic-the-goat"",""symbol"":""goat"",""name"":""Sonic The Goat"",""platforms"":{""solana"":""59u8qAD2S2gEtsY5Vs7dJ95YspnHavyHEtRfzCEb9F7G""}},{""id"":""wild-goat-coin-2-2"",""symbol"":""goat"",""name"":""Goatcoin"",""platforms"":{""aptos"":""0xa4a357a4bc6a3719c8bb669ccbafbe89f7f9bcc42a2949282952e34760a74777""}}]","087e2e4fff7274d535d4f40337f087f398cd0e7d8b04f7b1cc5f8cd73d77d018","ambiguous_current_candidates","False"
"GRASS","GRASS","2","8203","2","grass|grass-2","Grass|Grass","[{""id"":""grass"",""symbol"":""grass"",""name"":""Grass"",""platforms"":{""solana"":""Grass7B4RdKfBCjTKgSqnXkqjwiGvQyFbuSCUJr3XXjs""}},{""id"":""grass-2"",""symbol"":""grass"",""name"":""Grass"",""platforms"":{""base"":""0xfcb49c1545d1d13272467f0d94e57a9aca39725c""}}]","0c5cba76bc208404538906425040a26e85bede6f4f565200a66e564e91943cfa","ambiguous_current_candidates","False"
"GRIFFAIN","GRIFFAIN","2","36316","1","griffain","GRIFFAIN","[{""id"":""griffain"",""symbol"":""griffain"",""name"":""GRIFFAIN"",""platforms"":{""solana"":""KENJSUYLASHUMfHyy5o4Hp2FdNqZg1AsUPhfH2kYvEP""}}]","9208cbccab72811129d133b5d9e1c185d81d808ec88a3dfa8d6e201b86290d62","single_current_candidate_review_required","False"
"GRT","GRT","4","38735","1","the-graph","The Graph","[{""id"":""the-graph"",""symbol"":""grt"",""name"":""The Graph"",""platforms"":{""arbitrum-one"":""0x9623063377ad1b27544c965ccd7342f7ea7e88c7"",""avalanche"":""0x8a0cac13c7da965a312f08ea4229c37869e85cb9"",""energi"":""0x771513ba693d457df3678c951c448701f2eaaad5"",""ethereum"":""0xc944e90c64b2c07662a292be6244bdf05cda44a7"",""harmony-shard-0"":""0x002fa662f2e09de7c306d2bab0085ee9509488ff"",""near-protocol"":""c944e90c64b2c07662a292be6244bdf05cda44a7.factory.bridge.near"",""polygon-pos"":""0x5fe2b58c013d7601147dcdd68c143a77499f5531"",""sora"":""0x00d1fb79bbd1005a678fbf2de9256b3afe260e8eead49bb07bd3a566f9fe8355""}}]","21628d5069037b1d0debad5cb804358b852ae8d5f77d688b1940354cc5e86622","single_current_candidate_review_required","False"
"GST","GST","2","13880","0","","","[]","4f53cda18c2baa0c0354bb5f9a3ecbe5ed12ab4d8e11ba873c2f11161202b945","no_current_candidate","False"
"GTC","GTC","2","3543","3","gitcoin|global-trust-coin|gtech-coin","Gitcoin|Global Trust Coin|Gtech Coin","[{""id"":""gitcoin"",""symbol"":""gtc"",""name"":""Gitcoin"",""platforms"":{""ethereum"":""0xde30da39c46104798bb5aa3fe8b9e0e1f348163f"",""near-protocol"":""de30da39c46104798bb5aa3fe8b9e0e1f348163f.factory.bridge.near""}},{""id"":""global-trust-coin"",""symbol"":""gtc"",""name"":""Global Trust Coin"",""platforms"":{""binance-smart-chain"":""0x6cd871fb811224aa23b6bf1646177cdfe5106416"",""ethereum"":""0xe138fda441fc31b36171122397a8a11d6cd2c479""}},{""id"":""gtech-coin"",""symbol"":""gtc"",""name"":""Gtech Coin"",""platforms"":{""binance-smart-chain"":""0xd1f6cc234b9b82e90ac277c9c2e3c7a91d17daf9""}}]","4aa3f72146e2f8128a3321a21620bb36f3934d96f75ef0e70029aa23cdc771f8","ambiguous_current_candidates","False"
"GUN","GUN","2","37697","1","gunz","Gunz","[{""id"":""gunz"",""symbol"":""gun"",""name"":""Gunz"",""platforms"":{""avalanche"":""0x26debd39d5ed069770406fca10a0e4f8d2c743eb"",""solana"":""3jUf2RTyXp867piSB2dt8uUcNiLDW58asjGtXkRAkBbe""}}]","e6840adb0874b560a52aeeda594638c5c7c9ad1f6defd9cd9fb0c322a98be77e","single_current_candidate_review_required","False"
"HDX","HDX","2","2368","2","home-depot-xstock|hydradx","Home Depot xStock|Hydration","[{""id"":""home-depot-xstock"",""symbol"":""hdx"",""name"":""Home Depot xStock"",""platforms"":{""arbitrum-one"":""0x766b0cd6ed6d90b5d49d2c36a3761e9728501ba9"",""binance-smart-chain"":""0x766b0cd6ed6d90b5d49d2c36a3761e9728501ba9"",""ethereum"":""0x766b0cd6ed6d90b5d49d2c36a3761e9728501ba9"",""mantle"":""0x766b0cd6ed6d90b5d49d2c36a3761e9728501ba9"",""solana"":""XszjVtyhowGjSC5odCqBpW1CtXXwXjYokymrk7fGKD3"",""the-open-network"":""EQC_2TSc-toKtn5psH4LFYZxtcMXEuNxEPH9RIXBxXW4zbh7""}},{""id"":""hydradx"",""symbol"":""hdx"",""name"":""Hydration"",""platforms"":{}}]","243e902dc71b9a1f04225343880f3d0aab0713b98331fd28b287e7a02bb035e9","ambiguous_current_candidates","False"
"HFT","HFT","2","6322","1","hashflow","Hashflow","[{""id"":""hashflow"",""symbol"":""hft"",""name"":""Hashflow"",""platforms"":{""binance-smart-chain"":""0x44ec807ce2f4a6f2737a92e985f318d035883e47"",""ethereum"":""0xb3999f658c0391d94a37f7ff328f3fec942bcadc""}}]","a6d3a747d2d82a38f3e1d61cf218b3d629fc5e931df490ffd6fbcf210b8e485b","single_current_candidate_review_required","False"
"HIPPO","HIPPO","2","3061","1","sudeng","sudeng","[{""id"":""sudeng"",""symbol"":""hippo"",""name"":""sudeng"",""platforms"":{""sui"":""0x8993129d72e733985f7f1a00396cbd055bad6f817fee36576ce483c8bbb8b87b::sudeng::SUDENG""}}]","2a873e2cf1c515159f6facaef22478687f0c735cb76e8edec18d541e43b986a2","single_current_candidate_review_required","False"
"HMSTR","HMSTR","2","1959","1","hamster-kombat","Hamster Kombat","[{""id"":""hamster-kombat"",""symbol"":""hmstr"",""name"":""Hamster Kombat"",""platforms"":{""the-open-network"":""EQAJ8uWd7EBqsmpSWaRdf_I-8R8-XHwh3gsNKhy-UrdrPcUo""}}]","7eda03fbe0592deaa9497b81a8a82b23525321a76fb37380336a7dc8d1dc3889","single_current_candidate_review_required","False"
"HNT","HNT","2","22513","1","helium","Helium","[{""id"":""helium"",""symbol"":""hnt"",""name"":""Helium"",""platforms"":{""solana"":""hntyVP6YFm1Hg25TN9WGLqM12b8TQmcknKrdu1oxWux""}}]","2b92164a3236b822d591153b028a81c4bd0d04edb136bb716f15d6fe83463e88","single_current_candidate_review_required","False"
"HONEY","HONEY","2","28079","2","hivemapper|honey-3","Hivemapper|Honey","[{""id"":""hivemapper"",""symbol"":""honey"",""name"":""Hivemapper"",""platforms"":{""solana"":""4vMsoUT2BWatFweudnQM1xedRLfJgJ7hswhcpz4xgBTy""}},{""id"":""honey-3"",""symbol"":""honey"",""name"":""Honey"",""platforms"":{""berachain"":""0xfcbd14dc51f0a4d49d5e53c2e0950e0bc26d0dce""}}]","2e128ea210b3a883adda935094ba3939cbccb2b8be5cddf5fd74316fce98c065","ambiguous_current_candidates","False"
"HPOS10I","HPOS10I","2","4758","0","","","[]","4f53cda18c2baa0c0354bb5f9a3ecbe5ed12ab4d8e11ba873c2f11161202b945","no_current_candidate","False"
"ICP","ICP","2","44892","1","internet-computer","Internet Computer","[{""id"":""internet-computer"",""symbol"":""icp"",""name"":""Internet Computer"",""platforms"":{""base"":""0x00f3c42833c3170159af4e92dbb451fb3f708917"",""ethereum"":""0x00f3c42833c3170159af4e92dbb451fb3f708917"",""internet-computer"":""ryjl3-tyaaa-aaaaa-aaaba-cai""}}]","1fc526da0f42ccefb4bb0dba5dbfebb48184b5cdba4307a8e1884c694c61c9f0","single_current_candidate_review_required","False"
"ICX","ICX","2","41219","1","icon","ICON","[{""id"":""icon"",""symbol"":""icx"",""name"":""ICON"",""platforms"":{}}]","2b873963cc47ddd13c45a82d8276f5a193117c3799cb20e105d47c5827762693","single_current_candidate_review_required","False"
"IDEX","IDEX","2","2720","1","aurora-dao","IDEX","[{""id"":""aurora-dao"",""symbol"":""idex"",""name"":""IDEX"",""platforms"":{""ethereum"":""0xb705268213d593b8fd88d3fdeff93aff5cbdcfae"",""polygon-pos"":""0x9cb74c8032b007466865f060ad2c46145d45553d""}}]","997a82c796bdc79a40d79ad156788db6742f17700c889e3688d1a1e6b05842ca","single_current_candidate_review_required","False"
"IMX","IMX","2","42274","1","immutable-x","Immutable","[{""id"":""immutable-x"",""symbol"":""imx"",""name"":""Immutable"",""platforms"":{""ethereum"":""0xf57e7e7c23978c3caec3c3548e3d615c346e79ff""}}]","9ed669dfd119d77fa4d8b2bbcfa995764c02d70ecc8dee0056e6e1cb6de0db0d","single_current_candidate_review_required","False"
"INIT","INIT","2","25232","2","init|initia","Inite|Initia","[{""id"":""init"",""symbol"":""init"",""name"":""Inite"",""platforms"":{""near-protocol"":""init-token.initeio.near""}},{""id"":""initia"",""symbol"":""init"",""name"":""Initia"",""platforms"":{""initia"":""uinit"",""osmosis"":""ibc/DD7EA9AF1E58E9FDD7F9810976817E203D5B87BAEF7AEA592FA34DF73310620B""}}]","f214b859d2fc7d21230bf9f3e041fde557c3e8b7dab3820e91dad9dcf9a1206a","ambiguous_current_candidates","False"
"INJ","INJ","2","52952","1","injective-protocol","Injective","[{""id"":""injective-protocol"",""symbol"":""inj"",""name"":""Injective"",""platforms"":{""binance-smart-chain"":""0xa2b726b1145a4773f68593cf171187d8ebe4d495"",""cosmos"":""ibc/64BA6E31FE887D66C6F8F31C7B1A80C7CA179239677B4088BB55F5EA07DBE273"",""ethereum"":""0xe28b3b32b6c345a34ff64674606124dd5aceca30"",""osmosis"":""ibc/64BA6E31FE887D66C6F8F31C7B1A80C7CA179239677B4088BB55F5EA07DBE273"",""secret"":""secret14706vxakdzkz9a36872cs62vpl5qd84kpwvpew"",""terra-2"":""ibc/25BC59386BB65725F735EFC0C369BB717AA8B5DAD846EAF9CBF5D0F18F207211""}}]","345e1201df494fd6e34449c2eaaff88d276eb26835e1254515819f8cb4c77d1f","single_current_candidate_review_required","False"
"INTR","INTR","2","832","0","","","[]","4f53cda18c2baa0c0354bb5f9a3ecbe5ed12ab4d8e11ba873c2f11161202b945","no_current_candidate","False"
"IP","IP","2","7736","0","","","[]","4f53cda18c2baa0c0354bb5f9a3ecbe5ed12ab4d8e11ba873c2f11161202b945","no_current_candidate","False"
"JAILSTOOL","JAILSTOOL","2","20155","1","stool-prisondente","Stool Prisondente","[{""id"":""stool-prisondente"",""symbol"":""jailstool"",""name"":""Stool Prisondente"",""platforms"":{""solana"":""AxriehR6Xw3adzHopnvMn7GcpRFcD41ddpiTWMg6pump""}}]","20d22a97dc47c51d9e4174e37353fa123f165ba5167204deceb0fad41d6bfaec","single_current_candidate_review_required","False"
"JASMY","JASMY","2","40813","1","jasmycoin","JasmyCoin","[{""id"":""jasmycoin"",""symbol"":""jasmy"",""name"":""JasmyCoin"",""platforms"":{""ethereum"":""0x7420b4b9a0110cdc71fb720908340c03f9bc03ec""}}]","f0b5544631efb50cb920116d71fc95cbf3e3d611ff3e8d9ac26dd91167bb6556","single_current_candidate_review_required","False"
"JITOSOL","JITOSOL","3","147","1","jito-staked-sol","Jito Staked SOL","[{""id"":""jito-staked-sol"",""symbol"":""jitosol"",""name"":""Jito Staked SOL"",""platforms"":{""base"":""0x97be14dd8f994a5364573bc035d85309e7cb34de"",""katana"":""0x6c16e26013f2431e8b2e1ba7067ecccad0db6c52"",""neon-evm"":""0xfa8fb7e3bd299b2a9693b1bfdcf5dd13ab57007e"",""solana"":""J1toso1uCk3RLmjorhTtrVwY9HJ7X8V9yYac6Y7kGCPn""}}]","cbf22fb271597fb071c64ed34ef479213447fb8323d725b80fd6c5b58df4274c","single_current_candidate_review_required","False"
"JST","JST","2","5312","1","just","JUST","[{""id"":""just"",""symbol"":""jst"",""name"":""JUST"",""platforms"":{""tron"":""TCFLL5dx5ZJdKnWuesXxi1VPwjLVmWZZy9""}}]","1b9915830e6756d966abcfa12fb6040841dc1bff396b78c94b6cdbc3be6d947a","single_current_candidate_review_required","False"
"JTO","JTO","2","10155","1","jito-governance-token","Jito","[{""id"":""jito-governance-token"",""symbol"":""jto"",""name"":""Jito"",""platforms"":{""solana"":""jtojtomepa8beP8AuQc6eXt5FriJwfFMwQx2v2f9mCL""}}]","3f9583be8d2d09494e0a72f1a7e598d5cc90000d7f9388fa0350725c7c4a4d5d","single_current_candidate_review_required","False"
"JUNO","JUNO","2","11564","3","juno-agent|junocash|juno-network","JUNO|Juno Agent|JunoCash","[{""id"":""juno-agent"",""symbol"":""juno"",""name"":""Juno Agent"",""platforms"":{""base"":""0x4e6c9f48f73e54ee5f3ab7e2992b2d733d0d0b07""}},{""id"":""junocash"",""symbol"":""juno"",""name"":""JunoCash"",""platforms"":{""base"":""0x2e8f83541ab39c8451b3e557a19be531a59ddecc""}},{""id"":""juno-network"",""symbol"":""juno"",""name"":""JUNO"",""platforms"":{""cosmos"":""ibc/46B44899322F3CD854D2D46DEEF881958467CDD4B3B10086DA49296BBED94BED"",""evmos"":""0x3452e23f9c4cc62c70b7adad699b264af3549c19"",""osmosis"":""ibc/46B44899322F3CD854D2D46DEEF881958467CDD4B3B10086DA49296BBED94BED"",""secret"":""secret1z6e4skg5g9w65u5sqznrmagu05xq8u6zjcdg4a""}}]","9dd1beaa8865c9283077e7ae08aa34efce6024383542781222ccf1f2870d017d","ambiguous_current_candidates","False"
"JUP","JUP","2","36839","2","jupiter|jupiter-exchange-solana","Jupiter|Jupiter Project","[{""id"":""jupiter"",""symbol"":""jup"",""name"":""Jupiter Project"",""platforms"":{""binance-smart-chain"":""0x0231f91e02debd20345ae8ab7d71a41f8e140ce7"",""ethereum"":""0x4b1e80cac91e2216eeb63e29b957eb91ae9c2be8""}},{""id"":""jupiter-exchange-solana"",""symbol"":""jup"",""name"":""Jupiter"",""platforms"":{""solana"":""JUPyiwrYJFskUPiHa7hkeR8VUtAeFoSYbKedZNsDvCN"",""unichain"":""0xbe51a5e8fa434f09663e8fb4cce79d0b2381afad""}}]","4fb1def9cc8c475ec4ab174b070457d0ee4adaa0bf1a678874e94799de4384f3","ambiguous_current_candidates","False"
"K","K","2","1488","1","sidekick","Sidekick","[{""id"":""sidekick"",""symbol"":""k"",""name"":""Sidekick"",""platforms"":{""binance-smart-chain"":""0x0a73d885cdd66adf69c6d64c0609e55c527db2be"",""ethereum"":""0xfb072b42907da2bf7a8e8cb5dcaa790d45fd81a8"",""solana"":""ERpDpYmuifJUKbaB1Dv9hnJ67RM21Jujmxz18JCeDzbr""}}]","3a4da2697fafbffe10f4d73309914d88a0de8fe94c035e9c8b9cc7d19f4d0201","single_current_candidate_review_required","False"
"KAITO","KAITO","2","75800","1","kaito","KAITO","[{""id"":""kaito"",""symbol"":""kaito"",""name"":""KAITO"",""platforms"":{""base"":""0x98d0baa52b2d063e780de12f615f963fe8537553""}}]","766d809bf748f49ceeeafc612aab895351b772e8c6467e78566f974edb312b6c","single_current_candidate_review_required","False"
"KAR","KAR","2","7661","1","karura","Karura","[{""id"":""karura"",""symbol"":""kar"",""name"":""Karura"",""platforms"":{}}]","b9378f726ea8d15154985e6e4879c92530fbed828d6075f5e268d74f016a40ec","single_current_candidate_review_required","False"
"KAS","KAS","2","101294","1","kaspa","Kaspa","[{""id"":""kaspa"",""symbol"":""kas"",""name"":""Kaspa"",""platforms"":{}}]","65373faaf1edb95f65b18f2b9663e70ac3753ea8834e69d45b9ae491ae641cc2","single_current_candidate_review_required","False"
"KAVA","KAVA","2","16351","1","kava","Kava","[{""id"":""kava"",""symbol"":""kava"",""name"":""Kava"",""platforms"":{""binance-smart-chain"":""0x9bafc8d4b487cebff201721702507a3e2c67ad79"",""osmosis"":""ibc/57AA1A70A4BC9769C525EBF6386F7A21536E04A79D62E1981EFCEF9428EBB205""}}]","a6b66350ca3fc3fba21155727f99c1f2f96e574c7b902e2e30660f88826ebfcf","single_current_candidate_review_required","False"
"KERNEL","KERNEL","2","10612","1","kernel-2","KernelDAO","[{""id"":""kernel-2"",""symbol"":""kernel"",""name"":""KernelDAO"",""platforms"":{""arbitrum-one"":""0x6e401189c8a68d05562c9bab7f674f910821eacf"",""binance-smart-chain"":""0x9ecaf80c1303cca8791afbc0ad405c8a35e8d9f1"",""ethereum"":""0x3f80b1c54ae920be41a77f8b902259d48cf24ccf""}}]","0f57aa83dc30bee6ee8d444536a8199126b5993e2283635d422060cb8bef02ba","single_current_candidate_review_required","False"
"KEY","KEY","2","19202","2","key-2|selfkey","KEY|SelfKey","[{""id"":""key-2"",""symbol"":""key"",""name"":""KEY"",""platforms"":{""binance-smart-chain"":""0xc7ab2c545aa6f0ce5571120f84a9abbc9f4736db""}},{""id"":""selfkey"",""symbol"":""key"",""name"":""SelfKey"",""platforms"":{""ethereum"":""0x4cc19356f2d37338b9802aa8e8fc58b0373296e7"",""polygon-pos"":""0x32dc2dd3c2be453a369625e6fe0e438aed814919""}}]","bd7e939fce932cb99aaff617626bfa06cab648a60e7581c49435539928936271","ambiguous_current_candidates","False"
"KILT","KILT","2","4391","1","kilt-protocol-2","KILT Protocol [OLD]","[{""id"":""kilt-protocol-2"",""symbol"":""kilt"",""name"":""KILT Protocol [OLD]"",""platforms"":{""base"":""0x5d0dd05bb095fdd6af4865a1adf97c39c85ad2d8""}}]","a2ac17b6960996687908ddebd49f88b72b17e108f4b2b9ed736661ea88e18d56","single_current_candidate_review_required","False"
"KIN","KIN","2","13278","2","kin|kindred-labs","Kin|Kindred Labs","[{""id"":""kin"",""symbol"":""kin"",""name"":""Kin"",""platforms"":{""solana"":""kinXdEcpDQeHPEuQnqmUgtYykqKGVFq6CeVX5iAHJq6""}},{""id"":""kindred-labs"",""symbol"":""kin"",""name"":""Kindred Labs"",""platforms"":{""binance-smart-chain"":""0xcc1b8207853662c5cfabfb028806ec06ea1f6ac6"",""sei-v2"":""0xcc1b8207853662c5cfabfb028806ec06ea1f6ac6""}}]","e8640d18ea5d98550adbc98e22eba7b52c2eb5c9522cd066910762c948db0280","ambiguous_current_candidates","False"
"KINT","KINT","2","5036","0","","","[]","4f53cda18c2baa0c0354bb5f9a3ecbe5ed12ab4d8e11ba873c2f11161202b945","no_current_candidate","False"
"KMNO","KMNO","2","8419","1","kamino","Kamino","[{""id"":""kamino"",""symbol"":""kmno"",""name"":""Kamino"",""platforms"":{""solana"":""KMNo3nJsBXfcpJTVhZcXLW7RmTwTt4GVFE7suUBo9sS""}}]","e7bb04d5ad277880ee56382eb26f1714aca296b258739bbbc1a2cd626ab39a26","single_current_candidate_review_required","False"
"KNC","KNC","2","3736","1","kyber-network-crystal","Kyber Network Crystal","[{""id"":""kyber-network-crystal"",""symbol"":""knc"",""name"":""Kyber Network Crystal"",""platforms"":{""arbitrum-one"":""0xe4dddfe67e7164b0fe14e218d80dc4c08edc01cb"",""avalanche"":""0x39fc9e94caeacb435842fadedecb783589f50f5f"",""binance-smart-chain"":""0xfe56d5892bdffc7bf58f2e84be1b2c32d21c308b"",""ethereum"":""0xdefa4e8a7bcba345f687a2f1456f5edd9ce97202"",""fantom"":""0x1e1085efaa63edfe74aad7c05a28eae4ef917c3f"",""linea"":""0x3b2f62d42db19b30588648bf1c184865d4c3b1d6"",""optimistic-ethereum"":""0xa00e3a3511aac35ca78530c85007afcd31753819"",""polygon-pos"":""0x1c954e8fe737f99f68fa1ccda3e51ebdb291948c"",""polygon-zkevm"":""0x6a80a465409ce8d36c513129c0feea61bed579ba"",""zksync"":""0x6ee46cb7cd2f15ee1ec9534cf29a5b51c83283e6""}}]","942a106e5f9274df0c4b0bed9cc753b579e1efb697cda7211178167a4251b3da","single_current_candidate_review_required","False"
"KOBAN","KOBAN","2","2367","1","koban","KOBAN","[{""id"":""koban"",""symbol"":""koban"",""name"":""KOBAN"",""platforms"":{""sui"":""0x8400e7044d360c28dd338111d2aa54ca5bdc960a8d6b60bf3b28e1ca503df3e2::koban::KOBAN""}}]","887fb81eefd76f96cb17bd9af5dc5ce2373d3587c54908dec53c208cf783bccc","single_current_candidate_review_required","False"
"KP3R","KP3R","2","5456","1","keep3rv1","Keep3rV1","[{""id"":""keep3rv1"",""symbol"":""kp3r"",""name"":""Keep3rV1"",""platforms"":{""energi"":""0x09f24e5e54db6705df1a1a71d2bd5eac0d692bea"",""ethereum"":""0x1ceb5cb57c4d4e2b2433641b95dd330a33185a44"",""fantom"":""0x2a5062d22adcfaafbd5c541d4da82e4b450d4212""}}]","b0c4fddf1c00c7b9d4c27226e750041b2797509b6aa207ac837cebd0eb78c700","single_current_candidate_review_required","False"
"KSM","KSM","3","35724","1","kusama","Kusama","[{""id"":""kusama"",""symbol"":""ksm"",""name"":""Kusama"",""platforms"":{""hydration"":""asset_registry%2F1000771""}}]","c065645893561d079b7102e39c7f8afb38d6ee487b320b85cf8362ba74a34c7d","single_current_candidate_review_required","False"
"L3","L3","2","14374","1","layer3","Layer3","[{""id"":""layer3"",""symbol"":""l3"",""name"":""Layer3"",""platforms"":{""arbitrum-one"":""0x46777c76dbbe40fabb2aab99e33ce20058e76c59"",""base"":""0x46777c76dbbe40fabb2aab99e33ce20058e76c59"",""binance-smart-chain"":""0x46777c76dbbe40fabb2aab99e33ce20058e76c59"",""ethereum"":""0x88909d489678dd17aa6d9609f89b0419bf78fd9a"",""optimistic-ethereum"":""0x46777c76dbbe40fabb2aab99e33ce20058e76c59"",""polygon-pos"":""0x46777c76dbbe40fabb2aab99e33ce20058e76c59"",""solana"":""5k84VjAKoGPXa7ias1BNgKUrX7e61eMPWhZDqsiD4Bpe""}}]","4ba7ddc423fcd3e393e124628d1a2782b1ce053f0e34d4613f6b31c5499b7f69","single_current_candidate_review_required","False"
"LAYER","LAYER","2","10820","2","solayer|unilayer","Solayer|UniLayer","[{""id"":""solayer"",""symbol"":""layer"",""name"":""Solayer"",""platforms"":{""solana"":""LAYER4xPpTCb3QL8S9u41EAhAX7mhBn8Q6xMTwY2Yzc""}},{""id"":""unilayer"",""symbol"":""layer"",""name"":""UniLayer"",""platforms"":{""binance-smart-chain"":""0xc2c23a86def9e9f5972a633b3d25f7ecbfa5e575"",""ethereum"":""0x0ff6ffcfda92c53f615a4a75d982f399c989366b"",""harmony-shard-0"":""0xe88699ad32d5a610987a3ba8519c06289549cca7""}}]","ed90f4fc6acfea1cbd8f7ecb4d79af6ce71c55dfdcfe1db3891de2896c3d8c75","ambiguous_current_candidates","False"
"LCX","LCX","2","19047","1","lcx","LCX","[{""id"":""lcx"",""symbol"":""lcx"",""name"":""LCX"",""platforms"":{""ethereum"":""0x8cd41041505885ef0ad3858181d66f17be8aae7e""}}]","3e96225e0671f400dbcec9001ccef106e02df92c684149b313066a34156386ba","single_current_candidate_review_required","False"
"LDO","LDO","2","25439","2","lido-dao|linea-bridged-ldo-linea","Lido DAO|Linea Bridged LDO (Linea)","[{""id"":""lido-dao"",""symbol"":""ldo"",""name"":""Lido DAO"",""platforms"":{""arbitrum-one"":""0x13ad51ed4f1b7e9dc168d8a00cb3f4ddd85efa60"",""ethereum"":""0x5a98fcbea516cf06857215779fd812ca3bef1b32"",""optimistic-ethereum"":""0xfdb794692724153d1488ccdbe0c56c252596735f"",""polygon-pos"":""0xc3c7d422809852031b44ab29eec9f1eff2a58756""}},{""id"":""linea-bridged-ldo-linea"",""symbol"":""ldo"",""name"":""Linea Bridged LDO (Linea)"",""platforms"":{""linea"":""0x0e076aafd86a71dceac65508daf975425c9d0cb6""}}]","e6c82fd49355adc9bc9fe01b3fcb057db63afdd5c877fc8fe1d5d74412a14260","ambiguous_current_candidates","False"
"LINK","LINK","9","158645","3","chainlink|linea-bridged-link-linea|osmosis-alllink","Chainlink|Linea Bridged LINK (Linea)|Osmosis allLINK","[{""id"":""chainlink"",""symbol"":""link"",""name"":""Chainlink"",""platforms"":{""abstract"":""0x2ea38d6cdb6774992d4a62fe622f4405663729dd"",""apechain"":""0xf575731b78981b86d34321d875a3d25a48479be6"",""arbitrum-one"":""0xf97f4df75117a78c1a5a0dbb814af92458539fb4"",""astar"":""0x31efb841d5e0b4082f7e1267dab8de1b853f2a9d"",""avalanche"":""0x5947bb275c521040051d82396192181b413227a3"",""base"":""0x88fb150bdc53a65fe94dea0c9ba0a6daf8c6e196"",""berachain"":""0x71052bae71c25c78e37fd12e5ff1101a71d9018f"",""binance-smart-chain"":""0xf8a0bf9cf54bb92f17374d9e9a321e6a111a51bd"",""bitlayer"":""0x56b275c0ec034a229a1ded8db17089544bc276d9"",""bittensor"":""0xf09afe78d3c7d359b334d7cb88995751f7ec5e13"",""bittensor-evm"":""0xf09afe78d3c7d359b334d7cb88995751f7ec5e13"",""blast"":""0x93202ec683288a9ea75bb829c6bacfb2bfea9013"",""bob-network"":""0x5ab885cda7216b163fb6f813dec1e1532516c833"",""botanix"":""0x30e85a5c9525ad9a7a0fa5c74df4baf0b01ad241"",""bsquared-network"":""0x709229d9587886a1edfee6b5ce636e1d70d1ce39"",""celo"":""0xd07294e6e917e07dfdcee882dd1e2565085c2ae0"",""core"":""0x3902228d6a3d2dc44731fd9d45fee6a61c722d0b"",""corn"":""0x7311ded199cc28d80e58e81e8589aa160199fcd2"",""cronos"":""0x8c80a01f461f297df7f9da3a4f740d7297c8ac85"",""cronos-zkevm"":""0x61170ca9fb9cf98d4c7d684e07be6d969d59667e"",""energi"":""0x68ca48ca2626c415a89756471d4ade2cc9034008"",""ethereum"":""0x514910771af9ca656af840dff83e8264ecf986ca"",""etherlink"":""0x8ce7618e8f8e514d13889283f58ff03b794e6cc3"",""fantom"":""0xb3654dc3d10ea7645f8319668e8f54d2574fbdc8"",""fraxtal"":""0xd6a6ba37faac229b9665e86739ca501401f5a940"",""harmony-shard-0"":""0x218532a12a389a4a92fc0c5fb22901d1c19198aa"",""hashkey-chain"":""0x71052bae71c25c78e37fd12e5ff1101a71d9018f"",""hedera-hashgraph"":""0x7ce6bb2cc2d3fd45a974da6a0f29236cb9513a98"",""hemi"":""0x63dbe12a6381d64ade47bc3d92abf4393dff4bc8"",""henesys"":""0x76a443768a5e3b8d1aed0105fc250877841deb40"",""huobi-token"":""0x9e004545c59d359f6b7bfb06a26390b087717b42"",""hydration"":""asset_registry%2F1000794"",""hyperevm"":""0x1ac2ee68b8d038c982c1e1f73f596927dd70de59"",""ink"":""0x71052bae71c25c78e37fd12e5ff1101a71d9018f"",""katana"":""0xc2c447b04e0ed3476ddbdae8e9e39be7159d27b6"",""klay-token"":""0x7311ded199cc28d80e58e81e8589aa160199fcd2"",""kroma"":""0xc1f6f7622ad37c3f46cdf6f8aa0344ade80bf450"",""lens"":""0x6e970e8d6758164798290c8db1d79a527ca6e1b2"",""linea"":""0xa18152629128738a5c081eb226335fed4b9c95e9"",""lisk"":""0x71052bae71c25c78e37fd12e5ff1101a71d9018f"",""mantle"":""0xfe36cf0b43aae49fbc5cfc5c0af22a623114e043"",""megaeth"":""0xee85aefb15b9489563a6a29891ebe0750aa1a7ae"",""merlin-chain"":""0x71052bae71c25c78e37fd12e5ff1101a71d9018f"",""metal-l2"":""0x587d19ddf735d6b536aadb1a2a92938eb23b8d5c"",""metis-andromeda"":""0xd2fe54d1e5f568eb710ba9d898bf4bd02c7c0353"",""milkomeda-cardano"":""0xf390830df829cf22c53c8840554b98eafc5dcbc2"",""mint"":""0x71052bae71c25c78e37fd12e5ff1101a71d9018f"",""mode"":""0x183e3691eff3524b2315d3703d94f922cbe51f54"",""monad"":""0x76f257b1dda5cc71bee4ef637fbdde4c801310a9"",""moonbeam"":""0x012414a392f9fa442a3109f1320c439c45518ac3"",""moonriver"":""0x8b12ac23bfe11cab03a634c1f117d64a7f2cfd3e"",""near-protocol"":""514910771af9ca656af840dff83e8264ecf986ca.factory.bridge.near"",""neo"":""0xb25de57d73ab177fc091327bcb725154dfbb5bfb"",""opbnb"":""0x99f0d88b81b758ab07e22c7aba00e0121a882dea"",""optimistic-ethereum"":""0x350a791bfc2c21f9ed5d10980dad2e2638ffa7f6"",""osmosis"":""ibc/D3327A763C23F01EC43D1F0DB3CEFEC390C362569B6FD191F40A5192F8960049"",""pharos"":""0x51e2a24742db77604b881d6781ee16b5b8fcbe29"",""plasma"":""0x76a443768a5e3b8d1aed0105fc250877841deb40"",""plume-network"":""0xb549b375da0c76f8b3877b9adfdd28378f087a64"",""polygon-pos"":""0x53e0bca35ec356bd5dddfebbd1fc0fd03fabad39"",""polygon-zkevm"":""0xdb7a504cf869484dd6ac5faf925c8386cbf7573d"",""ronin"":""0x3902228d6a3d2dc44731fd9d45fee6a61c722d0b"",""rootstock"":""0x938d84942f5d924070a6bb82f8e56a5e2b3098a4"",""scroll"":""0x548c6944cba02b9d1c0570102c89de64d258d3ac"",""sei-v2"":""0x71052bae71c25c78e37fd12e5ff1101a71d9018f"",""shibarium"":""0x71052bae71c25c78e37fd12e5ff1101a71d9018f"",""solana"":""LinkhB3afbBKb2EQQu7s7umdZceV3wcvAUJhQAfQ23L"",""soneium"":""0x32d8f819c8080ae44375f8d383ffd39fc642f3ec"",""sonic"":""0x71052bae71c25c78e37fd12e5ff1101a71d9018f"",""sora"":""0x008484148dcf23d1b48908393e7a00d5fdc3bf81029a73eeca62a15ebfb1205a"",""stable"":""0x985fb0821eef0056ec26dd8b33dc61b9415b7f4b"",""starknet"":""0x060f47b96b525c1014fed595e87e98edc3ce0731627a0670e1804ee1a3ca0ee9"",""superseed"":""0x41ccf59e3f30eb624ef8e5ea34b2da96bee472d9"",""tac"":""0xc2be2f77562a6676098e8d363b9d8a33ea009d4e"",""taiko"":""0x917a3964c37993e99a47c779beb5db1e9d13804d"",""unichain"":""0xef66491eab4bbb582c57b14778afd8dfb70d8a1a"",""wemix-network"":""0x80f1fcdc96b55e459bf52b998abbe2c364935d69"",""world-chain"":""0x915b648e994d5f31059b38223b9fbe98ae185473"",""xdai"":""0xe2e73a1c69ecf83f464efce6a5be353a37ca09b2"",""xdc-network"":""0xe27dd9bf01b55ce6803c0d81386a04212c718b95"",""x-layer"":""0x8af9711b44695a5a081f25ab9903ddb73acf8fa9"",""zircuit"":""0xdee94506570ca186bc1e3516fcf4fd719c312ccd"",""zksync"":""0x52869bae3e091e36b0915941577f2d47d8d8b534"",""zora-network"":""0x3662b6f73c5560229d1a98af6e59e6649d568374""}},{""id"":""linea-bridged-link-linea"",""symbol"":""link"",""name"":""Linea Bridged LINK (Linea)"",""platforms"":{""linea"":""0x5b16228b94b68c7ce33af2acc5663ebde4dcfa2d""}},{""id"":""osmosis-alllink"",""symbol"":""link"",""name"":""Osmosis allLINK"",""platforms"":{""osmosis"":""factory/osmo18zdw5yvs6gfp95rp74qqwug9yduw2fyr8kplk2xgs726s9axc5usa2vpgw/alloyed/allLINK""}}]","2cee2e241fdd2afc7b955a6cd615400c4e8f5b8e061350306030503307441cfc","ambiguous_current_candidates","False"
"LIT","LIT","2","7989","4","lighter|lit|litentry|timeless","Lighter|LIT|Litentry|Timeless","[{""id"":""lighter"",""symbol"":""lit"",""name"":""Lighter"",""platforms"":{""ethereum"":""0x232ce3bd40fcd6f80f3d55a522d03f25df784ee2""}},{""id"":""lit"",""symbol"":""lit"",""name"":""LIT"",""platforms"":{""ethereum"":""0xc5b3d3231001a776123194cf1290068e8b0c783b""}},{""id"":""litentry"",""symbol"":""lit"",""name"":""Litentry"",""platforms"":{""binance-smart-chain"":""0xb59490ab09a0f526cc7305822ac65f2ab12f9723"",""ethereum"":""0xb59490ab09a0f526cc7305822ac65f2ab12f9723""}},{""id"":""timeless"",""symbol"":""lit"",""name"":""Timeless"",""platforms"":{""ethereum"":""0xfd0205066521550d7d7ab19da8f72bb004b4c341""}}]","62bd602a9d1c020fcbd889ae877380172a02bb6393ad56fd248b4969f114dfa3","ambiguous_current_candidates","False"
"LMWR","LMWR","2","25594","1","limewire-token","LimeWire","[{""id"":""limewire-token"",""symbol"":""lmwr"",""name"":""LimeWire"",""platforms"":{""base"":""0xe997017e0cb0ceb503565f181e9ea922cd979c35"",""binance-smart-chain"":""0x307bc76e3d59ed73886a9cf9360a9286f6281ba7"",""ethereum"":""0x628a3b2e302c7e896acc432d2d0dd22b6cb9bc88""}}]","d712b691be4ae242add0312a63a4e0ff2703ae2db1113e8ce1f4504f00914041","single_current_candidate_review_required","False"
"LOCKIN","LOCKIN","2","39564","1","lock-in","LOCK IN","[{""id"":""lock-in"",""symbol"":""lockin"",""name"":""LOCK IN"",""platforms"":{""solana"":""8Ki8DpuWNxu9VsS3kQbarsCWMcFGWkzzA8pUPto9zBd5""}}]","3b38be567828629806999c297486d0bd116f8d27668a79bbc4c264fe68eef7c8","single_current_candidate_review_required","False"
"LOFI","LOFI","2","22344","1","lofi-2","LOFI","[{""id"":""lofi-2"",""symbol"":""lofi"",""name"":""LOFI"",""platforms"":{""sui"":""0xf22da9a24ad027cccb5f2d496cbe91de953d363513db08a3a734d361c7c17503::LOFI::LOFI""}}]","73435b30c572f8357c0e1f6db606dfc1d62de5995ebcd06b94ded92842812f08","single_current_candidate_review_required","False"
"LPT","LPT","2","26572","1","livepeer","Livepeer","[{""id"":""livepeer"",""symbol"":""lpt"",""name"":""Livepeer"",""platforms"":{""arbitrum-one"":""0x289ba1701c2f088cf0faf8b3705246331cb8a839"",""ethereum"":""0x58b6a8a3302369daec383334672404ee733ab239"",""harmony-shard-0"":""0xbd3e698b51d340cc53b0cc549b598c13e0172b7c""}}]","84a848e0c74f09098ebdb84c3bf10b06341f154f0579d68c1d27dbfb189d2d1f","single_current_candidate_review_required","False"
"LQTY","LQTY","2","5797","1","liquity","Liquity","[{""id"":""liquity"",""symbol"":""lqty"",""name"":""Liquity"",""platforms"":{""arbitrum-one"":""0xfb9e5d956d889d91a82737b9bfcdac1dce3e1449"",""ethereum"":""0x6dea81c8171d0ba574754ef6f8b412f2ed88c54d""}}]","97137c5a614343957d74fa894b0e64b713985b6bd2789aab0306b74a612bb4c2","single_current_candidate_review_required","False"
"LRC","LRC","2","10281","1","loopring","Loopring","[{""id"":""loopring"",""symbol"":""lrc"",""name"":""Loopring"",""platforms"":{""arbitrum-one"":""0x46d0ce7de6247b0a95f67b43b589b4041bae7fbe"",""energi"":""0x193da10f8a969d4c081b9097b15337b1488cbbec"",""ethereum"":""0xbbbbca6a901c926f240b89eacb641d8aec7aeafd""}}]","8cf3ad67a8885ef8c41780001b1106e566107099affa95902c7f1cc4ff37e5d5","single_current_candidate_review_required","False"
"LSETH","LSETH","3","2187","1","liquid-staked-ethereum","Liquid Staked ETH","[{""id"":""liquid-staked-ethereum"",""symbol"":""lseth"",""name"":""Liquid Staked ETH"",""platforms"":{""base"":""0xb29749498954a3a821ec37bde86e386df3ce30b6"",""ethereum"":""0x8c1bed5b9a0928467c9b1341da1d7bd5e10b6549""}}]","85360d82eee32bcd3a82628265c81b4a51559debf53cd3d9c6359718c30d5f7d","single_current_candidate_review_required","False"
"LSK","LSK","2","4681","1","lisk","Lisk","[{""id"":""lisk"",""symbol"":""lsk"",""name"":""Lisk"",""platforms"":{""base"":""0xac485391eb2d7d88253a7f1ef18c37f4242d1a24"",""ethereum"":""0x6033f7f88332b8db6ad452b7c6d5bb643990ae3f"",""lisk"":""0xac485391eb2d7d88253a7f1ef18c37f4242d1a24""}}]","b7ab98f646a0cf0c6320a66accf49748b71c9dba0e5bff62aea838c14fd58a8f","single_current_candidate_review_required","False"
"XLTC","LTC","9","352985","2","binance-peg-litecoin|litecoin","Binance-Peg Litecoin|Litecoin","[{""id"":""binance-peg-litecoin"",""symbol"":""ltc"",""name"":""Binance-Peg Litecoin"",""platforms"":{""binance-smart-chain"":""0x4338665cbb7b2485a8855a139b75d5e34ab0db94""}},{""id"":""litecoin"",""symbol"":""ltc"",""name"":""Litecoin"",""platforms"":{}}]","0fd1a3903649c963a7625aa71d4e11fda898716508bf9f2972073a40ea37aa63","ambiguous_current_candidates","False"
"LUNA","LUNA","2","36758","2","luna-by-virtuals|terra-luna-2","Luna by Virtuals|Terra","[{""id"":""luna-by-virtuals"",""symbol"":""luna"",""name"":""Luna by Virtuals"",""platforms"":{""base"":""0x55cd6469f597452b5a7536e2cd98fde4c1247ee4"",""solana"":""9se6kma7LeGcQWyRBNcYzyxZPE3r9t9qWZ8SnjnN3jJ7""}},{""id"":""terra-luna-2"",""symbol"":""luna"",""name"":""Terra"",""platforms"":{""osmosis"":""ibc/785AFEC6B3741100D15E7AF01374E3C4C36F24888E96479B1C33F5C71F364EF9"",""terra-2"":""uluna""}}]","9fd4356fee324b7eb3c71309bc8303fd47a0c95edc1f7c6e34eb413bdf5d6e1d","ambiguous_current_candidates","False"
"LUNA2","LUNA2","2","10067","0","","","[]","4f53cda18c2baa0c0354bb5f9a3ecbe5ed12ab4d8e11ba873c2f11161202b945","no_current_candidate","False"
"MANA","MANA","5","54962","3","decentraland|decentraland-wormhole|meme-anarchic-numismatic-asset","Decentraland|Decentraland (Wormhole)|Meme Anarchic Numismatic Asset","[{""id"":""decentraland"",""symbol"":""mana"",""name"":""Decentraland"",""platforms"":{""ethereum"":""0x0f5d2fb29fb7d3cfee444a200298f468908cc942"",""polygon-pos"":""0xa1c57f48f0deb89f569dfbe6e2b7f46d33606fd4""}},{""id"":""decentraland-wormhole"",""symbol"":""mana"",""name"":""Decentraland (Wormhole)"",""platforms"":{""solana"":""7dgHoN8wBZCc5wbnQ2C47TDnBMAxG4Q5L3KjP67z8kNi""}},{""id"":""meme-anarchic-numismatic-asset"",""symbol"":""mana"",""name"":""Meme Anarchic Numismatic Asset"",""platforms"":{""solana"":""Bw5K8eZaf361uDLHgX2UUn1PNfC7XtgQVvY9sSappump""}}]","a7846041cfc06eab50f0aae4535f87140844984b1953cdc881a9cbd8477c0129","ambiguous_current_candidates","False"
"MASK","MASK","2","23456","2","catwifmask|mask-network","catwifmask|Mask Network","[{""id"":""catwifmask"",""symbol"":""mask"",""name"":""catwifmask"",""platforms"":{""solana"":""6MQpbiTC2YcogidTmKqMLK82qvE9z5QEm7EP3AEDpump""}},{""id"":""mask-network"",""symbol"":""mask"",""name"":""Mask Network"",""platforms"":{""binance-smart-chain"":""0x2ed9a5c8c13b93955103b9a7c167b67ef4d568a3"",""energi"":""0x746514e2c7d91e1e84c20c54d1f6f537b28a7d8e"",""ethereum"":""0x69af81e73a73b40adf4f3d4223cd9b1ece623074"",""polygon-pos"":""0x2b9e7ccdf0f4e5b24757c1e1a80e311e34cb10c7""}}]","2e3206f7fc7e240bf4eb942f0641545e6631dd00baca21c3a3983eac327973b5","ambiguous_current_candidates","False"
"MAT","MAT","2","4452","2","matchain|my-master-war","Matchain|My Master War","[{""id"":""matchain"",""symbol"":""mat"",""name"":""Matchain"",""platforms"":{""binance-smart-chain"":""0xfe2dd2d57a05f89438f3aec94eafa4070396bab0""}},{""id"":""my-master-war"",""symbol"":""mat"",""name"":""My Master War"",""platforms"":{""binance-smart-chain"":""0xf3147987a00d35eecc10c731269003ca093740ca""}}]","86e6f4dd23d871a1db594d990119bc791618068c5a710c82a28953e9f3f8613b","ambiguous_current_candidates","False"
"MC","MC","2","879","4","magic-crystal|marketcat|merit-circle|merry-christmas","Magic Crystal|MarketCat|Merit Circle|Merry Christmas","[{""id"":""magic-crystal"",""symbol"":""mc"",""name"":""Magic Crystal"",""platforms"":{""the-open-network"":""EQCbKMTmEAdSnzsK85LOpaDkDH3HjujEbTePMSeirvEaNq-U""}},{""id"":""marketcat"",""symbol"":""mc"",""name"":""MarketCat"",""platforms"":{""solana"":""81QY29ruZQSMcwNxh7WQTiny1pcvRbaenh7b36qpump""}},{""id"":""merit-circle"",""symbol"":""mc"",""name"":""Merit Circle"",""platforms"":{""binance-smart-chain"":""0x949d48eca67b17269629c7194f4b727d4ef9e5d6"",""ethereum"":""0x949d48eca67b17269629c7194f4b727d4ef9e5d6""}},{""id"":""merry-christmas"",""symbol"":""mc"",""name"":""Merry Christmas"",""platforms"":{""solana"":""7X9H2VvwRMJqLBUwZEN9CMptFESdyJ7Fp2SjLyNDpump""}}]","adc476b94ec0ac4393cebb9ef2f4a8e20e92f1d3708849dbcd45670f8a2d95ea","ambiguous_current_candidates","False"
"ME","ME","2","3858","2","literally-me|magic-eden","Literally Me|Magic Eden","[{""id"":""literally-me"",""symbol"":""me"",""name"":""Literally Me"",""platforms"":{""solana"":""4Y47LEufvcSSSbTFojcvW4Y6x2KZXrqG2urNBSvHpump""}},{""id"":""magic-eden"",""symbol"":""me"",""name"":""Magic Eden"",""platforms"":{""solana"":""MEFNBXixkEbait3xn9bkm8WsJzXtVsaJEn4c8Sam21u""}}]","1cbae8955eaaca42a962847bcb0f3ef0132d49c771262ddf93120419430c2cef","ambiguous_current_candidates","False"
"MELANIA","MELANIA","4","41899","1","melania-meme","Melania Meme","[{""id"":""melania-meme"",""symbol"":""melania"",""name"":""Melania Meme"",""platforms"":{""solana"":""FUAfBo2jgks6gB4Z4LfZkqSZgzNucisEHqnNebaRxM1P""}}]","23515944bf7dcfcdc5d41f62a4758c82a3194ddf8d72a8e6a2445c95410524b5","single_current_candidate_review_required","False"
"MEME","MEME","2","9931","5","1-meme-can-change-your-life|memecoin-2|memetoon|most-elegant-monkey-ever|mpx6900","1 meme can change your life|Memecoin|MEMETOON|MOST ELEGANT MONKEY EVER|MPX6900","[{""id"":""1-meme-can-change-your-life"",""symbol"":""meme"",""name"":""1 meme can change your life"",""platforms"":{""solana"":""85ymfLLfeyYA9wV1PorpLBW1pprWfPgnm3cMEx5ppump""}},{""id"":""memecoin-2"",""symbol"":""meme"",""name"":""Memecoin"",""platforms"":{""ethereum"":""0xb131f4a55907b10d1f0a50d8ab8fa09ec342cd74""}},{""id"":""memetoon"",""symbol"":""meme"",""name"":""MEMETOON"",""platforms"":{""binance-smart-chain"":""0x193397bb76868c6873e733ad60d5953843ebc84e""}},{""id"":""most-elegant-monkey-ever"",""symbol"":""meme"",""name"":""MOST ELEGANT MONKEY EVER"",""platforms"":{""solana"":""7cyAGa4XsNDnSgnFuwmVFgp9JGqZoZYkiVyFPSke9CuP""}},{""id"":""mpx6900"",""symbol"":""meme"",""name"":""MPX6900"",""platforms"":{""solana"":""39Mzpdw7NDGiXmZZGWiCdR6Nzoc7muWuYkPsVDV4pump""}}]","f0646b585421557ecac4335e6e66b25bb63a9d240a12ec26e0dcbd3aedda5495","ambiguous_current_candidates","False"
"METH","METH","2","40","2","mantle-staked-ether|mirrored-ether","Mantle Staked Ether|Mirrored Ether","[{""id"":""mantle-staked-ether"",""symbol"":""meth"",""name"":""Mantle Staked Ether"",""platforms"":{""ethereum"":""0xd5f7838f5c461feff7fe49ea5ebaf7728bb0adfa"",""mantle"":""0xcda86a272531e8640cd7f1a92c01839911b90bb0""}},{""id"":""mirrored-ether"",""symbol"":""meth"",""name"":""Mirrored Ether"",""platforms"":{}}]","0a8371933c3c2e760e84c9fb84079407c23dee0b5ad76dc40630a678dd430cd8","ambiguous_current_candidates","False"
"METIS","METIS","2","5073","2","medusa-metis|metis-token","Medusa|Metis","[{""id"":""medusa-metis"",""symbol"":""metis"",""name"":""Medusa"",""platforms"":{}},{""id"":""metis-token"",""symbol"":""metis"",""name"":""Metis"",""platforms"":{""ethereum"":""0x9e32b13ce7f2e80a01932b42553652e053d6ed8e"",""metis-andromeda"":""0xdeaddeaddeaddeaddeaddeaddeaddeaddead0000""}}]","656dfd90ac77006fa028090c55ec36e8ead4cdd1c7067a226bdc0ac187327d0d","ambiguous_current_candidates","False"
"MEW","MEW","2","16253","1","cat-in-a-dogs-world","cat in a dogs world","[{""id"":""cat-in-a-dogs-world"",""symbol"":""mew"",""name"":""cat in a dogs world"",""platforms"":{""solana"":""MEW1gQWJ3nEXg2qgERiKu7FAFj79PHvQVREQUzScPP5""}}]","9d36b271e8da955f43b65d3b849c3e5c9b2048f7a79e1427a07115743dfbac4e","single_current_candidate_review_required","False"
"MICHI","MICHI","2","11673","1","michi","michi","[{""id"":""michi"",""symbol"":""michi"",""name"":""michi"",""platforms"":{""solana"":""AywAYdNJnSLSXwKWYxDciPjqGRnwp4iZdQptuuQTpump""}}]","1912319d0e51b1c3c6cd4ffc9cd554a1e9c87e2a952eeaae11c8edb7ad73ff18","single_current_candidate_review_required","False"
"MINA","MINA","4","25594","1","mina-protocol","Mina Protocol","[{""id"":""mina-protocol"",""symbol"":""mina"",""name"":""Mina Protocol"",""platforms"":{}}]","c2e29ff951e0b3f4e2b884ccc17b2948db6177ec91878ac4754a03ad2a0309c3","single_current_candidate_review_required","False"
"MIR","MIR","2","8230","3","mirror-chain|mirror-protocol|mir-token","Mir Token|Mirror Chain|Mirror Protocol","[{""id"":""mirror-chain"",""symbol"":""mir"",""name"":""Mirror Chain"",""platforms"":{""solana"":""GBUxQFRXQjSPjkxymAUKPfbUbSpRY8Ui7az1HCxtpump""}},{""id"":""mirror-protocol"",""symbol"":""mir"",""name"":""Mirror Protocol"",""platforms"":{""binance-smart-chain"":""0x5b6dcf557e2abe2323c48445e8cc948910d8c2c9"",""energi"":""0x7e58cef7c589e0e1771b9c049cba313fdec31976"",""ethereum"":""0x09a3ecafa817268f77be1283176b946c4ff2e608"",""terra"":""terra15gwkyepfc6xgca5t5zefzwy42uts8l2m4g40k6""}},{""id"":""mir-token"",""symbol"":""mir"",""name"":""Mir Token"",""platforms"":{""binance-smart-chain"":""0x2134f3a7b18ae4161fbab6eccca7497e17a6777b""}}]","9d3e0754053b881ae03cea07b4ba776af11c018d399d08e60af91ac6bf0fd0ac","ambiguous_current_candidates","False"
"MKR","MKR","3","34856","1","maker","Maker","[{""id"":""maker"",""symbol"":""mkr"",""name"":""Maker"",""platforms"":{""avalanche"":""0x88128fd4b259552a9a1d457f435a6527aab72d42"",""energi"":""0x050317d93f29d1ba5ff3eac3b8157fd4e345588d"",""ethereum"":""0x9f8f72aa9304c8b593d555f12ef6589cc3a579a2"",""polygon-pos"":""0x6f7c932e7684666c9fd1d44527765433e01ff61d"",""sora"":""0x00ec184ef0b4bd955db05eea5a8489ae72888ab6e63682a15beca1cd39344c8f""}}]","5724870ed24fb74ef7aceea5bf95438681d3983c1d4a59543e3a1c49731a1bbb","single_current_candidate_review_required","False"
"XMLN","MLN","3","14570","1","melon","Enzyme","[{""id"":""melon"",""symbol"":""mln"",""name"":""Enzyme"",""platforms"":{""arbitrum-one"":""0x8f5c1a99b1df736ad685006cb6adca7b7ae4b514"",""ethereum"":""0xec67005c4e498ec7f55e092bd1d35cbc47c91892"",""polygon-pos"":""0xa9f37d84c856fda3812ad0519dad44fa0a3fe207""}}]","7c81f5b47c0dd6ce7be82dd8f58a4b6794d4f659bcc3e1b055373ee420aaf6f7","single_current_candidate_review_required","False"
"MNGO","MNGO","2","2529","1","mango-markets","Mango","[{""id"":""mango-markets"",""symbol"":""mngo"",""name"":""Mango"",""platforms"":{""neon-evm"":""0x6d12eaa69f8e4902d3f83d546b31f7318717014c"",""solana"":""MangoCzJ36AjZyKwVj3VnYU4GTonjfVEnJmvvWaxLac""}}]","98ad84859ee9f8481529c90bd80a1d68e474935479a9882db0ef69302a8cf9d1","single_current_candidate_review_required","False"
"MNT","MNT","2","4540","2","mantle|mundoteam","Mantle|Mundoteam","[{""id"":""mantle"",""symbol"":""mnt"",""name"":""Mantle"",""platforms"":{""ethereum"":""0x3c3a81e81dc49a522a592e7622a7e711c06bf354"",""mantle"":""0xdeaddeaddeaddeaddeaddeaddeaddeaddead0000""}},{""id"":""mundoteam"",""symbol"":""mnt"",""name"":""Mundoteam"",""platforms"":{}}]","23e5752023bcf32c8c17da44eaba577e5589a6dc03a748a1a26e024e34ce0d51","ambiguous_current_candidates","False"
"MOG","MOG","2","55615","4","based-mog-coin|mog|mog-cat|mog-coin","Based Mog Coin|MOG|MOG CAT|Mog Coin","[{""id"":""based-mog-coin"",""symbol"":""mog"",""name"":""Based Mog Coin"",""platforms"":{""base"":""0x0ba5ed329d073a847ec3d54ac767f7e099c29bb2""}},{""id"":""mog"",""symbol"":""mog"",""name"":""MOG"",""platforms"":{""solana"":""BR4qrJbhGMoGSaF7QtUMvSZRtWhzvMUk5dkgkRrnrn8A""}},{""id"":""mog-cat"",""symbol"":""mog"",""name"":""MOG CAT"",""platforms"":{""robinhood"":""0xf55f03ea76c4e21f263631b1860b55e255acb339""}},{""id"":""mog-coin"",""symbol"":""mog"",""name"":""Mog Coin"",""platforms"":{""avalanche"":""0xeb2729257280580694a06c499cb8c622e74215c8"",""base"":""0x2da56acb9ea78330f947bd57c54119debda7af71"",""ethereum"":""0xaaee1a9723aadb7afa2810263653a34ba2c21c7a""}}]","4a519e943ebde671d7c1ac8f28c12cfde9595c6ec0bb27ebeff7959a1b01fa68","ambiguous_current_candidates","False"
"MOODENG","MOODENG","2","48349","2","moo-deng|moo-deng-2","MOO DENG|Moo Deng","[{""id"":""moo-deng"",""symbol"":""moodeng"",""name"":""Moo Deng"",""platforms"":{""solana"":""ED5nyyWEzpPPiWimP8vYm7sD7TD3LAt3Q3gRTWHzPJBY""}},{""id"":""moo-deng-2"",""symbol"":""moodeng"",""name"":""MOO DENG"",""platforms"":{""ethereum"":""0x28561b8a2360f463011c16b6cc0b0cbef8dbbcad""}}]","c3cc49a8f9ef356f7507e43b72339b192124f2fc8dc0f8b17d2cccda5737d4f4","ambiguous_current_candidates","False"
"MOON","MOON","2","4753","15","black-unicorn-corp|honeymoon-token|just-mooncoin|lightspeed-to-the-moon|millionaire-out-of-nowhere|moon|moon-2|moon-3|moon-4|moonbase-2|moon-bay-2|mooncoin-4|moonflow|moon-inu|moon-moon","Black Unicorn Corp.|HoneyMOON|just mooncoin|Lightspeed to the Moon!|Millionaire Out Of Nowhere|Moon|Moon|MOON|Moon Bay|MOON INU|Moon Moon|MoonBase|MOONCOIN|Moonflow [OLD]|r/CryptoCurrency Moons","[{""id"":""black-unicorn-corp"",""symbol"":""moon"",""name"":""Black Unicorn Corp."",""platforms"":{""ethereum"":""0xb6c0189080a6441caf056b856dd4d795b909c460""}},{""id"":""honeymoon-token"",""symbol"":""moon"",""name"":""HoneyMOON"",""platforms"":{""binance-smart-chain"":""0xe8c93310af068aa50bd7bf0ebfa459df2a02ceba""}},{""id"":""just-mooncoin"",""symbol"":""moon"",""name"":""just mooncoin"",""platforms"":{""solana"":""EtKq5MVm8vFFVAYHX9Y7rYMQu2aWfXDxt7eEnZDjpBvm""}},{""id"":""lightspeed-to-the-moon"",""symbol"":""moon"",""name"":""Lightspeed to the Moon!"",""platforms"":{""base"":""0x3ad8539cf0e010c77d276fb197061ac613511cae""}},{""id"":""millionaire-out-of-nowhere"",""symbol"":""moon"",""name"":""Millionaire Out Of Nowhere"",""platforms"":{""solana"":""5nDSCvBxXY7hEsAbpjJr51WaLDDKgmFjNWAc6wD2pump""}},{""id"":""moon"",""symbol"":""moon"",""name"":""r/CryptoCurrency Moons"",""platforms"":{""arbitrum-nova"":""0x0057ac2d777797d31cd3f8f13bf5e927571d6ad0"",""arbitrum-one"":""0x24404dc041d74cd03cfe28855f555559390c931b"",""ethereum"":""0xb2490e357980ce57bf5745e181e537a64eb367b1""}},{""id"":""moon-2"",""symbol"":""moon"",""name"":""MOON"",""platforms"":{""solana"":""3ZvUPAegNgfWnTRfAhhkZkn4jn3XERxvSW3uQetmpump""}},{""id"":""moon-3"",""symbol"":""moon"",""name"":""Moon"",""platforms"":{""base"":""0xd2699f9fddc04d262a819808f561c153098c2408""}},{""id"":""moon-4"",""symbol"":""moon"",""name"":""Moon"",""platforms"":{""binance-smart-chain"":""0x1eb55169c045dd91ac47a0c3af2fb1df93064444""}},{""id"":""moonbase-2"",""symbol"":""moon"",""name"":""MoonBase"",""platforms"":{""base"":""0xef0b2ccb53a683fa48799245f376d6a60929f003""}},{""id"":""moon-bay-2"",""symbol"":""moon"",""name"":""Moon Bay"",""platforms"":{""sonic"":""0x486b6fa0419b33a0c7a6e4698c231d7e2f2d5299""}},{""id"":""mooncoin-4"",""symbol"":""moon"",""name"":""MOONCOIN"",""platforms"":{""solana"":""8vVHBmASTSFAYEFNQg3qxQQJQ5vBoAVRWYsdgEahpump""}},{""id"":""moonflow"",""symbol"":""moon"",""name"":""Moonflow [OLD]"",""platforms"":{""abstract"":""0xe54e4e6ddf225dbc05ef15cc9aa78f34a16d5b60"",""cronos"":""0x46e2b5423f6ff46a8a35861ec9daff26af77ab9a"",""cronos-zkevm"":""0xc80b437c4c0f9c74cfb2e2d063a58ffb4f82d4f0"",""polygon-pos"":""0x7aefff599570dec2f3dbbc2ace3cb1f8206749eb""}},{""id"":""moon-inu"",""symbol"":""moon"",""name"":""MOON INU"",""platforms"":{""base"":""0xfd008f937b4d73eeb00cf74ce90c392be5f07f96""}},{""id"":""moon-moon"",""symbol"":""moon"",""name"":""Moon Moon"",""platforms"":{""solana"":""99YFbXS6iA7s1qkRDTMBXEywtLNmrRtHtGKvNxpKWcdT""}}]","ba42db7fce29ce57a5afde359dbb1763e9da10fbcfab6ef2315599572666e1ac","ambiguous_current_candidates","False"
"MORPHO","MORPHO","2","48815","2","morpho|morpho-2","Legacy Morpho|Morpho","[{""id"":""morpho"",""symbol"":""morpho"",""name"":""Morpho"",""platforms"":{""arbitrum-one"":""0x40bd670a58238e6e230c430bbb5ce6ec0d40df48"",""base"":""0xbaa5cc21fd487b8fcc2f632f3f4e8d37262a0842"",""ethereum"":""0x58d97b57bb95320f9a05dc918aef65434969c2b2"",""katana"":""0x1e5efca3d0db2c6d5c67a4491845c43253eb9e4e""}},{""id"":""morpho-2"",""symbol"":""morpho"",""name"":""Legacy Morpho"",""platforms"":{""ethereum"":""0x9994e35db50125e0df82e4c2dde62496ce330999""}}]","d28b5b069bb0e9477473cab2c7c941436f9f7d299cd38f11bc4e8cecdd66b365","ambiguous_current_candidates","False"
"MOVE","MOVE","2","18401","2","moveapp|movement","MoveApp|Movement","[{""id"":""moveapp"",""symbol"":""move"",""name"":""MoveApp"",""platforms"":{""binance-smart-chain"":""0x95ca12cd249d27008a482009e101a8501cf3a64f""}},{""id"":""movement"",""symbol"":""move"",""name"":""Movement"",""platforms"":{""base"":""0x3073f7aaa4db83f95e9fff17424f71d4751a3073"",""ethereum"":""0x3073f7aaa4db83f95e9fff17424f71d4751a3073"",""hyperevm"":""0x3073f7aaa4db83f95e9fff17424f71d4751a3073"",""hyperliquid"":""0xedfb8d993ee8cb935338601d8673dfcf"",""movement"":""0xa""}}]","214adc017b6233f788d6ef848a2a90b981b78f373e60f3e4107283448d1620da","ambiguous_current_candidates","False"
"MOVR","MOVR","2","6075","1","moonriver","Moonriver","[{""id"":""moonriver"",""symbol"":""movr"",""name"":""Moonriver"",""platforms"":{""base"":""0x43feb74608334dda8c1a6500d185cfc3ea962b83"",""meter"":""0xb158870beb809ad955bf56065c5c10d7fd957cc0"",""moonriver"":""0x98878b06940ae243284ca214f92bb71a2b032b8a""}}]","78c0689c721956412df6de81c9017124684cff1229d177b12ff5326b186e691e","single_current_candidate_review_required","False"
"MSOL","MSOL","2","6023","1","msol","Marinade Staked SOL","[{""id"":""msol"",""symbol"":""msol"",""name"":""Marinade Staked SOL"",""platforms"":{""solana"":""mSoLzYCxHdYgdzU16g5QSh3i5K3z3KZK7ytfqcJm7So""}}]","fc5f3c0ebdd07eed85f4373fe17fe9294624efe1727524eea84792c84b72f5b7","single_current_candidate_review_required","False"
"MUBARAK","MUBARAK","2","5821","2","mubarak|mubarak-sol","Mubarak|Mubarak Sol","[{""id"":""mubarak"",""symbol"":""mubarak"",""name"":""Mubarak"",""platforms"":{""binance-smart-chain"":""0x5c85d6c6825ab4032337f11ee92a72df936b46f6""}},{""id"":""mubarak-sol"",""symbol"":""mubarak"",""name"":""Mubarak Sol"",""platforms"":{""solana"":""3T5gKSRQy6ZbUJwGEhDL6yg73nTaLVax6TagkcTDpump""}}]","4d4c51f547005a4d9bdce546baed79b3f8bae30991f29f663ad6463bd170bacc","ambiguous_current_candidates","False"
"MULTI","MULTI","2","11064","2","multichain|multichain-bsc","Multichain|Multichain (BSC)","[{""id"":""multichain"",""symbol"":""multi"",""name"":""Multichain"",""platforms"":{""arbitrum-one"":""0x9fb9a33956351cf4fa040f65a13b835a3c8764e3"",""avalanche"":""0x9fb9a33956351cf4fa040f65a13b835a3c8764e3"",""ethereum"":""0x65ef703f5594d2573eb71aaf55bc0cb548492df4"",""moonriver"":""0x9fb9a33956351cf4fa040f65a13b835a3c8764e3"",""polygon-pos"":""0x9fb9a33956351cf4fa040f65a13b835a3c8764e3""}},{""id"":""multichain-bsc"",""symbol"":""multi"",""name"":""Multichain (BSC)"",""platforms"":{""binance-smart-chain"":""0x9fb9a33956351cf4fa040f65a13b835a3c8764e3""}}]","2e65846fd6bb93da8de6fe72e74b6b6eda90f982b81817eb67572982e131c8e9","ambiguous_current_candidates","False"
"MV","MV","2","5142","1","gensokishis-metaverse","GensoKishi Metaverse","[{""id"":""gensokishis-metaverse"",""symbol"":""mv"",""name"":""GensoKishi Metaverse"",""platforms"":{""ethereum"":""0xae788f80f2756a86aa2f410c651f2af83639b95b"",""polygon-pos"":""0xa3c322ad15218fbfaed26ba7f616249f7705d945""}}]","a8aa2612f293df1a86fb565abda749a9c5252481f93b75fe2ca96c0f765aa74f","single_current_candidate_review_required","False"
"MXC","MXC","2","28005","1","mxc","MXC","[{""id"":""mxc"",""symbol"":""mxc"",""name"":""MXC"",""platforms"":{""arbitrum-one"":""0xaedf7656fbb47c5b97dd529ac1d0e807e051f2dd""}}]","79873d1aa1e35f509d5080011519d4c04d464c79ce2ca753aa184e01f5a68cc8","single_current_candidate_review_required","False"
"NANO","NANO","2","21706","1","nanopay","nanopay","[{""id"":""nanopay"",""symbol"":""nano"",""name"":""nanopay"",""platforms"":{""base"":""0x1a5f7931e5d450c666fd8706300b984fc4aeaba3""}}]","33fa1c63933e959a0e54bf5ede117e288e87dbb5b19be62a004958832611185a","single_current_candidate_review_required","False"
"NEAR","NEAR","2","51947","3","binance-peg-near-protocol|near|rainbow-bridged-near-ethereum","Binance-Peg NEAR Protocol|NEAR Protocol|Rainbow Bridged Near (Ethereum)","[{""id"":""binance-peg-near-protocol"",""symbol"":""near"",""name"":""Binance-Peg NEAR Protocol"",""platforms"":{""binance-smart-chain"":""0x1fa4a73a3f0133f0025378af00236f3abdee5d63""}},{""id"":""near"",""symbol"":""near"",""name"":""NEAR Protocol"",""platforms"":{}},{""id"":""rainbow-bridged-near-ethereum"",""symbol"":""near"",""name"":""Rainbow Bridged Near (Ethereum)"",""platforms"":{""ethereum"":""0x85f17cf997934a597031b2e18a9ab6ebd4b9f6a4""}}]","ff2638a02d781e70da0b4f5197ef3b18926da0458ab0e4076aa0bc84b26d9872","ambiguous_current_candidates","False"
"NEIRO","NEIRO","2","19338","5","neiro|neiro-2|neiro-3|neiro-4|neiro-on-tron","Neiro|Neiro|Neiro|Neiro|Neiro on Tron","[{""id"":""neiro"",""symbol"":""neiro"",""name"":""Neiro"",""platforms"":{""solana"":""CTJf74cTo3cw8acFP1YXF3QpsQUUBGBjh2k2e8xsZ6UL""}},{""id"":""neiro-2"",""symbol"":""neiro"",""name"":""Neiro"",""platforms"":{""solana"":""CTg3ZgYx79zrE1MteDVkmkcGniiFrK1hJ6yiabropump""}},{""id"":""neiro-3"",""symbol"":""neiro"",""name"":""Neiro"",""platforms"":{""base"":""0x5ca35ebc4f25b042d2cae75914c7e882e631fa9a"",""binance-smart-chain"":""0x94162acc63812d53ac2bcf1f4aef65863273e63b"",""ethereum"":""0x812ba41e071c7b7fa4ebcfb62df5f45f6fa853ee"",""hyperevm"":""0x226702c0ca528c29eb9252b773c4f06492510f4c""}},{""id"":""neiro-4"",""symbol"":""neiro"",""name"":""Neiro"",""platforms"":{""ethereum"":""0xa6180029845469e89c507fe3eafedfa242687822""}},{""id"":""neiro-on-tron"",""symbol"":""neiro"",""name"":""Neiro on Tron"",""platforms"":{""tron"":""TCGPc27oyS2x7S5pex7ssyZxZ2edPWonk2""}}]","d40fdb35c73cb5c5aed8d8d4f46926c4a6a88e340c37291542e59180b02a4aa3","ambiguous_current_candidates","False"
"NIL","NIL","2","5226","1","nillion","Nillion","[{""id"":""nillion"",""symbol"":""nil"",""name"":""Nillion"",""platforms"":{""ethereum"":""0x7cf9a80db3b29ee8efe3710aadb7b95270572d47""}}]","78ab979ef584306455dcafa244277c3289a63d42833f323ca0d352789f2fb5d9","single_current_candidate_review_required","False"
"NMR","NMR","2","5905","1","numeraire","Numeraire","[{""id"":""numeraire"",""symbol"":""nmr"",""name"":""Numeraire"",""platforms"":{""energi"":""0xd72922e849477a042a7e6dc84309f4bc1c1227a2"",""ethereum"":""0x1776e1f26f98b1a5df9cd347953a26dd3cb46671""}}]","5f65b0a94d4284b48d18680552ba87062fd08c6a3b40177eaeb875334f0d1620","single_current_candidate_review_required","False"
"NODL","NODL","2","2564","1","nodle-network","Nodle Network","[{""id"":""nodle-network"",""symbol"":""nodl"",""name"":""Nodle Network"",""platforms"":{""ethereum"":""0x6dd0e17ec6fe56c5f58a0fe2bb813b9b5cc25990"",""zksync"":""0xbd4372e44c5ee654dd838304006e1f0f69983154""}}]","e6f704d11d0a1ea24254bf20e68107aa8308b32ba0dd68b06356f5783269896e","single_current_candidate_review_required","False"
"NOS","NOS","2","17192","1","nosana","Nosana","[{""id"":""nosana"",""symbol"":""nos"",""name"":""Nosana"",""platforms"":{""solana"":""nosXBVoaCTtYdLvKY6Csb4AC8JCdQKKAaWYtx2ZMoo7""}}]","aee3285eaecd45f1c45cfffeac6825d3039b46cc496804931542717d15779b85","single_current_candidate_review_required","False"
"NOT","NOT","2","7442","2","notcoin|nothing-3","Notcoin|Nothing","[{""id"":""notcoin"",""symbol"":""not"",""name"":""Notcoin"",""platforms"":{""the-open-network"":""EQAvlWFDxGF2lXm67y4yzC17wYKD9A0guwPkMs1gOsM__NOT""}},{""id"":""nothing-3"",""symbol"":""not"",""name"":""Nothing"",""platforms"":{""stacks"":""SP32AEEF6WW5Y0NMJ1S8SBSZDAY8R5J32NBZFPKKZ.nope""}}]","c6591f149b434d54283a32956b8922a826677bf5cbf177d214e52e952e01926b","ambiguous_current_candidates","False"
"NPC","NPC","2","1488","4","non-playable-character|non-playable-coin|npc|npc-2","NON PLAYABLE CHARACTER|Non-Playable Coin|NPC|NPC","[{""id"":""non-playable-character"",""symbol"":""npc"",""name"":""NON PLAYABLE CHARACTER"",""platforms"":{""solana"":""8xEs3GSw4eMjNf7RRDq2jZFT5iMADjytbBb97cFnyCSE""}},{""id"":""non-playable-coin"",""symbol"":""npc"",""name"":""Non-Playable Coin"",""platforms"":{""base"":""0xb166e8b140d35d9d8226e40c09f757bac5a4d87d"",""binance-smart-chain"":""0xfebfa339e44c28e2aa9e62ea1027c9cb4e378605"",""ethereum"":""0x8ed97a637a790be1feff5e888d43629dc05408f6"",""robinhood"":""0x241f3caad03db31137f641bef005a32176530024"",""solana"":""BeGY8KqKxboEwRbJd1q9H2K829jS4Rc5dEyNMYXCbV5p""}},{""id"":""npc"",""symbol"":""npc"",""name"":""NPC"",""platforms"":{""solana"":""Eq39Q9bwTx1YHY5pkHLVeahVA6JYZmmMJ71rPjQek3Hb""}},{""id"":""npc-2"",""symbol"":""npc"",""name"":""NPC"",""platforms"":{""solana"":""GdKWebBBvM78HNYGxoZLgsXHqZKAELEZk3ka9i32pump""}}]","7e6465a19f51c6deac43e63ba278080fa758b6516dcee7d8b96aab9a472ee461","ambiguous_current_candidates","False"
"NTRN","NTRN","2","5811","1","neutron-3","Neutron","[{""id"":""neutron-3"",""symbol"":""ntrn"",""name"":""Neutron"",""platforms"":{""osmosis"":""ibc/126DA09104B71B164883842B769C0E9EC1486C0887D27A9999E395C2C8FB5682""}}]","7fd8027391c62af9f41c4ab7dc7eb210fd61e17b835008068766db7453ec5651","single_current_candidate_review_required","False"
"NYM","NYM","2","4858","1","nym","Nym","[{""id"":""nym"",""symbol"":""nym"",""name"":""Nym"",""platforms"":{""ethereum"":""0x525a8f6f3ba4752868cde25164382bfbae3990e1"",""osmosis"":""ibc/37CB3078432510EE57B9AFA8DBE028B33AE3280A144826FEAC5F2334CF2C5539""}}]","aff0782879a44eef7d6009df9c09577bb1c06b3fc3fc047b6a8282c3f6400b2c","single_current_candidate_review_required","False"
"OCEAN","OCEAN","2","20055","2","ocean-2|ocean-protocol","OCEAN|Ocean Protocol","[{""id"":""ocean-2"",""symbol"":""ocean"",""name"":""OCEAN"",""platforms"":{""binance-smart-chain"":""0xb81139f4539bc3d726fa0b675024d319af676666""}},{""id"":""ocean-protocol"",""symbol"":""ocean"",""name"":""Ocean Protocol"",""platforms"":{""energi"":""0x99a17fb61fbdc4e42f6b0f496fe92ba820ce5d2b"",""ethereum"":""0x967da4048cd07ab37855c090aaf366e4ce1b9f48"",""optimistic-ethereum"":""0x2561aa2bb1d2eb6629edd7b0938d7679b8b49f9e"",""polygon-pos"":""0x282d8efce846a88b159800bd4130ad77443fa1a1"",""sora"":""0x002ca40397c794e25dba18cf807910eeb69eb8e81b3f07bb54f7c5d1d8ab76b9""}}]","ecc7d069cd3552099197e4c06817946243dc95d7cc31c7291a51c80a23ebae7c","ambiguous_current_candidates","False"
"ODOS","ODOS","2","5300","1","odos","Odos","[{""id"":""odos"",""symbol"":""odos"",""name"":""Odos"",""platforms"":{""base"":""0xca73ed1815e5915489570014e024b7ebe65de679""}}]","c0c221851ffc1640284152f2183bc0a005f697efd7f1a31fb036e7b48738d17c","single_current_candidate_review_required","False"
"OGN","OGN","2","14622","1","origin-protocol","Origin Token","[{""id"":""origin-protocol"",""symbol"":""ogn"",""name"":""Origin Token"",""platforms"":{""base"":""0x7002458b1df59eccb57387bc79ffc7c29e22e6f7"",""ethereum"":""0x8207c1ffc5b6804f6024322ccf34f29c3541ae26"",""sonic"":""0x61647882acf21792e577a963d320d51e2c8f6194""}}]","220a425be902f2871cc379cf7222461246d453f65ef35357118f11272cd90733","single_current_candidate_review_required","False"
"OM","OM","2","48261","0","","","[]","4f53cda18c2baa0c0354bb5f9a3ecbe5ed12ab4d8e11ba873c2f11161202b945","no_current_candidate","False"
"OMG","OMG","2","11829","2","oh-my-god|omisego","OH MY GOD|OMG Network","[{""id"":""oh-my-god"",""symbol"":""omg"",""name"":""OH MY GOD"",""platforms"":{""solana"":""Fa7mkzDfzkgU2iQrwzpAvrpQoLFnMM85qnZCdaK4agQR""}},{""id"":""omisego"",""symbol"":""omg"",""name"":""OMG Network"",""platforms"":{""boba"":""0xe1e2ec9a85c607092668789581251115bcbd20de"",""ethereum"":""0xd26114cd6ee289accf82350c8d8487fedb8a0c07""}}]","2673b6b6ed554c907de030332f8fbc6dae6f2dcd738e768943bb8e37fd95116e","ambiguous_current_candidates","False"
"OMNI","OMNI","2","497","6","omni-2|omnicat|omni-exchange-token|omni-launch|omni-network|omnis-genesis-by-virtuals","Omni|Omni Exchange Token|Omni Launch|Omni Network [Old]|OmniCat|Omnis Genesis by Virtuals","[{""id"":""omni-2"",""symbol"":""omni"",""name"":""Omni"",""platforms"":{""solana"":""A8vJzs6ygbZQyYLf9FKund8j3pDfUzxBeje8rJiypump""}},{""id"":""omnicat"",""symbol"":""omni"",""name"":""OmniCat"",""platforms"":{""arbitrum-one"":""0x9e20461bc2c4c980f62f1b279d71734207a6a356"",""base"":""0xc48e605c7b722a57277e087a6170b9e227e5ac0a"",""binance-smart-chain"":""0x9e20461bc2c4c980f62f1b279d71734207a6a356"",""blast"":""0x9e20461bc2c4c980f62f1b279d71734207a6a356"",""canto"":""0x9e20461bc2c4c980f62f1b279d71734207a6a356"",""ethereum"":""0x9e20461bc2c4c980f62f1b279d71734207a6a356"",""polygon-pos"":""0x9e20461bc2c4c980f62f1b279d71734207a6a356"",""solana"":""7mmXL6Et4SbpDs2iXoZQ3oPEeXeAiyETxh1QjDNi5qnV""}},{""id"":""omni-exchange-token"",""symbol"":""omni"",""name"":""Omni Exchange Token"",""platforms"":{""base"":""0xf7178122a087ef8f5c7bea362b7dabe38f20bf05""}},{""id"":""omni-launch"",""symbol"":""omni"",""name"":""Omni Launch"",""platforms"":{""solana"":""CgZTsf3rNnXsy3YkXmRr988p1Lrv9FpqBpLPWrAbmoon""}},{""id"":""omni-network"",""symbol"":""omni"",""name"":""Omni Network [Old]"",""platforms"":{}},{""id"":""omnis-genesis-by-virtuals"",""symbol"":""omni"",""name"":""Omnis Genesis by Virtuals"",""platforms"":{""base"":""0xb58f9704c7a80d2775222f7cb2eed28beb9a06be""}}]","9f857ca00d99e672e942147ae773adbbb98788747e50fb2514cfd053386e28ea","ambiguous_current_candidates","False"
"ONDO","ONDO","2","91869","1","ondo-finance","Ondo","[{""id"":""ondo-finance"",""symbol"":""ondo"",""name"":""Ondo"",""platforms"":{""ethereum"":""0xfaba6f8e4a5e8ab82f62fe7c39859fa577269be3""}}]","f9e65784179f0807dc86d8fe1ffa4eedc1c4b633294eec83e79eb80cb86e5383","single_current_candidate_review_required","False"
"OP","OP","2","24692","2","one-path|optimism","One Path|Optimism","[{""id"":""one-path"",""symbol"":""op"",""name"":""One Path"",""platforms"":{""base"":""0x5b8a884496792f754db6f92f6eacceb376ed8e40""}},{""id"":""optimism"",""symbol"":""op"",""name"":""Optimism"",""platforms"":{""optimistic-ethereum"":""0x4200000000000000000000000000000000000042""}}]","08470fe2b5b9246edac226fd5de86e7a568c6d10edea0c393db4a2c653d33b9b","ambiguous_current_candidates","False"
"ORCA","ORCA","2","17571","1","orca","Orca","[{""id"":""orca"",""symbol"":""orca"",""name"":""Orca"",""platforms"":{""solana"":""orcaEKTdK7LKz57vaAYr9QeNsVEPfiu6QeMU1kektZE""}}]","fed71871d285c4a986aca026aa3979213fd67c98f280910eb9275fbdd0dff06e","single_current_candidate_review_required","False"
"ORDER","ORDER","2","529","2","order-3|orderly-network","ORDER|Orderly","[{""id"":""order-3"",""symbol"":""order"",""name"":""ORDER"",""platforms"":{""ethereum"":""0x551e5d59e4c061984fdcc292b03a20c4741bbbdf""}},{""id"":""orderly-network"",""symbol"":""order"",""name"":""Orderly"",""platforms"":{""abstract"":""0x9a4c8cd493cf0bf8e14bda5890e3f03a1cded719"",""arbitrum-one"":""0x4e200fe2f3efb977d5fd9c430a41531fb04d97b8"",""avalanche"":""0x4e200fe2f3efb977d5fd9c430a41531fb04d97b8"",""base"":""0x4e200fe2f3efb977d5fd9c430a41531fb04d97b8"",""binance-smart-chain"":""0x4e200fe2f3efb977d5fd9c430a41531fb04d97b8"",""ethereum"":""0xabd4c63d2616a5201454168269031355f4764337"",""optimistic-ethereum"":""0x4e200fe2f3efb977d5fd9c430a41531fb04d97b8"",""polygon-pos"":""0x4e200fe2f3efb977d5fd9c430a41531fb04d97b8"",""solana"":""ABt79MkRXUsoHuV2CVQT32YMXQhTparKFjmidQxgiQ6E""}}]","deb9d153aca54ec464d6d440fe6d32966b77e77383980cd3972d8543284ca27b","ambiguous_current_candidates","False"
"OSMO","OSMO","2","7506","1","osmosis","Osmosis","[{""id"":""osmosis"",""symbol"":""osmo"",""name"":""Osmosis"",""platforms"":{""cosmos"":""ibc/14F9BC3E44B8A9C1BE1FB08980FAB87034C9905EF17CF2F5008FC085218811CC"",""evmos"":""0xfa3c22c069b9556a4b2f7ece1ee3b467909f4864"",""osmosis"":""uosmo"",""secret"":""secret150jec8mc2hzyyqak4umv6cfevelr0x9p0mjxgg""}}]","b5b41519d57010cae66a636a65edab27f210e81aaf688f2b4d76a248a3506400","single_current_candidate_review_required","False"
"OXT","OXT","2","7439","1","orchid-protocol","Orchid Protocol","[{""id"":""orchid-protocol"",""symbol"":""oxt"",""name"":""Orchid Protocol"",""platforms"":{""ethereum"":""0x4575f41308ec1483f3d399aa9a2826d74da13deb""}}]","22e3d4e2b3d3cc324aba87a24e55fdeee1aa6feb40233b3405862094dea90cb6","single_current_candidate_review_required","False"
"OXY","OXY","2","2710","1","oxygen","Oxygen (Solana)","[{""id"":""oxygen"",""symbol"":""oxy"",""name"":""Oxygen (Solana)"",""platforms"":{""solana"":""z3dn17yLaGMKffVogeFHQ9zWVcXgqgf3PQnDsNs2g6M""}}]","56cd371ecf11c994842c9cfe1426e33e7bb4046ba6145193040c0f42a23f332e","single_current_candidate_review_required","False"
"PAXG","PAXG","4","61050","1","pax-gold","PAX Gold","[{""id"":""pax-gold"",""symbol"":""paxg"",""name"":""PAX Gold"",""platforms"":{""ethereum"":""0x45804880de22913dafe09f4980848ece6ecbaf78""}}]","b260961cb40d6795db9c5e33fb41d80c8e0d08daf7c501cf4f7e1384915ee4a8","single_current_candidate_review_required","False"
"PDA","PDA","2","9881","1","playdapp","PlayDapp","[{""id"":""playdapp"",""symbol"":""pda"",""name"":""PlayDapp"",""platforms"":{""ethereum"":""0x0d3cbed3f69ee050668adf3d9ea57241cba33a2b""}}]","328075dd027fc9288584f20863ba7f4bea4bb4a53f7d1715f02f816fad5c5388","single_current_candidate_review_required","False"
"PENDLE","PENDLE","2","19759","1","pendle","Pendle","[{""id"":""pendle"",""symbol"":""pendle"",""name"":""Pendle"",""platforms"":{""arbitrum-one"":""0x0c880f6761f1af8d9aa9c466984b80dab9a8c9e8"",""base"":""0xa99f6e6785da0f5d6fb42495fe424bce029eeb3e"",""berachain"":""0xff9c599d51c407a45d631c6e89cb047efb88aef6"",""binance-smart-chain"":""0xb3ed0a426155b79b898849803e3b36552f7ed507"",""ethereum"":""0x808507121b80c02388fad14726482e061b8da827"",""hyperevm"":""0xd6eb81136884713e843936843e286fd2a85a205a"",""monad"":""0x5e49e1f85813f2b65858860a3fa231b4186f2e0e"",""optimistic-ethereum"":""0xbc7b1ff1c6989f006a1185318ed4e7b5796e66e1"",""sonic"":""0xf1ef7d2d4c0c881cd634481e0586ed5d2871a74b""}}]","25ac53d91536ba6ee56ae9c0b3632b3a533cf83e28bf5c4b27a02f9f5c48be6d","single_current_candidate_review_required","False"
"PENGU","PENGU","4","99436","1","pudgy-penguins","Pudgy Penguins","[{""id"":""pudgy-penguins"",""symbol"":""pengu"",""name"":""Pudgy Penguins"",""platforms"":{""abstract"":""0x9ebe3a824ca958e4b3da772d2065518f009cba62"",""binance-smart-chain"":""0x6418c0dd099a9fda397c766304cdd918233e8847"",""ethereum"":""0x6418c0dd099a9fda397c766304cdd918233e8847"",""hyperevm"":""0xfa44c2634ff17cbe26dc3007d36bd61c79068c14"",""hyperliquid"":""0x1765b5a9ec8fc3cdbc209c63cac68e86"",""solana"":""2zMMhcVQEXDtdE6vsFS7S7D5oUodfJHE8vd1gnBouauv""}}]","644ae3b95f51230a2b3f5d76f1b556f376211b6cca316a0940566b9df949eb35","single_current_candidate_review_required","False"
"PEPE","PEPE","5","154492","21","baby-pepe-5|based-pepe|el-sapo-pepe|next-gen-pepe|pepe|pepe-0x69-on-base|pepe-2|pepebrc|pepecoin-on-sol|pepecoin-on-solana|pepe-cto|pepe-gold|pepe-in-hood|pepe-king-prawn|pepe-on-solana|pepesol|pepe-sol|pepe-solana|pepe-token|pepewifhood|the-chosen-frog","BABY PEPE|Based Pepe|El Sapo Pepe|Next Gen PEPE|Pepe|PEPE (Ordinals)|Pepe (Solana)|PEPE 0x69 ON BASE|Pepe Community|Pepe CTO|PEPE GOLD|Pepe in Hood|Pepe King Prawn|Pepe on SOL|Pepe on Solana|PEPECOIN on SOL|PepeCoin on Solana|PepeSol|PepeWifHood|THE CHOSEN FROG|The Original Pepe","[{""id"":""baby-pepe-5"",""symbol"":""pepe"",""name"":""BABY PEPE"",""platforms"":{""solana"":""Ey2zpSAJ5gVLfYDD5WjccbksJD3E9jPFMPaJ8wxvpump""}},{""id"":""based-pepe"",""symbol"":""pepe"",""name"":""Based Pepe"",""platforms"":{""base"":""0x52b492a33e447cdb854c7fc19f1e57e8bfa1777d""}},{""id"":""el-sapo-pepe"",""symbol"":""pepe"",""name"":""El Sapo Pepe"",""platforms"":{""ethereum"":""0x69e15ab0fd240de689d09e4851181a6667968008""}},{""id"":""next-gen-pepe"",""symbol"":""pepe"",""name"":""Next Gen PEPE"",""platforms"":{""solana"":""2Zaq3WyDJj2ZkMcuqUiTBfAXCjqZtqihxcwUdwv9dyHA""}},{""id"":""pepe"",""symbol"":""pepe"",""name"":""Pepe"",""platforms"":{""arbitrum-one"":""0x25d887ce7a35172c62febfd67a1856f20faebb00"",""avalanche"":""0xa659d083b677d6bffe1cb704e1473b896727be6d"",""binance-smart-chain"":""0x25d887ce7a35172c62febfd67a1856f20faebb00"",""ethereum"":""0x6982508145454ce325ddbe47a25d4ec3d2311933""}},{""id"":""pepe-0x69-on-base"",""symbol"":""pepe"",""name"":""PEPE 0x69 ON BASE"",""platforms"":{""base"":""0x698dc45e4f10966f6d1d98e3bfd7071d8144c233""}},{""id"":""pepe-2"",""symbol"":""pepe"",""name"":""The Original Pepe"",""platforms"":{""ethereum"":""0x4dfae3690b93c47470b03036a17b23c1be05127c""}},{""id"":""pepebrc"",""symbol"":""pepe"",""name"":""PEPE (Ordinals)"",""platforms"":{""ordinals"":""54d5fe82f5d284363fec6ae6137d0e5263e237caf15211078252c0d95af8943ai0""}},{""id"":""pepecoin-on-sol"",""symbol"":""pepe"",""name"":""PEPECOIN on SOL"",""platforms"":{""solana"":""3tS6fbLh2P8tzxXuqCiHZpZhsxJpmrR3Xb9psmypnp69""}},{""id"":""pepecoin-on-solana"",""symbol"":""pepe"",""name"":""PepeCoin on Solana"",""platforms"":{""solana"":""8jzRznet3cR3Y1KhciwUxKEqPku3BLcfiJLpVjMU3NF7""}},{""id"":""pepe-cto"",""symbol"":""pepe"",""name"":""Pepe CTO"",""platforms"":{""solana"":""DHsPzhYsz9219sQDj6vYtQMBBHeuyXAM1RA4mjv2V9AT""}},{""id"":""pepe-gold"",""symbol"":""pepe"",""name"":""PEPE GOLD"",""platforms"":{""solana"":""846XGqAnEhKFwc3QL2e5PQhSRvEbn9KspuxJ3nhY92kh""}},{""id"":""pepe-in-hood"",""symbol"":""pepe"",""name"":""Pepe in Hood"",""platforms"":{""robinhood"":""0xcdcabf520be369123c36796f9e53680c657f08f0""}},{""id"":""pepe-king-prawn"",""symbol"":""pepe"",""name"":""Pepe King Prawn"",""platforms"":{""ethereum"":""0x51a59a02ba906194285e81eb1f98ffa28e7cf4c9""}},{""id"":""pepe-on-solana"",""symbol"":""pepe"",""name"":""Pepe on Solana"",""platforms"":{""solana"":""EdNiGWbkBwmmz7uhtdY3DqKZn1n5m1c61uLVgvXYZWGS""}},{""id"":""pepesol"",""symbol"":""pepe"",""name"":""PepeSol"",""platforms"":{""solana"":""F9CpWoyeBJfoRB8f2pBe2ZNPbPsEE76mWZWme3StsvHK""}},{""id"":""pepe-sol"",""symbol"":""pepe"",""name"":""Pepe on SOL"",""platforms"":{""solana"":""B5WTLaRwaUQpKk7ir1wniNB6m5o8GgMrimhKMYan2R6B""}},{""id"":""pepe-solana"",""symbol"":""pepe"",""name"":""Pepe (Solana)"",""platforms"":{""solana"":""FDqp7ioPenKRzQqseFv84kxDMUT83CX1qZxgDTQDkwT2""}},{""id"":""pepe-token"",""symbol"":""pepe"",""name"":""Pepe Community"",""platforms"":{""arbitrum-one"":""0xef4a1d459d62dfd2ebb9c45b04f90f0a7ba1d56e"",""base"":""0xb5068ad7e4ad8f7fe2fcf5abe2c043ab8866569c"",""ethereum"":""0xbe042e9d09cb588331ff911c2b46fd833a3e5bd6"",""robinhood"":""0x2ea05472e1b7289004e5a1f6d959f6f2f3a6fecb""}},{""id"":""pepewifhood"",""symbol"":""pepe"",""name"":""PepeWifHood"",""platforms"":{""robinhood"":""0xa4bd8def4b887fd1851defe10acdcf7a84437a88""}},{""id"":""the-chosen-frog"",""symbol"":""pepe"",""name"":""THE CHOSEN FROG"",""platforms"":{""robinhood"":""0x9b09c435bc5da088722be47e97989fb1e3ed4eb9""}}]","74f2f1aa7ccccea7f89c36dcfb680b30174eadb027448bbb424ef7d6f11874b2","ambiguous_current_candidates","False"
"PERP","PERP","2","8929","2","perpetual-protocol|perpolator","Perpetual Protocol|Perpolator","[{""id"":""perpetual-protocol"",""symbol"":""perp"",""name"":""Perpetual Protocol"",""platforms"":{""arbitrum-one"":""0x753d224bcf9aafacd81558c32341416df61d3dac"",""binance-smart-chain"":""0x4e7f408be2d4e9d60f49a64b89bb619c84c7c6f5"",""ethereum"":""0xbc396689893d065f41bc2c6ecbee5e0085233447"",""optimistic-ethereum"":""0x9e1028f5f1d5ede59748ffcee5532509976840e0"",""xdai"":""0x7ecf26cd9a36990b8ea477853663092333f59979""}},{""id"":""perpolator"",""symbol"":""perp"",""name"":""Perpolator"",""platforms"":{""solana"":""5UCNsNY2oHDB7i2m8bW7nKJXxRoh5WS4N4xKmUB2pump""}}]","c70ce66de8df70a9a28f2f7e7bcc44f840708ee1e1cd614e68d237e64dc7177a","ambiguous_current_candidates","False"
"PHA","PHA","2","16531","1","pha","PHALA","[{""id"":""pha"",""symbol"":""pha"",""name"":""PHALA"",""platforms"":{""ethereum"":""0x6c5ba91642f10282b576d91922ae6448c9d52f4e"",""sora"":""0x0033271716eec64234a5324506c4558de27b7c23c42f3e3b74801f98bdfeebf7""}}]","8d4332d2d8a113e35b37361f4380e39a1f50876888b7c56de0ccd5447f4dda10","single_current_candidate_review_required","False"
"PLUME","PLUME","2","20636","1","plume","Plume","[{""id"":""plume"",""symbol"":""plume"",""name"":""Plume"",""platforms"":{""binance-smart-chain"":""0x5afadcd1e8e3ca78ee2d37100102f2aec8bc0aa8"",""ethereum"":""0x4c1746a800d224393fe2470c70a35717ed4ea5f1""}}]","f3376ed04a179bcf0d1b8e690b411dd01285d12f34b7c2a4468522dadfe53810","single_current_candidate_review_required","False"
"PNUT","PNUT","2","29284","4","peanut-3|peanut-the-squirrel|pnut|pnut-the-squirrel","Peanut|Peanut the Squirrel|Pnut|Pnut the Squirrel","[{""id"":""peanut-3"",""symbol"":""pnut"",""name"":""Peanut"",""platforms"":{""ethereum"":""0xe69ccaaaea33ebfe5b76e0dd373cd9a1a31fd410""}},{""id"":""peanut-the-squirrel"",""symbol"":""pnut"",""name"":""Peanut the Squirrel"",""platforms"":{""solana"":""2qEHjDLDLbuBgRYvsxhc5D6uDWAivNFZGan56P1tpump""}},{""id"":""pnut"",""symbol"":""pnut"",""name"":""Pnut"",""platforms"":{""solana"":""7jYfnjn3jHWmUhhgfkZ9uUEKroH3Zz1BvF8RmVQHm86D""}},{""id"":""pnut-the-squirrel"",""symbol"":""pnut"",""name"":""Pnut the Squirrel"",""platforms"":{""solana"":""2kkwPP6Y5v4aSteLo2R6uqmx3aQ6Veb1xDcRXHsNbonk""}}]","4a37b474fbc5741b28deffd025108cf555ba0e9d43ba5dff259545100e755929","ambiguous_current_candidates","False"
"POL","POL","2","64097","4","anubis-bridged-pol-anubis|katana-bridged-pol-katana|polygon-ecosystem-token|proof-of-liquidity","Anubis Bridged POL (Anubis)|Katana Bridged POL (Katana)|POL (ex-MATIC)|Proof Of Liquidity","[{""id"":""anubis-bridged-pol-anubis"",""symbol"":""pol"",""name"":""Anubis Bridged POL (Anubis)"",""platforms"":{""anubis"":""0x72cf15f74657bb00dd1d8dd475248dee644f689a""}},{""id"":""katana-bridged-pol-katana"",""symbol"":""pol"",""name"":""Katana Bridged POL (Katana)"",""platforms"":{""katana"":""0xb24e3035d1fcbc0e43cf3143c3fd92e53df2009b""}},{""id"":""polygon-ecosystem-token"",""symbol"":""pol"",""name"":""POL (ex-MATIC)"",""platforms"":{""ethereum"":""0x455e53cbb86018ac2b8092fdcd39d8444affc3f6"",""polygon-pos"":""0x0000000000000000000000000000000000001010""}},{""id"":""proof-of-liquidity"",""symbol"":""pol"",""name"":""Proof Of Liquidity"",""platforms"":{""tron"":""TWcDDx1Q6QEoBrJi9qehtZnD4vcXXuVLer""}}]","32173e7ca0f234ad84c37f93cc5551d35fdfffbe478daf29df99554aa1b9d2b1","ambiguous_current_candidates","False"
"POLIS","POLIS","2","6865","2","polis|star-atlas-dao","Polis|Star Atlas DAO","[{""id"":""polis"",""symbol"":""polis"",""name"":""Polis"",""platforms"":{""binance-smart-chain"":""0xb5bea8a26d587cf665f2d78f077cca3c7f6341bd""}},{""id"":""star-atlas-dao"",""symbol"":""polis"",""name"":""Star Atlas DAO"",""platforms"":{""solana"":""poLisWXnNRwC6oBu1vHiuKQzFjGL4XDSu4g9qjz9qVk""}}]","9c13ed9db8d605370e3d0f16cceb52f5b8a492e5fe7c7b8e78f73a0bab19aea6","ambiguous_current_candidates","False"
"POLS","POLS","2","3740","1","polkastarter","Polkastarter","[{""id"":""polkastarter"",""symbol"":""pols"",""name"":""Polkastarter"",""platforms"":{""base"":""0x02f8464da016de80ab36a7aee21ecfb304cb166d"",""binance-smart-chain"":""0x7e624fa0e1c4abfd309cc15719b7e2580887f570"",""ethereum"":""0x83e6f1e41cdd28eaceb20cb649155049fac3d5aa""}}]","a0df0a3cbdc6f267a1d3033a95b34f756482a9a226e490e9e9c9afab6889863d","single_current_candidate_review_required","False"
"POND","POND","2","3523","1","marlin","Marlin","[{""id"":""marlin"",""symbol"":""pond"",""name"":""Marlin"",""platforms"":{""arbitrum-one"":""0xda0a57b710768ae17941a9fa33f8b720c8bd9ddd"",""ethereum"":""0x57b946008913b82e4df85f501cbaed910e58d26c""}}]","b8a54d2e5c0e8863556192458dc1467d928c25558a1221b9354025bca99335be","single_current_candidate_review_required","False"
"PONKE","PONKE","2","13701","1","ponke","PONKE","[{""id"":""ponke"",""symbol"":""ponke"",""name"":""PONKE"",""platforms"":{""base"":""0x4a0c64af541439898448659aedcec8e8e819fc53"",""solana"":""5z3EqYQo9HiCEs3R84RCDMu2n7anpDMxRhdK8PSWmrRC""}}]","df39e10c55b9419c8d6275a118dd9c253fb58ffdce49413eb802ac722c518b99","single_current_candidate_review_required","False"
"POPCAT","POPCAT","3","83128","1","popcat","Popcat","[{""id"":""popcat"",""symbol"":""popcat"",""name"":""Popcat"",""platforms"":{""solana"":""7GCihgDB8fe6KNjn2MYtkzZcRjQy3t9GHdC8uHYmW2hr""}}]","7a9a7e09b7c73fafbba3ca032117e9de28ebba8823c6b40be96ed88614125287","single_current_candidate_review_required","False"
"PORTAL","PORTAL","2","3414","1","portal-2","Portal","[{""id"":""portal-2"",""symbol"":""portal"",""name"":""Portal"",""platforms"":{""base"":""0x0ffebc403f2d3dd9ea5501ca03916e98967acb2d"",""ethereum"":""0x1bbe973bef3a977fc51cbed703e8ffdefe001fed"",""solana"":""FMQjDvT1GztVxdvYgMBEde4L54fftFGx9m5GmbqeJGM5""}}]","464feab4c5a5ce03f5f3fe23c41b9f40e6a7607315b36946b131330c3686dd68","single_current_candidate_review_required","False"
"POWR","POWR","2","3869","1","power-ledger","Powerledger","[{""id"":""power-ledger"",""symbol"":""powr"",""name"":""Powerledger"",""platforms"":{""energi"":""0xd1bbc2a68b97a8ae4b423bbf534e767ef6275a30"",""ethereum"":""0x595832f8fc6bf59c85c527fec3740a1b7a361269""}}]","393f8d3f484fd37d64e9d0a72a410b4394c2fd8d3206ef170768382df8f9f403","single_current_candidate_review_required","False"
"PRCL","PRCL","2","13510","1","parcl","Parcl","[{""id"":""parcl"",""symbol"":""prcl"",""name"":""Parcl"",""platforms"":{""solana"":""4LLbsb5ReP3yEtYzmXewyGjcir5uXtKFURtaEUVC2AHs""}}]","901cd3a5178aaabc3bf003c703bec5596ac1465560572cc1e7fca50ce3989d89","single_current_candidate_review_required","False"
"PRIME","PRIME","2","44257","3","echelon-prime|hastra-prime|prime-2","DeltaPrime|Echelon Prime|Hastra PRIME","[{""id"":""echelon-prime"",""symbol"":""prime"",""name"":""Echelon Prime"",""platforms"":{""base"":""0xfa980ced6895ac314e7de34ef1bfae90a5add21b"",""ethereum"":""0xb23d80f5fefcddaa212212f028021b41ded428cf""}},{""id"":""hastra-prime"",""symbol"":""prime"",""name"":""Hastra PRIME"",""platforms"":{""ethereum"":""0x19ebb35279a16207ec4ba82799cc64715065f7f6"",""solana"":""3b8X44fLF9ooXaUm3hhSgjpmVs6rZZ3pPoGnGahc3Uu7""}},{""id"":""prime-2"",""symbol"":""prime"",""name"":""DeltaPrime"",""platforms"":{""arbitrum-one"":""0x3de81ce90f5a27c5e6a5adb04b54aba488a6d14e"",""avalanche"":""0x33c8036e99082b0c395374832fecf70c42c7f298""}}]","1a7f481c48e64486459a2c6294c2dfa9454cc5e9e3deb4a81d536058f54741ba","ambiguous_current_candidates","False"
"PROMPT","PROMPT","2","41227","2","promptbidder|wayfinder","PromptBidder|Wayfinder","[{""id"":""promptbidder"",""symbol"":""prompt"",""name"":""PromptBidder"",""platforms"":{""solana"":""9NW7fiBu4uHpLx3rxiMccucyKwADwuptTpb8z2YYj9SH""}},{""id"":""wayfinder"",""symbol"":""prompt"",""name"":""Wayfinder"",""platforms"":{""base"":""0x30c7235866872213f68cb1f08c37cb9eccb93452"",""ethereum"":""0x28d38df637db75533bd3f71426f3410a82041544""}}]","b9dce219ccbbb051d6743d2d79c88c25315c0c12bcb464db751b4116f9e0f403","ambiguous_current_candidates","False"
"PSTAKE","PSTAKE","2","10753","1","pstake-finance","pSTAKE Finance","[{""id"":""pstake-finance"",""symbol"":""pstake"",""name"":""pSTAKE Finance"",""platforms"":{""base"":""0x38815a4455921667d673b4cb3d48f0383ee93400"",""binance-smart-chain"":""0x4c882ec256823ee773b25b414d36f92ef58a7c0c"",""blast"":""0xcbf7b47e9da345812e3bd732e3ee369a7203b5ae"",""ethereum"":""0xfb5c6815ca3ac72ce9f5006869ae67f18bf77006"",""optimistic-ethereum"":""0x023550adde4fa2f90d63a41d9282bee0294c04cd"",""persistence"":""ibc/A6E3AF63B3C906416A9AF7A556C59EA4BD50E617EFFE6299B99700CCB780E444"",""sui"":""0xb66e9e1cd25e8be90091c4f20b42f0472ea22d4244f3bc2241891ed7ad2d80de::celer_pstake_coin::CELER_PSTAKE_COIN""}}]","dddfcb48e7158fa0c248ccb834401df9fdf10d7497282399cf9fa33fc5e4a061","single_current_candidate_review_required","False"
"PUFFER","PUFFER","2","20416","1","puffer-finance","Puffer","[{""id"":""puffer-finance"",""symbol"":""puffer"",""name"":""Puffer"",""platforms"":{""binance-smart-chain"":""0x87d00066cf131ff54b72b134a217d5401e5392b6"",""ethereum"":""0x4d1c297d39c5c1277964d0e3f8aa901493664530""}}]","317268f65c79dcd0388325ad8f371737588de69c8be5c15922852c71ef216368","single_current_candidate_review_required","False"
"PYTH","PYTH","2","30563","1","pyth-network","Pyth Network","[{""id"":""pyth-network"",""symbol"":""pyth"",""name"":""Pyth Network"",""platforms"":{""manta-pacific"":""0x90e95735378a31bfad2dcd87128fbb80ffeb6917"",""neon-evm"":""0x0575dd4afd93b7522fee4e0179f243eca3856137"",""solana"":""HZ1JovNiVvGrGNiiYvEozEVgZ58xaU3RKwX8eACQBCt3""}}]","2f7bd7030bd8956a83e64c2c2087f1391ea64dc18ce0a4dceec5a342cb09dbd9","single_current_candidate_review_required","False"
"PYUSD","PYUSD","2","10675","1","paypal-usd","PayPal USD","[{""id"":""paypal-usd"",""symbol"":""pyusd"",""name"":""PayPal USD"",""platforms"":{""arbitrum-one"":""0x46850ad61c2b7d64d08c9c754f45254596696984"",""ethereum"":""0x6c3ea9036406852006290770bedfcaba0e23a0e8"",""ink"":""0x142cdc44890978b506e745bb3bd11607b7f7faef"",""polygon-pos"":""0x99af3eea856556646c98c8b9b2548fe815240750"",""solana"":""2b1kV6DkPAnxd5ixfnxCpjxmKwqjjaYmCZfHsFu24GXo"",""stellar"":""CCCRWH6Q3FNP3I2I57BDLM5AFAT7O6OF6GKQOC6SSJNDAVRZ57SPHGU2"",""x-layer"":""0x87b4a8176b3df6b71e26cc095edcaf4db07506b4""}}]","bdd89399b95706c922fe69b56b71afa1185470caa2808302ebf78b9dca15cf2b","single_current_candidate_review_required","False"
"QNT","QNT","2","44016","2","quantinuum-inc-robinhood-token|quant-network","Quant|Quantinuum Inc. • Robinhood Token","[{""id"":""quantinuum-inc-robinhood-token"",""symbol"":""qnt"",""name"":""Quantinuum Inc. • Robinhood Token"",""platforms"":{""robinhood"":""0xb7edfe2f33c1ac06830a971dfb559bde8a2a3d76""}},{""id"":""quant-network"",""symbol"":""qnt"",""name"":""Quant"",""platforms"":{""energi"":""0x462b35452e552a66b519ecf70aedb1835d434965"",""ethereum"":""0x4a220e6096b25eadb88358cb44068a3248254675""}}]","9beba9b51fc84ae12f1f235ace03eb066ca4bd884ab21753962ed0b1a4b32a29","ambiguous_current_candidates","False"
"QTUM","QTUM","2","4297","1","qtum","Qtum","[{""id"":""qtum"",""symbol"":""qtum"",""name"":""Qtum"",""platforms"":{}}]","11b74605d45642cf93cd4e174f9f1bc8966f8a2fbbf707c2a1eac237545a16c8","single_current_candidate_review_required","False"
"RAD","RAD","2","7383","1","radicle","Radworks","[{""id"":""radicle"",""symbol"":""rad"",""name"":""Radworks"",""platforms"":{""ethereum"":""0x31c8eacbffdd875c74b94b077895bd78cf1e64a3""}}]","b03e14e1fd7ce4ae9a9f7061a0b1e37316b82650658e61ff53154b2863c677b1","single_current_candidate_review_required","False"
"RARE","RARE","2","28584","2","superrare|superrarebears-rare","SuperRare|SuperRareBears RARE","[{""id"":""superrare"",""symbol"":""rare"",""name"":""SuperRare"",""platforms"":{""ethereum"":""0xba5bde662c17e2adff1075610382b9b691296350""}},{""id"":""superrarebears-rare"",""symbol"":""rare"",""name"":""SuperRareBears RARE"",""platforms"":{""elrond"":""RARE-99e8b0"",""solana"":""HmLspvjpQtQEnArUyJoBSFGS38gNJwBuxAeqSV9SZ66K""}}]","ab66167f53833edee45940b3303d39bde929669106bc6ef9142199dbad15106e","ambiguous_current_candidates","False"
"RARI","RARI","2","7419","1","rarible","RARI","[{""id"":""rarible"",""symbol"":""rari"",""name"":""RARI"",""platforms"":{""base"":""0xc61f9663e05fccd84d4d6c56a373093437ecb899"",""energi"":""0x87ce5dde0595d9306db44dc0baa9703ace18c415"",""ethereum"":""0xfca59cd816ab1ead66534d82bc21e7515ce441cf""}}]","88c2b67a7086a4a139df9b950a1943bbb3df9b22738403ea0c0b62168875e859","single_current_candidate_review_required","False"
"RAY","RAY","2","28275","1","raydium","Raydium","[{""id"":""raydium"",""symbol"":""ray"",""name"":""Raydium"",""platforms"":{""solana"":""4k3Dyjzvzp8eMZWUXbBCjEvwSkkk59S5iCNLY3QrkX6R""}}]","8f0fabf24dea015b84504d3742e856ef198b5d7b18241cbe6107499e2c1c1a93","single_current_candidate_review_required","False"
"RBC","RBC","2","4507","1","rubic","Rubic","[{""id"":""rubic"",""symbol"":""rbc"",""name"":""Rubic"",""platforms"":{""arbitrum-one"":""0x10aaed289a7b1b0155bf4b86c862f297e84465e0"",""ethereum"":""0x3330bfb7332ca23cd071631837dc289b09c33333""}}]","2f8d51e12da0ae81ae626af7a670252965541877ba133dea958a8c1a98d43525","single_current_candidate_review_required","False"
"RED","RED","2","10754","2","redstone-oracles|red-token","RED TOKEN|RedStone","[{""id"":""redstone-oracles"",""symbol"":""red"",""name"":""RedStone"",""platforms"":{""base"":""0x4eb92702ba4cfbf80561bad64d89c706ac824960"",""ethereum"":""0xc43c6bfeda065fe2c4c11765bf838789bd0bb5de""}},{""id"":""red-token"",""symbol"":""red"",""name"":""RED TOKEN"",""platforms"":{""ethereum"":""0xc744df3419a8c9bd4d6b9852a503eb1c5308a326""}}]","98101113a21174d926c5256270cfa52511f53d001f1ad78135d0a31004bf37a3","ambiguous_current_candidates","False"
"REN","REN","2","24822","1","republic-protocol","Ren","[{""id"":""republic-protocol"",""symbol"":""ren"",""name"":""Ren"",""platforms"":{""energi"":""0x83ab721c8b3dd30ad711460f666371366550c5a7"",""ethereum"":""0x408e41876cccdc0f92210600ef50372656052a38"",""harmony-shard-0"":""0x451e129b6045b6e4f48e7247388f21163f7743b7"",""near-protocol"":""408e41876cccdc0f92210600ef50372656052a38.factory.bridge.near"",""sora"":""0x00e8a7823b8207e4cab2e46cd10b54d1be6b82c284037b6ee76afd52c0dceba6""}}]","ef63d864aab15a9221cbcd58738edd70806c12088b15d01ce52b0478554858b9","single_current_candidate_review_required","False"
"RENDER","RENDER","2","70042","1","render-token","Render","[{""id"":""render-token"",""symbol"":""render"",""name"":""Render"",""platforms"":{""ethereum"":""0x6de037ef9ad2725eb40118bb1702ebb27e4aeb24"",""solana"":""rndrizKT3MK1iimdxRdWabcF7Zg7AR5T4nud4EkHBof""}}]","462b86d156661f38f65ff8fa5cd352b4f5a6ebede288b13d0181889d3a6f55b3","single_current_candidate_review_required","False"
"XREP","REP","1","2744","1","augur","Augur [OLD]","[{""id"":""augur"",""symbol"":""rep"",""name"":""Augur [OLD]"",""platforms"":{""energi"":""0x2a2666f62157769d09a64488bbb51bd77036f6ce"",""ethereum"":""0x221657776846890989a759ba2973e427dff5c9bb""}}]","33c703b728626b15a9acfbb552418c7f1b20175e877e45bab562209eb126ec40","single_current_candidate_review_required","False"
"REPV2","REPV2","2","10713","0","","","[]","4f53cda18c2baa0c0354bb5f9a3ecbe5ed12ab4d8e11ba873c2f11161202b945","no_current_candidate","False"
"REQ","REQ","2","3285","1","request-network","Request","[{""id"":""request-network"",""symbol"":""req"",""name"":""Request"",""platforms"":{""ethereum"":""0x8f8221afbb33998d8584a2b05749ba73c37a938a"",""polygon-pos"":""0xb25e20de2f2ebb4cffd4d16a55c7b395e8a94762""}}]","b75f254a7468c550f82f26be83724b132a61303bfa18b9e592ad2437ababaa13","single_current_candidate_review_required","False"
"REZ","REZ","2","17007","1","renzo","Renzo","[{""id"":""renzo"",""symbol"":""rez"",""name"":""Renzo"",""platforms"":{""base"":""0xf757c9804cf2ee8d8ed64e0a8936293fe43a7252"",""ethereum"":""0x3b50805453023a91a8bf641e279401a0b23fa6f9"",""solana"":""3DK98MXPz8TRuim7rfQnebSLpA7VSoc79Bgiee1m4Zw5""}}]","73e205da98986572128cb3608fa6c1a300fa1c041ddd5c9c7bc93bc621c1a156","single_current_candidate_review_required","False"
"RIZE","RIZE","2","24186","1","rize","RIZE","[{""id"":""rize"",""symbol"":""rize"",""name"":""RIZE"",""platforms"":{""base"":""0x9818b6c09f5ecc843060927e8587c427c7c93583"",""binance-smart-chain"":""0xaedaff046601beb063b647845dfb21841f32d6a4"",""ethereum"":""0x9f1e8f87c6321b84bad7dda7dfb86d5115a47605"",""polygon-pos"":""0x9f1e8f87c6321b84bad7dda7dfb86d5115a47605""}}]","4e670d9a87cc36e731f67a2266654bb129c6748d186166d43d01868f6d52b3fe","single_current_candidate_review_required","False"
"RLC","RLC","2","4194","1","iexec-rlc","iExec RLC","[{""id"":""iexec-rlc"",""symbol"":""rlc"",""name"":""iExec RLC"",""platforms"":{""arbitrum-one"":""0xe649e6a1f2afc63ca268c2363691cecaf75cf47c"",""energi"":""0xb4ff17b5e93c40ff09326b0d538118022f02dc2b"",""ethereum"":""0x607f4c5bb672230e8672085532f7e901544a7375"",""sora"":""0x008294f7b08f568a661de2b248c34fc574e7e0012a12ef7959eb1a5c6b349e09""}}]","45665567121d806540d9882046ae47b8fd0c7634dd13cc6fe355e1dc4521bf34","single_current_candidate_review_required","False"
"RLUSD","RLUSD","3","13853","1","ripple-usd","Ripple USD","[{""id"":""ripple-usd"",""symbol"":""rlusd"",""name"":""Ripple USD"",""platforms"":{""ethereum"":""0x8292bb45bf1ee4d140127049757c2e0ff06317ed"",""xrp"":""524C555344000000000000000000000000000000.rMxCKbEDwqr76QuheSUMdEGf4B9xJ8m5De""}}]","5f401bba091835d16b61f81e54d6d9bdac42cfac08453b5b5550905fe3930c8b","single_current_candidate_review_required","False"
"ROOK","ROOK","2","896","1","rook","Rook","[{""id"":""rook"",""symbol"":""rook"",""name"":""Rook"",""platforms"":{""energi"":""0xf653d401a6af0ec568183d9d0714e3c5e61691d2"",""ethereum"":""0xfa5047c9c78b8877af97bdcb85db743fd7313d4a"",""harmony-shard-0"":""0x08310baf9deb5f13b885edf5eea6fd19dc21af3a"",""sora"":""0x00f58df67a15fe6c45d122767251c8660f33a2c544b5e2b70084c465b7cf84e7""}}]","55ad409700f0ac9f5e952e912c1b4ec6c00493ee3000bb2a0b53637152656d84","single_current_candidate_review_required","False"
"RPL","RPL","2","9304","1","rocket-pool","Rocket Pool","[{""id"":""rocket-pool"",""symbol"":""rpl"",""name"":""Rocket Pool"",""platforms"":{""arbitrum-one"":""0xb766039cc6db368759c1e56b79affe831d0cc507"",""ethereum"":""0xd33526068d116ce69f19a9ee46f0bd304f21a51f"",""polygon-pos"":""0x7205705771547cf79201111b4bd8aaf29467b9ec""}}]","fc9868185cba20ece5a012fb77b9987303f18da4c8a25dd861784c136a301ac5","single_current_candidate_review_required","False"
"RSR","RSR","2","14096","1","reserve-rights-token","Reserve Rights","[{""id"":""reserve-rights-token"",""symbol"":""rsr"",""name"":""Reserve Rights"",""platforms"":{""arbitrum-one"":""0xca5ca9083702c56b481d1eec86f1776fdbd2e594"",""base"":""0xab36452dbac151be02b16ca17d8919826072f64a"",""energi"":""0xfce13bb63b60f6e20ed846ae73ed242d29129800"",""ethereum"":""0x320623b8e4ff03373931769a31fc52a4e78b5d70""}}]","b4f17a698affb3e73ede51bc6a2565bb8a5c6a5011aa8be81e106f42f89feb19","single_current_candidate_review_required","False"
"RUJI","RUJI","2","1468","1","rujira","Rujira","[{""id"":""rujira"",""symbol"":""ruji"",""name"":""Rujira"",""platforms"":{""thorchain"":""x/ruji""}}]","6c7ef1f43effe5471767b3ad6e3a8f96481e85628047e60a5595d2bde759754a","single_current_candidate_review_required","False"
"RUNE","RUNE","2","26599","2","rune-2|thorchain","Rune|THORChain","[{""id"":""rune-2"",""symbol"":""rune"",""name"":""Rune"",""platforms"":{""solana"":""9fAT1fVVEKMEL6rUeYxSYU8ZjQ5dSiTzAZYTdiPvpump""}},{""id"":""thorchain"",""symbol"":""rune"",""name"":""THORChain"",""platforms"":{""thorchain"":""""}}]","91a25c5f1f7945d8cde37d50fa094ede34b6f0fb0f415f0ffc14b2e010392268","ambiguous_current_candidates","False"
"S","S","4","26344","2","agent-s|sonic-3","Agent S|Sonic","[{""id"":""agent-s"",""symbol"":""s"",""name"":""Agent S"",""platforms"":{""sui"":""0xea65bb5a79ff34ca83e2995f9ff6edd0887b08da9b45bf2e31f930d3efb82866::s::S""}},{""id"":""sonic-3"",""symbol"":""s"",""name"":""Sonic"",""platforms"":{}}]","6535b1582b902fb709807c84568d36a97039e493e2aea74d467519487494054e","ambiguous_current_candidates","False"
"SAFE","SAFE","2","7731","5","safe|safe-2|safe-anwang|safecoin|safe-coin-2","SAFE|Safe|SAFE(AnWang)|SAFEbit|SafeCoin","[{""id"":""safe"",""symbol"":""safe"",""name"":""Safe"",""platforms"":{""ethereum"":""0x5afe3855358e112b5647b952709e6165e1c1eeee"",""xdai"":""0x4d18815d14fe5c3304e87b3fa18318baa5c23820""}},{""id"":""safe-2"",""symbol"":""safe"",""name"":""SAFE"",""platforms"":{""binance-smart-chain"":""0xc160598f2f5b216b48fa36007b4538114a234444""}},{""id"":""safe-anwang"",""symbol"":""safe"",""name"":""SAFE(AnWang)"",""platforms"":{""binance-smart-chain"":""0x4d7fa587ec8e50bd0e9cd837cb4da796f47218a1""}},{""id"":""safecoin"",""symbol"":""safe"",""name"":""SAFEbit"",""platforms"":{""binance-smart-chain"":""0x5ac0c096549d9df6bf2f709d8c169ceb92470267""}},{""id"":""safe-coin-2"",""symbol"":""safe"",""name"":""SafeCoin"",""platforms"":{}}]","2f6230f3080dbd6acb20e96a76f80b4ef3fa75df2fceed6fc5707545cbbc4652","ambiguous_current_candidates","False"
"SAGA","SAGA","2","16150","1","saga-2","Saga","[{""id"":""saga-2"",""symbol"":""saga"",""name"":""Saga"",""platforms"":{""saga"":""usaga""}}]","caac1647acb4dcccffe418a09a58e2b76c32d19e5b83ef69141af82c3c710543","single_current_candidate_review_required","False"
"SAHARA","SAHARA","2","1508","1","sahara-ai","Sahara AI","[{""id"":""sahara-ai"",""symbol"":""sahara"",""name"":""Sahara AI"",""platforms"":{""binance-smart-chain"":""0xfdffb411c4a70aa7c95d5c981a6fb4da867e1111"",""ethereum"":""0xfdffb411c4a70aa7c95d5c981a6fb4da867e1111""}}]","d09200e6362a1d8fee025f5d7333fb7c176b02e54bf71e4518d8d8535e151e5f","single_current_candidate_review_required","False"
"SAMO","SAMO","2","9937","1","samoyedcoin","Samoyedcoin","[{""id"":""samoyedcoin"",""symbol"":""samo"",""name"":""Samoyedcoin"",""platforms"":{""solana"":""7xKXtg2CW87d97TXJSDpbD5jBkheTqA83TZRuJosgAsU""}}]","86426240d4edf0f149a3a13be22082cae36efb9607292783cc9398d6359ceaa1","single_current_candidate_review_required","False"
"SAND","SAND","4","57499","2","the-sandbox|the-sandbox-wormhole","The Sandbox|The Sandbox (Wormhole)","[{""id"":""the-sandbox"",""symbol"":""sand"",""name"":""The Sandbox"",""platforms"":{""base"":""0xac531eb26ca1d21b85126de8fb87e80e09002dcf"",""ethereum"":""0x3845badade8e6dff049820680d1f14bd3903a5d0"",""polygon-pos"":""0xbbba073c31bf03b8acf7c28ef0738decf3695683""}},{""id"":""the-sandbox-wormhole"",""symbol"":""sand"",""name"":""The Sandbox (Wormhole)"",""platforms"":{""solana"":""49c7WuCZkQgc3M4qH8WuEUNXfgwupZf1xqWkDQ7gjRGt""}}]","31ed4b0d82f5193b8429713f2c9b0caf6752b8e2d8612f6ef66f4d891ebaaf35","ambiguous_current_candidates","False"
"SBR","SBR","2","16993","3","saber|sbrsol|strategic-bitcoin-reserve","Saber|Strategic Bitcoin Reserve|Strategic Bitcoin Reserve","[{""id"":""saber"",""symbol"":""sbr"",""name"":""Saber"",""platforms"":{""solana"":""Saber2gLauYim4Mvftnrasomsv6NvAuncvMEZwcLpD1""}},{""id"":""sbrsol"",""symbol"":""sbr"",""name"":""Strategic Bitcoin Reserve"",""platforms"":{""solana"":""2HHgCLfKA5Rd1Fn9xAxfYzS3XoR5NnuxKDYz2EmWpump""}},{""id"":""strategic-bitcoin-reserve"",""symbol"":""sbr"",""name"":""Strategic Bitcoin Reserve"",""platforms"":{""ethereum"":""0xd6203889c22d9fe5e938a9200f50fdffe9dd8e02""}}]","c1b9cdb62f103be161f4ed81988b11a5ebfeff998733f08cee0b0ce3fb007ba2","ambiguous_current_candidates","False"
"SC","SC","3","19585","3","shark-cat|siacoin|star-cat","Shark Cat|Siacoin|STAR CAT","[{""id"":""shark-cat"",""symbol"":""sc"",""name"":""Shark Cat"",""platforms"":{""base"":""0x49d803d2df2295185610f44961f2dcd40326f25c"",""solana"":""6D7NaB2xsLd7cauWu1wKk6KBsJohJmP2qZH9GEfVi5Ui""}},{""id"":""siacoin"",""symbol"":""sc"",""name"":""Siacoin"",""platforms"":{}},{""id"":""star-cat"",""symbol"":""sc"",""name"":""STAR CAT"",""platforms"":{""solana"":""A2GHnfpZvyeZX5Pr63jdMmo9uYbpaaKqHHuPD5xD2n6v""}}]","3be057049a95cc6332d504522933c74f9bc9c3ac31cbc1cde02b6fec82f96853","ambiguous_current_candidates","False"
"SCRT","SCRT","2","55923","1","secret","Secret","[{""id"":""secret"",""symbol"":""scrt"",""name"":""Secret"",""platforms"":{""osmosis"":""ibc/0954E1C28EB7AF5B72D24F3BC2B47BBB2FDF91BDDFD57B74B99E133AED40972A"",""secret"":""secret1k0jntykt7e4g3y88ltc60czgjuqdy4c9e8fzek""}}]","6489ba0138eba0ef52f213a71ff10000bf95f5aa313f088e0566f895a38610ea","single_current_candidate_review_required","False"
"SDN","SDN","2","2479","0","","","[]","4f53cda18c2baa0c0354bb5f9a3ecbe5ed12ab4d8e11ba873c2f11161202b945","no_current_candidate","False"
"SEI","SEI","2","47335","2","layerzero-bridged-sei|sei-network","LayerZero Bridged Sei|Sei","[{""id"":""layerzero-bridged-sei"",""symbol"":""sei"",""name"":""LayerZero Bridged Sei"",""platforms"":{""ethereum"":""0xbdf43ecadc5cef51b7d1772f722e40596bc1788b""}},{""id"":""sei-network"",""symbol"":""sei"",""name"":""Sei"",""platforms"":{}}]","3c373d882713e1c6572b1dcb0181f088f24784a16d82c6f512a0b540451ad893","ambiguous_current_candidates","False"
"SGB","SGB","2","35448","1","songbird","Songbird","[{""id"":""songbird"",""symbol"":""sgb"",""name"":""Songbird"",""platforms"":{}}]","0fb650f36006625253e7487b8fd9760b0d57f1e249df85946f623846d79204c0","single_current_candidate_review_required","False"
"SHIB","SHIB","4","98277","8","binance-peg-shib|niccagewaluigielmo42069inu|shiba-inu|shiba-inu-wormhole|shiba-on-base|shib-on-solana|shibwifhatcoin|strategic-hub-for-innovation-in-blockchain","Binance-Peg SHIB|NicCageWaluigiElmo42069Inu|SHIB ON SOLANA|Shiba Inu|Shiba Inu (Wormhole)|SHIBA ON BASE|Shibwifhatcoin|Strategic Hub for Innovation in Blockchain","[{""id"":""binance-peg-shib"",""symbol"":""shib"",""name"":""Binance-Peg SHIB"",""platforms"":{""binance-smart-chain"":""0x2859e4544c4bb03966803b044a93563bd2d0dd4d""}},{""id"":""niccagewaluigielmo42069inu"",""symbol"":""shib"",""name"":""NicCageWaluigiElmo42069Inu"",""platforms"":{""ethereum"":""0xfcaf0e4498e78d65526a507360f755178b804ba8""}},{""id"":""shiba-inu"",""symbol"":""shib"",""name"":""Shiba Inu"",""platforms"":{""ethereum"":""0x95ad61b0a150d79219dcf64e1e6cc01f0b64c4ce""}},{""id"":""shiba-inu-wormhole"",""symbol"":""shib"",""name"":""Shiba Inu (Wormhole)"",""platforms"":{""binance-smart-chain"":""0xb1547683da678f2e1f003a780143ec10af8a832b"",""solana"":""CiKu4eHsVrc1eueVQeHn7qhXTcVu95gSQmBpX4utjL9z"",""terra"":""terra1huku2lecfjhq9d00k5a8dh73gw7dwe6vvuf2dd""}},{""id"":""shiba-on-base"",""symbol"":""shib"",""name"":""SHIBA ON BASE"",""platforms"":{""base"":""0xfca95aeb5bf44ae355806a5ad14659c940dc6bf7""}},{""id"":""shib-on-solana"",""symbol"":""shib"",""name"":""SHIB ON SOLANA"",""platforms"":{""solana"":""7wz31sC5z979UMtiqrtxsYYQ6bJzpjUTgPsZvXuZhso""}},{""id"":""shibwifhatcoin"",""symbol"":""shib"",""name"":""Shibwifhatcoin"",""platforms"":{""solana"":""F6qoefQq4iCBLoNZ34RjEqHjHkD8vtmoRSdw9Nd55J1k""}},{""id"":""strategic-hub-for-innovation-in-blockchain"",""symbol"":""shib"",""name"":""Strategic Hub for Innovation in Blockchain"",""platforms"":{""ethereum"":""0xf4b7b9ab55a2eeb3bd6123b8f45b0abffd5089c7""}}]","7fbbf79bfbff2ed642a165dab3e16c05fe842155b573143dfa7522b939d93a57","ambiguous_current_candidates","False"
"SIGMA","SIGMA","2","16002","5","csigma-finance|sigma|sigma-2|sigma-3|sigmadotmoney","cSigma Finance|SIGMA|SIGMA|Sigma|SigmaDotMoney","[{""id"":""csigma-finance"",""symbol"":""sigma"",""name"":""cSigma Finance"",""platforms"":{""ethereum"":""0x53162ec0adae49f21515bb8ca91534dd3872c8db""}},{""id"":""sigma"",""symbol"":""sigma"",""name"":""Sigma"",""platforms"":{""solana"":""5SVG3T9CNQsm2kEwzbRq6hASqh1oGfjqTtLXYUibpump""}},{""id"":""sigma-2"",""symbol"":""sigma"",""name"":""SIGMA"",""platforms"":{""ethereum"":""0x18a8d75f70eaead79b5a55903d036ce337f623a5""}},{""id"":""sigma-3"",""symbol"":""sigma"",""name"":""SIGMA"",""platforms"":{""xrp"":""5349474D41000000000000000000000000000000.rfKYWZ84fm9eVEdoTcsQCo1WdqMPyaUF5z""}},{""id"":""sigmadotmoney"",""symbol"":""sigma"",""name"":""SigmaDotMoney"",""platforms"":{""binance-smart-chain"":""0x85375d3e9c4a39350f1140280a8b0de6890a40e7""}}]","420647293628113117af6a24403125ad479b6afdccbd5445ac41c16d02cc10c5","ambiguous_current_candidates","False"
"SKY","SKY","2","7663","6","darkcrypto-share|sky|skycastle|skycoin|skydrome|skynet-3","DarkCrypto Share|Sky|Skycastle|Skycoin|Skydrome|Skynet","[{""id"":""darkcrypto-share"",""symbol"":""sky"",""name"":""DarkCrypto Share"",""platforms"":{""cronos"":""0x9d3bbb0e988d9fb2d55d07fe471be2266ad9c81c""}},{""id"":""sky"",""symbol"":""sky"",""name"":""Sky"",""platforms"":{""ethereum"":""0x56072c95faa701256059aa122697b133aded9279"",""hydration"":""asset_registry%2F1000795""}},{""id"":""skycastle"",""symbol"":""sky"",""name"":""Skycastle"",""platforms"":{""base"":""0x9b5037b68c6ed686a1f433e5eef9513bb1801b07""}},{""id"":""skycoin"",""symbol"":""sky"",""name"":""Skycoin"",""platforms"":{}},{""id"":""skydrome"",""symbol"":""sky"",""name"":""Skydrome"",""platforms"":{""scroll"":""0x95a52ec1d60e74cd3eb002fe54a2c74b185a4c16""}},{""id"":""skynet-3"",""symbol"":""sky"",""name"":""Skynet"",""platforms"":{""base"":""0xc77eb53473759913bf278e52861ef281829cbe4d""}}]","53272d690bc8302cf92b34eec1f49bee92b421a87e760104570fee08edaf4448","ambiguous_current_candidates","False"
"SNEK","SNEK","2","15168","2","based-snek|snek","BASED SNEK|Snek","[{""id"":""based-snek"",""symbol"":""snek"",""name"":""BASED SNEK"",""platforms"":{""base"":""0x278c77baa80a70f886484af5ee09a87e8f086ae9""}},{""id"":""snek"",""symbol"":""snek"",""name"":""Snek"",""platforms"":{""cardano"":""279c909f348e533da5808898f87f9a14bb2c3dfbbacccd631d927a3f534e454b""}}]","d9b1efe998316e485705accc7e6bdb199d964881d3f47f65add72e8a301c4e23","ambiguous_current_candidates","False"
"SNX","SNX","3","23520","1","havven","Synthetix","[{""id"":""havven"",""symbol"":""snx"",""name"":""Synthetix"",""platforms"":{""avalanche"":""0xbec243c995409e6520d7c41e404da5deba4b209b"",""base"":""0x22e6966b799c4d5b13be962e1d117b56327fda66"",""energi"":""0xa255461ff545d6ece153283f421d67d2de5d0e29"",""ethereum"":""0xc011a73ee8576fb46f5e1c5751ca3b9fe0af2a6f"",""fantom"":""0x56ee926bd8c72b2d5fa1af4d9e4cbb515a1e3adc"",""harmony-shard-0"":""0x7b9c523d59aefd362247bd5601a89722e3774dd2"",""huobi-token"":""0x777850281719d5a96c29812ab72f822e0e09f3da"",""near-protocol"":""c011a73ee8576fb46f5e1c5751ca3b9fe0af2a6f.factory.bridge.near"",""optimistic-ethereum"":""0x8700daec35af8ff88c16bdf0418774cb3d7599b4"",""polygon-pos"":""0x50b728d8d964fd00c2d0aad81718b71311fef68a""}}]","bb1babed189fc173b5f4228e4b02b8ce8c2294981bd4d42f33f100a820372de8","single_current_candidate_review_required","False"
"SOL","SOL","9","523568","11","allbridge-bridged-sol-near-protocol|base-bridged-sol-base|binance-peg-sol|hyperlane-bridged-sol-eclipse|near-intents-bridged-sol|neonpass-bridged-sol-neon-evm|osmosis-allsol|solana|sol-the-trophy-tomato|wormhole-bridged-sol|wormhole-bridged-wrapped-sol-sui","Allbridge Bridged SOL (Near Protocol)|Base Bridged SOL (Base)|Binance-Peg SOL|Hyperlane Bridged SOL (Eclipse)|NEAR Intents Bridged SOL|NeonPass Bridged SOL (Neon EVM)|Osmosis allSOL|Sol The Trophy Tomato|Solana|Wormhole Bridged SOL|Wormhole Bridged Wrapped SOL (Sui)","[{""id"":""allbridge-bridged-sol-near-protocol"",""symbol"":""sol"",""name"":""Allbridge Bridged SOL (Near Protocol)"",""platforms"":{""near-protocol"":""sol.token.a11bd.near""}},{""id"":""base-bridged-sol-base"",""symbol"":""sol"",""name"":""Base Bridged SOL (Base)"",""platforms"":{""base"":""0x311935cd80b76769bf2ecc9d8ab7635b2139cf82""}},{""id"":""binance-peg-sol"",""symbol"":""sol"",""name"":""Binance-Peg SOL"",""platforms"":{""binance-smart-chain"":""0x570a5d26f7765ecb712c0924e4de545b89fd43df""}},{""id"":""hyperlane-bridged-sol-eclipse"",""symbol"":""sol"",""name"":""Hyperlane Bridged SOL (Eclipse)"",""platforms"":{""eclipse"":""BeRUj3h7BqkbdfFU7FBNYbodgf8GCHodzKvF9aVjNNfL""}},{""id"":""near-intents-bridged-sol"",""symbol"":""sol"",""name"":""NEAR Intents Bridged SOL"",""platforms"":{""near-protocol"":""sol.omft.near""}},{""id"":""neonpass-bridged-sol-neon-evm"",""symbol"":""sol"",""name"":""NeonPass Bridged SOL (Neon EVM)"",""platforms"":{""neon-evm"":""0x5f38248f339bf4e84a2caf4e4c0552862dc9f82a""}},{""id"":""osmosis-allsol"",""symbol"":""sol"",""name"":""Osmosis allSOL"",""platforms"":{""osmosis"":""factory/osmo1n3n75av8awcnw4jl62n3l48e6e4sxqmaf97w5ua6ddu4s475q5qq9udvx4/alloyed/allSOL""}},{""id"":""solana"",""symbol"":""sol"",""name"":""Solana"",""platforms"":{}},{""id"":""sol-the-trophy-tomato"",""symbol"":""sol"",""name"":""Sol The Trophy Tomato"",""platforms"":{""solana"":""jk1T35eWK41MBMM8AWoYVaNbjHEEQzMDetTsfnqpump""}},{""id"":""wormhole-bridged-sol"",""symbol"":""sol"",""name"":""Wormhole Bridged SOL"",""platforms"":{""avalanche"":""0x634608ed64c61ca9e741f8095193c0bfa0fa19cc""}},{""id"":""wormhole-bridged-wrapped-sol-sui"",""symbol"":""sol"",""name"":""Wormhole Bridged Wrapped SOL (Sui)"",""platforms"":{""sui"":""0xb7844e289a8410e50fb3ca48d69eb9cf29e27d223ef90353fe1bd8e27ff8f3f8::coin::COIN""}}]","7b657975cfeb0f1b52e2da8b8a8f0c7aba92f4494267cb34f9299647f0e9b5ac","ambiguous_current_candidates","False"
"SONIC","SONIC","2","7153","3","sonic-snipe-bot|sonic-solana|sonic-svm","Sonic Snipe Bot|Sonic Solana|Sonic SVM","[{""id"":""sonic-snipe-bot"",""symbol"":""sonic"",""name"":""Sonic Snipe Bot"",""platforms"":{""sui"":""0x555f3aa7c9c60ca67f906557777fab78fd70a302da7d66a23fcb4f8808d15010::sonic::SONIC""}},{""id"":""sonic-solana"",""symbol"":""sonic"",""name"":""Sonic Solana"",""platforms"":{""solana"":""72h2cpj8YU7aUJW3NFMjxfqGTh6hXnUrovMC4gKqyFPM""}},{""id"":""sonic-svm"",""symbol"":""sonic"",""name"":""Sonic SVM"",""platforms"":{""solana"":""SonicxvLud67EceaEzCLRnMTBqzYUUYNr93DBkBdDES"",""sonic-svm"":""mrujEYaN1oyQXDHeYNxBYpxWKVkQ2XsGxfznpifu4aL""}}]","cb9978aee800385560d39744c46e3234af37162c68ef83bfbc573fbf09a2776f","ambiguous_current_candidates","False"
"SPELL","SPELL","2","9659","2","spell-token|the-spellcaster","Spell|The Spellcaster","[{""id"":""spell-token"",""symbol"":""spell"",""name"":""Spell"",""platforms"":{""arbitrum-one"":""0x3e6648c5a70a150a88bce65f4ad4d506fe15d2af"",""avalanche"":""0xce1bffbd5374dac86a2893119683f4911a2f7814"",""ethereum"":""0x090185f2135308bad17527004364ebcc2d37e5f6"",""fantom"":""0x468003b688943977e6130f4f68f23aad939a1040""}},{""id"":""the-spellcaster"",""symbol"":""spell"",""name"":""The Spellcaster"",""platforms"":{""solana"":""8zrgK9eADL7fc5GSn8seJ4n9E22bn5a4o5JiAptVpump""}}]","0ac991c3fc551c04259e09fe111171607d1988d50fa4f5514d472188afa6bfa0","ambiguous_current_candidates","False"
"SPICE","SPICE","2","4147","1","spice-2","Spice","[{""id"":""spice-2"",""symbol"":""spice"",""name"":""Spice"",""platforms"":{""osmosis"":""factory/osmo1n6asrjy9754q8y9jsxqf557zmsv3s3xa5m9eg5/uspice""}}]","cdebd25cdc6a4da2584653893f26a3c0f0ba68e51309f5f7d87043527ff51099","single_current_candidate_review_required","False"
"SPK","SPK","2","2979","1","spark-2","Spark","[{""id"":""spark-2"",""symbol"":""spk"",""name"":""Spark"",""platforms"":{""ethereum"":""0xc20059e0317de91738d13af027dfc4a50781b066""}}]","847fdc8bc29a4173e3b0241b3ab0e3c5a4537e9a5598d7e7da2ed4bdf599807c","single_current_candidate_review_required","False"
"SPX","SPX","2","94129","1","spx6900","SPX6900","[{""id"":""spx6900"",""symbol"":""spx"",""name"":""SPX6900"",""platforms"":{""avalanche"":""0x6f911b6b39bcc665a463129c94b5380a4387b7eb"",""base"":""0x50da645f148798f68ef2d7db7c1cb22a6819bb2c"",""ethereum"":""0xe0f63a424a4439cbe457d80e4f4b51ad25b2c56c"",""solana"":""J3NKxxXZcnNiMjKw9hYb2K4LUxgwB6t1FtPtQVsv3KFr""}}]","b0a5bbaeed12d38b8a5a8df291b2925fd375911ca65f0ead06a3cb61fa007d15","single_current_candidate_review_required","False"
"SRM","SRM","2","8337","1","serum","Serum","[{""id"":""serum"",""symbol"":""srm"",""name"":""Serum"",""platforms"":{""energi"":""0x83af4137ed450f4765a72831dd938b5203f5d2fb"",""ethereum"":""0x476c5e26a75bd202a9683ffd34359c0cc15be0ff"",""solana"":""SRMuApVNdxXokk5GT7XD5cUUgXMBCoAz2LHeuAoKWRt"",""tomochain"":""0xc01643ac912b6a8ffc50cf8c1390934a6142bc91""}}]","7f5b148f829b1e54f177717558aed8eda6d51e7e425f1d994c166b37faa729e0","single_current_candidate_review_required","False"
"SSV","SSV","2","2530","1","ssv-network","SSV Network","[{""id"":""ssv-network"",""symbol"":""ssv"",""name"":""SSV Network"",""platforms"":{""ethereum"":""0x9d65ff81a3c488d585bbfb0bfe3c7707c7917f54""}}]","e919cf8652a3eaf762bb7f04fe1cd3ffd9fbc04c71414fcc09c6181d8d3ef267","single_current_candidate_review_required","False"
"STEP","STEP","2","1906","2","step|step-finance","Step|Step Finance","[{""id"":""step"",""symbol"":""step"",""name"":""Step"",""platforms"":{""binance-smart-chain"":""0x465707181acba42ed01268a33f0507e320a154bd""}},{""id"":""step-finance"",""symbol"":""step"",""name"":""Step Finance"",""platforms"":{""solana"":""StepAscQoEioFxxWGnh2sLBDFp9d8rvKz2Yp39iDpyT""}}]","9481924dc4f23cefde05f8b451d214e48a5ec9b4282f2f7f5d42dae2f484999d","ambiguous_current_candidates","False"
"STG","STG","2","2480","1","stargate-finance","Stargate Finance","[{""id"":""stargate-finance"",""symbol"":""stg"",""name"":""Stargate Finance"",""platforms"":{""arbitrum-one"":""0x6694340fc020c5e6b96567843da2df01b2ce1eb6"",""avalanche"":""0x2f6f07cdcf3588944bf4c42ac74ff24bf56e7590"",""base"":""0xe3b53af74a4bf62ae5511055290838050bf764df"",""berachain"":""0x9895d81bb462a195b4922ed7de0e3acd007c32cb"",""binance-smart-chain"":""0xb0d502e938ed5f4df2e681fe6e419ff29631d62b"",""ethereum"":""0xaf5191b0de278c7286d6c7cc6ab6bb8a73ba2cd6"",""fantom"":""0x2f6f07cdcf3588944bf4c42ac74ff24bf56e7590"",""kava"":""0x83c30eb8bc9ad7c56532895840039e62659896ea"",""linea"":""0x808d7c71ad2ba3fa531b068a2417c63106bc0949"",""mantle"":""0x8731d54e9d02c286767d56ac03e8037c07e01e98"",""optimistic-ethereum"":""0x296f55f8fb28e498b858d0bcda06d955b2cb3f97"",""polygon-pos"":""0x2f6f07cdcf3588944bf4c42ac74ff24bf56e7590"",""scroll"":""0x8731d54e9d02c286767d56ac03e8037c07e01e98""}}]","fbf3fbbd7daeb81ace7cbc3dc198078fcf5c9d12d7857bb29cd1e476f31efff1","single_current_candidate_review_required","False"
"STORJ","STORJ","2","7238","1","storj","Storj","[{""id"":""storj"",""symbol"":""storj"",""name"":""Storj"",""platforms"":{""energi"":""0xcde71daaffb6a12d584f55777d4c9e9d3c353c1e"",""ethereum"":""0xb64ef51c888972c908cfacf59b47c1afbc0ab8ac"",""harmony-shard-0"":""0x266f341e33aa61c30c6a9af89314811a5b097cb4""}}]","befbfc691fd7efe901cd018187e14faaa8e22d40bbb8ce02a7d2a95296e4c61c","single_current_candidate_review_required","False"
"STRD","STRD","2","7853","2","strategy-stride-preferred-dinari-tokenized-stock|stride","Strategy Stride Preferred (Dinari Tokenized Stock)|Stride","[{""id"":""strategy-stride-preferred-dinari-tokenized-stock"",""symbol"":""strd"",""name"":""Strategy Stride Preferred (Dinari Tokenized Stock)"",""platforms"":{""arbitrum-one"":""0x179c29d543bf50cc3d629d4c75a8177ce12140fa"",""avalanche"":""0xa0623a45317b50520b053e056f99e649978601fd"",""base"":""0x2d6430e0b93393cc12894b07a9d97b19266e959a"",""ethereum"":""0x475f8d8c94c08d4c633ff353093a698dd4c4e899""}},{""id"":""stride"",""symbol"":""strd"",""name"":""Stride"",""platforms"":{""osmosis"":""ibc/A8CA5EE328FA10C9519DF6057DA1F69682D28F7D0F5CCC7ECB72E3DCA2D157A4""}}]","cd2c31d7619f8543170f4b3b0f180bd3a33a4c8a1599326c3bb737c674969706","ambiguous_current_candidates","False"
"STRK","STRK","2","9636","2","starknet|strategy-strike-preferred-dinari-tokenized-stock","Starknet|Strategy Strike Preferred (Dinari Tokenized Stock)","[{""id"":""starknet"",""symbol"":""strk"",""name"":""Starknet"",""platforms"":{""ethereum"":""0xca14007eff0db1f8135f4c25b34de49ab0d42766"",""solana"":""HsRpHQn6VbyMs5b5j5SV6xQ2VvpvvCCzu19GjytVSCoz"",""starknet"":""0x04718f5a0fc34cc1af16a1cdee98ffb20c31f5cd61d6ab07201858f4287c938d""}},{""id"":""strategy-strike-preferred-dinari-tokenized-stock"",""symbol"":""strk"",""name"":""Strategy Strike Preferred (Dinari Tokenized Stock)"",""platforms"":{""arbitrum-one"":""0x9a3608d77caa0cb5a3a5e023ab252db61198e160"",""avalanche"":""0xbbd1d186b035a28c4a6dcaf192a4c61f9a74bce1"",""base"":""0x6974d0801753c8c8571a11e7837b0d0462ecb052"",""ethereum"":""0x068eb24ace80087a2012fb7c1dea0b09d4cc9959""}}]","586a0d52d278197defb0c2db09b79fa0664120a51fdb5bc7272e21077177f897","ambiguous_current_candidates","False"
"STX","STX","2","25185","1","blockstack","Stacks","[{""id"":""blockstack"",""symbol"":""stx"",""name"":""Stacks"",""platforms"":{}}]","d1aba0447e264bb0691eb88a99bfb7fbe2f82506e44be50478c3dc634904185e","single_current_candidate_review_required","False"
"SUI","SUI","3","153219","1","sui","Sui","[{""id"":""sui"",""symbol"":""sui"",""name"":""Sui"",""platforms"":{""sui"":""0x0000000000000000000000000000000000000000000000000000000000000002::sui::SUI""}}]","d94b0ffb7fd869bdf3104d030431db2f5e3c743ace984cd9f3a80ff6f4665063","single_current_candidate_review_required","False"
"SUN","SUN","2","4345","1","sun-token","Sun Token","[{""id"":""sun-token"",""symbol"":""sun"",""name"":""Sun Token"",""platforms"":{""tron"":""TSSMHYeV2uE9qYH95DqyoCuNCzEL1NvU3S""}}]","fcacf6ad16e709641a4a4182cbf27f9720bcb3453b92f3d238cc8e6bc08450b0","single_current_candidate_review_required","False"
"SUNDOG","SUNDOG","2","9438","1","sundog","Sundog","[{""id"":""sundog"",""symbol"":""sundog"",""name"":""Sundog"",""platforms"":{""tron"":""TXL6rJbvmjD46zeN1JssfgxvSo99qC8MRT""}}]","d68b1b663ac429a782eda09b27cf8aeca9c988d879bc8e5b79e7950ddbf257a8","single_current_candidate_review_required","False"
"SUPER","SUPER","2","22957","3","superclaw|super-connector|superfarm","Super Connector|Superclaw|SuperVerse","[{""id"":""superclaw"",""symbol"":""super"",""name"":""Superclaw"",""platforms"":{""solana"":""5TbDn1dFEcUTJp69Fxnu5wbwNec6LmoK42Sr5mmNmeta""}},{""id"":""super-connector"",""symbol"":""super"",""name"":""Super Connector"",""platforms"":{""base"":""0xc797fc5ca8ef5502aaa0307b9bfc45e877d6caf5""}},{""id"":""superfarm"",""symbol"":""super"",""name"":""SuperVerse"",""platforms"":{""avalanche"":""0x09fa58228bb791ea355c90da1e4783452b9bd8c3"",""base"":""0x391359ab0ccef572dcac78f74e47d7c06db0b982"",""ethereum"":""0xe53ec727dbdeb9e2d5456c3be40cff031ab40a55"",""polygon-pos"":""0xa1428174f516f527fafdd146b883bb4428682737"",""soneium"":""0xf765356c901a064a74fa4560622f21c91048c3d7""}}]","996f9ca3dfce8f7c5c8d76ff97b23ce1652bad49fed5ecf42e383f94e896d668","ambiguous_current_candidates","False"
"SUSHI","SUSHI","2","10776","1","sushi","Sushi","[{""id"":""sushi"",""symbol"":""sushi"",""name"":""Sushi"",""platforms"":{""arbitrum-one"":""0xd4d42f0b6def4ce0383636770ef773390d85c61a"",""avalanche"":""0x37b608519f91f70f2eeb0e5ed9af4061722e4f76"",""base"":""0x7d49a065d17d6d4a55dc13649901fdbb98b2afba"",""binance-smart-chain"":""0x947950bcc74888a40ffa2593c5798f11fc9124c4"",""celo"":""0xd15ec721c2a896512ad29c671997dd68f9593226"",""energi"":""0x32aff6adc46331dac93e608a9cd4b0332d93a23a"",""ethereum"":""0x6b3595068778dd592e39a122f4f5a5cf09c90fe2"",""fantom"":""0xae75a438b2e0cb8bb01ec1e1e376de11d44477cc"",""harmony-shard-0"":""0xbec775cb42abfa4288de81f387a9b1a3c4bc552a"",""katana"":""0x17bff452dae47e07cea877ff0e1aba17eb62b0ab"",""near-protocol"":""6b3595068778dd592e39a122f4f5a5cf09c90fe2.factory.bridge.near"",""polygon-pos"":""0x0b3f868e0be5597d5db7feb59e1cadbb0fdda50a"",""solana"":""ChVzxWRmrTeSgwd3Ui3UumcN8KX7VK3WaD4KGeSKpypj"",""sora"":""0x0078f4e6c5113b3d8c954dff62ece8fc36a8411f86f1cbb48a52527e22e73be2""}}]","96561187af1a1e2fe3d688513ab6a29230a7a7b195fede063f63f9631aa6da5c","single_current_candidate_review_required","False"
"SWARMS","SWARMS","2","2594","1","swarms","Swarms","[{""id"":""swarms"",""symbol"":""swarms"",""name"":""Swarms"",""platforms"":{""solana"":""74SBV4zDXxTRgv1pEMoECskKBkZHc2yGPnc7GYVepump""}}]","a92ca67c86bd274962fb0acbcae6d8ccd67825deb360783fdf6d96b7a991b350","single_current_candidate_review_required","False"
"SWELL","SWELL","2","13782","2","layerzero-bridged-swell|swell-network","Layerzero Bridged Swell|Swell","[{""id"":""layerzero-bridged-swell"",""symbol"":""swell"",""name"":""Layerzero Bridged Swell"",""platforms"":{""swellchain"":""0x2826d136f5630ada89c1678b64a61620aab77aea""}},{""id"":""swell-network"",""symbol"":""swell"",""name"":""Swell"",""platforms"":{""ethereum"":""0x0a6e7ba5042b38349e437ec6db6214aec7b35676""}}]","1dcc0f8ccdc8601e7eb60dfba1a70faee417808e595144867b86ceee1994dcc5","ambiguous_current_candidates","False"
"SXT","SXT","2","17263","1","space-and-time","Space and Time","[{""id"":""space-and-time"",""symbol"":""sxt"",""name"":""Space and Time"",""platforms"":{""base"":""0xa2c22252cdc8b7cddee1b0b2e242818509fcf7b8"",""ethereum"":""0xe6bfd33f52d82ccb5b37e16d3dd81f9ffdabb195""}}]","d620dd640a1dd3a8a602d848e435a241c5a8f18bd9721cdc66bec6ef51127c89","single_current_candidate_review_required","False"
"SYN","SYN","2","18752","2","synapse-2|synthra","Synapse|Synthra","[{""id"":""synapse-2"",""symbol"":""syn"",""name"":""Synapse"",""platforms"":{""arbitrum-one"":""0x080f6aed32fc474dd5717105dba5ea57268f46eb"",""avalanche"":""0x1f1e7c893855525b303f99bdf5c3c05be09ca251"",""base"":""0x432036208d2717394d2614d6697c46df3ed69540"",""binance-smart-chain"":""0xa4080f1778e69467e905b8d6f72f6e441f9e9484"",""ethereum"":""0x0f2d719407fdbeff09d87557abb7232601fd9f29"",""fantom"":""0xe55e19fb4f2d85af758950957714292dac1e25b2"",""optimistic-ethereum"":""0x5a5fff6f753d7c11a56a52fe47a177a87e431655"",""polygon-pos"":""0xf8f9efc0db77d8881500bb06ff5d6abc3070e695""}},{""id"":""synthra"",""symbol"":""syn"",""name"":""Synthra"",""platforms"":{}}]","375e692428bc3abb7bbfb7570cea8dddc0f99b2488266fd5f91b3e6afafa68ac","ambiguous_current_candidates","False"
"SYRUP","SYRUP","2","73863","1","syrup","Maple Finance","[{""id"":""syrup"",""symbol"":""syrup"",""name"":""Maple Finance"",""platforms"":{""base"":""0x688aee022aa544f150678b8e5720b6b96a9e9a2f"",""ethereum"":""0x643c4e15d7d62ad0abec4a9bd4b001aa3ef52d66""}}]","15d98668a0540a350a001c6b2370b130a18fbfebcfa933fcf745a6aa3a03b147","single_current_candidate_review_required","False"
"T","T","2","6975","2","talos-2|threshold-network-token","Talos|Threshold Network","[{""id"":""talos-2"",""symbol"":""t"",""name"":""Talos"",""platforms"":{""arbitrum-one"":""0x30a538effd91acefb1b12ce9bc0074ed18c9dfc9""}},{""id"":""threshold-network-token"",""symbol"":""t"",""name"":""Threshold Network"",""platforms"":{""base"":""0x26f3901ac8a79c50fb0d8289c74f0d09adc42e29"",""ethereum"":""0xcdf7028ceab81fa0c6971208e83fa7872994bee5"",""optimistic-ethereum"":""0x747e42eb0591547a0ab429b3627816208c734ea7"",""solana"":""4Njvi3928U3figEF5tf8xvjLC5GqUN33oe4XTJNe7xXC""}}]","bd4f57b6dbb8a10d9f4610a146bcb9087f68f34b8c5e53d539f0751b074f3779","ambiguous_current_candidates","False"
"TAO","TAO","2","102403","2","bittensor|the-anthropic-order","Bittensor|The Anthropic Order","[{""id"":""bittensor"",""symbol"":""tao"",""name"":""Bittensor"",""platforms"":{}},{""id"":""the-anthropic-order"",""symbol"":""tao"",""name"":""The Anthropic Order"",""platforms"":{""solana"":""9cYXqd1ggyMTjwZFWnbDuf5EfLEcLuumMG67jRkJpump""}}]","f814baca25fb9430271bc24e4998186c688af359758a7a7732d02295160c28a1","ambiguous_current_candidates","False"
"TBTC","TBTC","3","2380","1","tbtc","tBTC","[{""id"":""tbtc"",""symbol"":""tbtc"",""name"":""tBTC"",""platforms"":{""arbitrum-one"":""0x6c84a8f1c29108f47a79964b5fe888d4f4d0de40"",""base"":""0x236aa50979d5f3de3bd1eeb40e81137f22ab794b"",""bob-network"":""0xbba2ef945d523c4e2608c9e1214c2cc64d4fc2e2"",""ethereum"":""0x18084fba666a33d37592fa2633fd49a74dd93a88"",""hydration"":""asset_registry%2F1000765"",""optimistic-ethereum"":""0x6c84a8f1c29108f47a79964b5fe888d4f4d0de40"",""polygon-pos"":""0x236aa50979d5f3de3bd1eeb40e81137f22ab794b"",""solana"":""6DNSN2BJsaPFdFFc1zP37kkeNe4Usc1Sqkzr9C9vPWcU"",""starknet"":""0x04daa17763b286d1e59b97c283c0b8c949994c361e426a28f743c67bdfe9a32f"",""sui"":""0x77045f1b9f811a7a8fb9ebd085b5b0c55c5cb0d1520ff55f7037f89b5da9f5f1::TBTC::TBTC""}}]","3cec86648da6224b2eff9544b075613099e3a02fc161ba5970fe1376cd0cf728","single_current_candidate_review_required","False"
"TEER","TEER","2","29961","1","integritee","Integritee","[{""id"":""integritee"",""symbol"":""teer"",""name"":""Integritee"",""platforms"":{""ethereum"":""0x769916a66fdac0e3d57363129caac59386ea622b""}}]","7b2ebd4020c47b60caf24f2b0b1f8187a7a7a028151f9b5abb1c0c468f6e97c7","single_current_candidate_review_required","False"
"TERM","TERM","2","778","0","","","[]","4f53cda18c2baa0c0354bb5f9a3ecbe5ed12ab4d8e11ba873c2f11161202b945","no_current_candidate","False"
"TIA","TIA","2","42663","2","celestia|tia","Celestia|Tiamonds [OLD]","[{""id"":""celestia"",""symbol"":""tia"",""name"":""Celestia"",""platforms"":{""cosmos"":""ibc/D79E7D83AB399BFFF93433E54FAA480C191248FC556924A2A8351AE2638B3877"",""osmosis"":""ibc/D79E7D83AB399BFFF93433E54FAA480C191248FC556924A2A8351AE2638B3877"",""secret"":""secret1s9h6mrp4k9gll4zfv5h78ll68hdq8ml7jrnn20""}},{""id"":""tia"",""symbol"":""tia"",""name"":""Tiamonds [OLD]"",""platforms"":{""ethereum"":""0x824e35f7a75324f99300afac75ecf7354e17ea26""}}]","c318bae0c2d20a1ef7add93fb0324a3eb16a17598cbff28c6a2f85883d9580c2","ambiguous_current_candidates","False"
"TITCOIN","TITCOIN","2","67474","1","titcoin-2","titcoin","[{""id"":""titcoin-2"",""symbol"":""titcoin"",""name"":""titcoin"",""platforms"":{""solana"":""FtUEW73K6vEYHfbkfpdBZfWpxgQar2HipGdbutEhpump""}}]","828b001712d8e410872038cb00e97deaebacfe8abdfb7dba1e708b40fd22997a","single_current_candidate_review_required","False"
"TLM","TLM","2","5765","1","alien-worlds","Alien Worlds","[{""id"":""alien-worlds"",""symbol"":""tlm"",""name"":""Alien Worlds"",""platforms"":{""binance-smart-chain"":""0x2222227e22102fe3322098e4cbfe18cfebd57c95"",""ethereum"":""0x888888848b652b3e3a0f34c96e00eec0f3a23f72"",""wax"":""TLM-wax-alien.worlds""}}]","150970070fedbdf9071901decada564eed19234fa76c0816d1da84a30f1b3514","single_current_candidate_review_required","False"
"TNSR","TNSR","2","7673","1","tensor","Tensor","[{""id"":""tensor"",""symbol"":""tnsr"",""name"":""Tensor"",""platforms"":{""solana"":""TNSRxcUxoT9xBG3de7PiJyTDYu7kskLqcpddxnEJAS6""}}]","bcfce7fbc0e43da0f662fd9df334b64d95816992f71e911fa5abcc7eee9e5bcb","single_current_candidate_review_required","False"
"TOKE","TOKE","2","14396","2","tokemak|tokeo","Auto Finance [OLD]|Tokeo","[{""id"":""tokemak"",""symbol"":""toke"",""name"":""Auto Finance [OLD]"",""platforms"":{""ethereum"":""0x2e9d63788249371f1dfc918a52f8d799f4a38c94""}},{""id"":""tokeo"",""symbol"":""toke"",""name"":""Tokeo"",""platforms"":{""cardano"":""375df3f2fb44d3c42b3381a09edd4ea2303a57ada32b5308c0774ee0""}}]","0a8232188716a1f025391c026e972e2636ec72dfd3f4999314eace6ba2f70a48","ambiguous_current_candidates","False"
"TOKEN","TOKEN","2","5867","3","token|tokenfi|tokenization","Token.com|TokenFi|Tokenization","[{""id"":""token"",""symbol"":""token"",""name"":""Token.com"",""platforms"":{""base"":""0xd758916365b361cf833bb9c4c465ecd501ddd984"",""solana"":""Ch2veYHxMWBDgw77nxWvJeGz6YjBD2g9cm21fNriGjGE""}},{""id"":""tokenfi"",""symbol"":""token"",""name"":""TokenFi"",""platforms"":{""binance-smart-chain"":""0x4507cef57c46789ef8d1a19ea45f4216bae2b528"",""ethereum"":""0x4507cef57c46789ef8d1a19ea45f4216bae2b528""}},{""id"":""tokenization"",""symbol"":""token"",""name"":""Tokenization"",""platforms"":{""solana"":""3vZY2MKBzRMoT4nGUCWYzXPTES2jLaLNMV8Fn5cKpump""}}]","88ae85f00768a9c89a97e65269c851486069d54613758b1188e0ccac948b798a","ambiguous_current_candidates","False"
"TON","TON","4","129534","4","atnt-ondo-tokenized-stock|tac-bridged-ton-tac|tokamak-network|tontoken","AT&T (Ondo Tokenized Stock)|TAC Bridged TON (TAC)|Tokamak Network|TON Community","[{""id"":""atnt-ondo-tokenized-stock"",""symbol"":""ton"",""name"":""AT\u0026T (Ondo Tokenized Stock)"",""platforms"":{""binance-smart-chain"":""0x4255279af47cf10efb9a5c8839f90170f4ef759f"",""ethereum"":""0x3361a73262199873b74d6835760a59b8817fa592"",""solana"":""WKMZummev5UcXz5nNKQZvTD6QjNSM2X58uwmDReondo""}},{""id"":""tac-bridged-ton-tac"",""symbol"":""ton"",""name"":""TAC Bridged TON (TAC)"",""platforms"":{""tac"":""0xb76d91340f5ce3577f0a056d29f6e3eb4e88b140""}},{""id"":""tokamak-network"",""symbol"":""ton"",""name"":""Tokamak Network"",""platforms"":{""ethereum"":""0x2be5e8c109e2197d077d13a82daead6a9b3433c5""}},{""id"":""tontoken"",""symbol"":""ton"",""name"":""TON Community"",""platforms"":{""ethereum"":""0x6a6c2ada3ce053561c2fbc3ee211f23d9b8c520a""}}]","7520f2b2d419c7dc3cf52f97dea61752d6e047c6666bc7dbddb65912ac2f6ac1","ambiguous_current_candidates","False"
"TOSHI","TOSHI","2","43099","3","first-dog-to-buy-crypto|toshi|toshi-3","First Dog to Buy Crypto|Toshi|Toshi","[{""id"":""first-dog-to-buy-crypto"",""symbol"":""toshi"",""name"":""First Dog to Buy Crypto"",""platforms"":{""solana"":""BE9WCtE9p36RX4kmsN5VDd8MSc5QwJQcARbSL3R8pump""}},{""id"":""toshi"",""symbol"":""toshi"",""name"":""Toshi"",""platforms"":{""base"":""0xac1bd2486aaf3b5c0fc3fd868558b082a531b2b4"",""binance-smart-chain"":""0x6a2608dabe09bc1128eec7275b92dfb939d5db3f""}},{""id"":""toshi-3"",""symbol"":""toshi"",""name"":""Toshi"",""platforms"":{""robinhood"":""0x32c85eb5e0686d5a8fa1bd9eeb1a432c3facbd50""}}]","309b30ad8068b25e5faa83cf0d093f1fe08c78e4409da18fa531264ace85c191","ambiguous_current_candidates","False"
"TRAC","TRAC","2","16293","2","origintrail|trac","OriginTrail|TRAC (Ordinals)","[{""id"":""origintrail"",""symbol"":""trac"",""name"":""OriginTrail"",""platforms"":{""base"":""0xa81a52b4dda010896cdd386c7fbdc5cdc835ba23"",""ethereum"":""0xaa7a9ca87d3694b5755f213b5d04094b8d0f0a6f""}},{""id"":""trac"",""symbol"":""trac"",""name"":""TRAC (Ordinals)"",""platforms"":{""ordinals"":""b006d8e232bdd01e656c40bdbec83bb38413a8af3a58570551940d8f23d4b85ai0""}}]","e3f9c78304282c4d9b5943e6bab1e69af9bf6206e096b90aa43ff0696524d25a","ambiguous_current_candidates","False"
"TREMP","TREMP","2","7778","1","donald-tremp","Doland Tremp","[{""id"":""donald-tremp"",""symbol"":""tremp"",""name"":""Doland Tremp"",""platforms"":{""solana"":""FU1q8vJpZNUrmqsciSjp8bAKKidGsLmouB8CBdf8TKQv""}}]","8cf52ea0f4e439c3c38b82b043a55cb107ea4b16ea9e15b5a9ad9afa98adbcb7","single_current_candidate_review_required","False"
"TRU","TRU","2","5549","2","truebit-protocol|truefi","Truebit Protocol|TrueFi","[{""id"":""truebit-protocol"",""symbol"":""tru"",""name"":""Truebit Protocol"",""platforms"":{""ethereum"":""0xf65b5c5104c4fafd4b709d9d60a185eae063276c""}},{""id"":""truefi"",""symbol"":""tru"",""name"":""TrueFi"",""platforms"":{""ethereum"":""0x4c19596f5aaff459fa38b0f7ed92f11ae6543784""}}]","5fcfd43210fcb3739d964cfeb7cd8a33868f743bbe4c5d1c0bb1ca5b48fb3638","ambiguous_current_candidates","False"
"TRUMP","TRUMP","4","126339","4","bridged-maga-wormhole|maga|meme-trumpcoin|official-trump","Bridged MAGA (Wormhole)|MAGA|Meme TrumpCoin|Official Trump","[{""id"":""bridged-maga-wormhole"",""symbol"":""trump"",""name"":""Bridged MAGA (Wormhole)"",""platforms"":{""solana"":""HaP8r3ksG76PhQLTqR8FYBeNiQpejcFbQmiHbg787Ut1""}},{""id"":""maga"",""symbol"":""trump"",""name"":""MAGA"",""platforms"":{""base"":""0x57f5fbd3de65dfc0bd3630f732969e5fb97e6d37"",""binance-smart-chain"":""0x4ea98c1999575aaadfb38237dd015c5e773f75a2"",""ethereum"":""0x6aa56e1d98b3805921c170eb4b3fe7d4fda6d89b""}},{""id"":""meme-trumpcoin"",""symbol"":""trump"",""name"":""Meme TrumpCoin"",""platforms"":{""polygon-pos"":""0xd28b3fd350a14f0b1d14633e3d14db7b80406391""}},{""id"":""official-trump"",""symbol"":""trump"",""name"":""Official Trump"",""platforms"":{""solana"":""6p6xgHyF7AeE6TZkSmFsko444wqoP15icUSqi2jfGiPN""}}]","5732094734305f7c2b15f2e5044fab14ac5cd5215bd64d4c065d646d41631a1e","ambiguous_current_candidates","False"
"TRX","TRX","4","148060","3","solana-bridged-trx-solana|tron|tron-bsc","Solana Bridged TRX (Solana)|TRON|TRON (BSC)","[{""id"":""solana-bridged-trx-solana"",""symbol"":""trx"",""name"":""Solana Bridged TRX (Solana)"",""platforms"":{""solana"":""GbbesPbaYh5uiAZSYNXTc7w9jty1rpg3P9L4JeN4LkKc""}},{""id"":""tron"",""symbol"":""trx"",""name"":""TRON"",""platforms"":{}},{""id"":""tron-bsc"",""symbol"":""trx"",""name"":""TRON (BSC)"",""platforms"":{""binance-smart-chain"":""0xce7de646e7208a4ef112cb6ed5038fa6cc6b12e3""}}]","53cb703da1555b8793ff97ede66d11cbf54b93cd266c0ba76c1c89fa6274fd34","ambiguous_current_candidates","False"
"TURBO","TURBO","2","51663","6","based-turbo|turbo|turbodex|turboloop-token|turbo-on-robinhood|turbo-win","Based Turbo|Turbo|Turbo on Robinhood|TURBO.WIN|TurboDEX|TurboLoop Token","[{""id"":""based-turbo"",""symbol"":""turbo"",""name"":""Based Turbo"",""platforms"":{""base"":""0xba5e66fb16944da22a62ea4fd70ad02008744460""}},{""id"":""turbo"",""symbol"":""turbo"",""name"":""Turbo"",""platforms"":{""ethereum"":""0xa35923162c49cf95e6bf26623385eb431ad920d3"",""solana"":""2Dyzu65QA9zdX1UeE7Gx71k7fiwyUK6sZdrvJ7auq5wm""}},{""id"":""turbodex"",""symbol"":""turbo"",""name"":""TurboDEX"",""platforms"":{""binance-smart-chain"":""0x9d0211c1b1a217a574cb55b0e9c367e56debeae0""}},{""id"":""turboloop-token"",""symbol"":""turbo"",""name"":""TurboLoop Token"",""platforms"":{""binance-smart-chain"":""0x64920e7f4f270f302e8b728f69b5a9fc24fda2d3""}},{""id"":""turbo-on-robinhood"",""symbol"":""turbo"",""name"":""Turbo on Robinhood"",""platforms"":{""robinhood"":""0x808a9d5071e7d5f58490cb7385027536bbe43ef0""}},{""id"":""turbo-win"",""symbol"":""turbo"",""name"":""TURBO.WIN"",""platforms"":{""ethereum"":""0x109ba5f0230b7b39e4a8ab56e7361db89fa0e108""}}]","b21adbbc9dc6db117ac60fc4f820417e0fea494c00614c70567e55e95e8b04ef","ambiguous_current_candidates","False"
"TUSD","TUSD","2","293","2","bridged-trueusd|true-usd","Bridged TrueUSD|TrueUSD","[{""id"":""bridged-trueusd"",""symbol"":""tusd"",""name"":""Bridged TrueUSD"",""platforms"":{""arbitrum-one"":""0x4d15a3a2286d883af0aa1b3f21367843fac63e07"",""binance-smart-chain"":""0x14016e85a25aeb13065688cafb43044c2ef86784"",""cronos"":""0x87efb3ec1576dec8ed47e58b832bedcd86ee186e"",""fantom"":""0x9879abdea01a879644185341f7af7d8343556b7a"",""optimistic-ethereum"":""0xcb59a0a753fdb7491d5f3d794316f1ade197b21e"",""polygon-pos"":""0x2e1ad108ff1d8c782fcbbb89aad783ac49586756""}},{""id"":""true-usd"",""symbol"":""tusd"",""name"":""TrueUSD"",""platforms"":{""avalanche"":""0x1c20e891bab6b1727d14da358fae2984ed9b59eb"",""binancecoin"":""TUSDB-888"",""binance-smart-chain"":""0x40af3827f39d0eacbf4a168f8d4ee67c121d11c9"",""ethereum"":""0x0000000000085d4780b73119b644ae5ecd22b376"",""tron"":""TUpMhErZL2fhh4sVNULAbNKLokS4GjC1F4""}}]","afb05efe8d2376d2a0cd7d6539d2c59dca0fc7a07c4f658a6850047baf5b4180","ambiguous_current_candidates","False"
"TVK","TVK","2","3807","1","the-virtua-kolect","Virtua","[{""id"":""the-virtua-kolect"",""symbol"":""tvk"",""name"":""Virtua"",""platforms"":{""ethereum"":""0xd084b83c305dafd76ae3e1b4e1f1fe2ecccb3988""}}]","03565df0fbb10aced30cd9ad1422d51374614ad49ceae8232eee8c899ebc6350","single_current_candidate_review_required","False"
"UFD","UFD","2","14698","1","unicorn-fart-dust","Unicorn Fart Dust","[{""id"":""unicorn-fart-dust"",""symbol"":""ufd"",""name"":""Unicorn Fart Dust"",""platforms"":{""solana"":""eL5fUxj2J4CiQsmW85k5FG9DvuQjjUoBHoQBi2Kpump""}}]","333b6611261d5613fc24571ec779f6e0ab747d5883ab33108b921fd68b939d62","single_current_candidate_review_required","False"
"UMA","UMA","2","5233","1","uma","UMA","[{""id"":""uma"",""symbol"":""uma"",""name"":""UMA"",""platforms"":{""avalanche"":""0x3bd2b1c7ed8d396dbb98ded3aebb41350a5b2339"",""ethereum"":""0x04fa0d235c4abf4bcf4787af4cf447de572ef828""}}]","84240eee2b3191dca33a204dea03ffda75d31b5f5bd6696534e7424743fbce32","single_current_candidate_review_required","False"
"UNFI","UNFI","2","10659","1","unifi-protocol-dao","Unifi Protocol DAO","[{""id"":""unifi-protocol-dao"",""symbol"":""unfi"",""name"":""Unifi Protocol DAO"",""platforms"":{""binance-smart-chain"":""0x728c5bac3c3e370e372fc4671f9ef6916b814d8b"",""ethereum"":""0x441761326490cacf7af299725b6292597ee822c2""}}]","7007507c58061a35f90df643e3c0b8c76124764e4585d413d054ba365390e90e","single_current_candidate_review_required","False"
"UNI","UNI","4","72938","5","linea-bridged-uni-linea|uni|unicorn-token|uniswap|uniswap-wormhole","Linea Bridged UNI (Linea)|Uni|UNICORN|Uniswap|Uniswap (Wormhole)","[{""id"":""linea-bridged-uni-linea"",""symbol"":""uni"",""name"":""Linea Bridged UNI (Linea)"",""platforms"":{""linea"":""0x636b22bc471c955a8db60f28d4795066a8201fa3""}},{""id"":""uni"",""symbol"":""uni"",""name"":""Uni"",""platforms"":{""sui"":""0xaf9e228fd0292e2a27b4859bc57a2f3a9faedb9341b6307c84fef163e44790cc::uni::UNI""}},{""id"":""unicorn-token"",""symbol"":""uni"",""name"":""UNICORN"",""platforms"":{""ethereum"":""0x2730d6fdc86c95a74253beffaa8306b40fedecbb""}},{""id"":""uniswap"",""symbol"":""uni"",""name"":""Uniswap"",""platforms"":{""arbitrum-one"":""0xfa7f8980b0f1e64a2062791cc3b0871572f1f7f0"",""avalanche"":""0x8ebaf22b6f053dffeaf46f4dd9efa95d89ba8580"",""binance-smart-chain"":""0xbf5140a22578168fd562dccf235e5d43a02ce9b1"",""energi"":""0x665b3a802979ec24e076c80025bff33c18eb6007"",""ethereum"":""0x1f9840a85d5af5bf1d1762f925bdaddc4201f984"",""harmony-shard-0"":""0x90d81749da8867962c760414c1c25ec926e889b6"",""huobi-token"":""0x22c54ce8321a4015740ee1109d9cbc25815c46e6"",""near-protocol"":""1f9840a85d5af5bf1d1762f925bdaddc4201f984.factory.bridge.near"",""optimistic-ethereum"":""0x6fd9d7ad17242c41f7131d257212c54a0e816691"",""polygon-pos"":""0xb33eaad8d922b1083446dc23f610c2567fb5180f"",""sora"":""0x009be848df92a400da2f217256c88d1a9b1a0304f9b3e90991a67418e1d3b08c"",""unichain"":""0x8f187aa05619a017077f5308904739877ce9ea21"",""xdai"":""0x4537e328bf7e4efa29d05caea260d7fe26af9d74""}},{""id"":""uniswap-wormhole"",""symbol"":""uni"",""name"":""Uniswap (Wormhole)"",""platforms"":{""solana"":""8FU95xFJhUUkyyCLU13HSzDLs7oC4QZdXQHL6SCeab36"",""terra"":""terra1wyxkuy5jq545fn7xfn3enpvs5zg9f9dghf6gxf""}}]","79da946e2d7829a6dde342b2e4a53942f630e6f616f39ddd92b0d0e8db4acf00","ambiguous_current_candidates","False"
"ZUSD","USD","3","185551","2","turbousd-unstablecoin|unstable-states-dollar","TurboUSD Unstablecoin|Unstable States Dollar","[{""id"":""turbousd-unstablecoin"",""symbol"":""₸usd"",""name"":""TurboUSD Unstablecoin"",""platforms"":{""base"":""0x3d5e487b21e0569048c4d1a60e98c36e1b09db07""}},{""id"":""unstable-states-dollar"",""symbol"":""usd"",""name"":""Unstable States Dollar"",""platforms"":{""solana"":""7WXaHLjatDZBAZ7hyRiFpYpGpPbcKiyHf6HaxUzSbonk""}}]","7783f904ada2f97b370d045acb3a5085263edf28a13aa2e7f86033a2586b15ae","ambiguous_current_candidates","False"
"USDC","USDC","7","400719","60","anubis-bridged-usdc-anubis|beam-bridged-usdc-beam|bifrost-bridged-usdc-bifrost|binance-bridged-usdc-bnb-smart-chain|bridged-usdc|bridged-usdc-chainport|bridged-usdc-core|bridged-usdc-immutable-zkevm|bridged-usdc-moonriver|bridged-usd-coin-linea|bridged-usd-coin-manta-pacific|bridged-usd-coin-scroll|bridged-usd-coin-starkgate|ccip-bridged-usdc-ronin|celer-bridged-usdc-astar|celer-bridged-usdc-conflux|celer-bridged-usdc-filecoin|cronos-bridged-usdc-cronos|cronos-zkevm-bridged-usdc-cronos-zkevm|eclipse-bridged-usdc-eclipse|edu-chain-bridged-usdc-edu-chain|energi-bridged-usdc-energi|fraxtal-bridged-usdc-fraxtal|gnosis-xdai-bridged-usdc-gnosis|hyperlane-bridged-usdc-igra|hyperlane-bridged-usdc-lukso|hyperlane-bridged-usdc-mantra-evm|ima-bridged-usdc-skale|initia-bridged-usdc-initia|kucoin-bridged-usdc-kucoin-community-chain|layerzero-bridged-usdc-aptos|layerzero-bridged-usdc-etherlink|lens-bridged-usdc-lens|mantle-bridged-usdc-mantle|mode-bridged-usdc-mode|morph-l2-bridged-usdc-morph-l2|multichain-bridged-usdc-dogechain|multichain-bridged-usdc-fantom|near-intents-bridged-usdc|neonpass-bridged-usdc-neon|nomad-bridged-usdc-moonbeam|nova-usdc|official-arbitrum-bridged-usdc-arbitrum-nova|polygon-hermez-bridged-usdc-polygon-zkevm|polygon-hermez-bridged-usdc-x-layer|q-bridged-usdc-q-mainnet|rainbow-bridged-usdc-aurora|shido-bridged-usdc|sophon-bridged-usdc-sophon|superseed-bridged-usdc-superseed|synapse-bridged-usdc-elastos|taiko-bridged-usdc-taiko|thundercore-bridged-usdc-thundercore|upside-down-cat|usd-coin|usd-coin-pulsechain|wanchain-bridged-usdc-cardano|wormhole-bridged-usdc-fantom|zero-network-bridged-usdc-zero-network|zksync-bridged-usdc-zksync","Anubis Bridged USDC (Anubis)|Arbitrum Bridged USDC (Arbitrum Nova)|Arbitrum Bridged USDC (EDU Chain)|Beam Bridged USDC (Beam)|Bifrost Bridged USDC (Bifrost)|Binance Bridged USDC (BNB Smart Chain)|Bridged USD Coin (Manta Pacific)|Bridged USD Coin (PulseChain)|Bridged USD Coin (Scroll)|Bridged USDC|Bridged USDC (Immutable zkEVM)|Bridged USDC (Moonriver)|CCIP Bridged USDC (Ronin)|Celer Bridged USDC (Astar)|Celer Bridged USDC (Conflux)|Celer Bridged USDC (Filecoin)|Chainport Bridged USDC (Humanode)|CoreDAO Bridged USDC (Core)|Cronos Bridged USDC (Cronos)|Cronos zkEVM Bridged USDC (Cronos zkEVM)|Eclipse Bridged USDC (Eclipse)|Energi Bridged USDC (Energi)|Etherlink Bridged USDC (Etherlink)|Fraxtal Bridged USDC (Fraxtal)|Gnosis xDAI Bridged USDC (Gnosis)|Hyperlane Bridged USDC (Igra)|Hyperlane Bridged USDC (LUKSO)|Hyperlane Bridged USDC (Mantra EVM)|Initia Bridged USDC (Initia)|KCC Bridged USDC (KuCoin Community Chain)|LayerZero Bridged USDC (Aptos)|Lens Bridged USDC (Lens)|Linea Bridged USDC (Linea)|Mantle Bridged USDC (Mantle)|Mode Bridged USDC (Mode)|Morph L2 Bridged USDC (Morph L2)|Multichain Bridged USDC (Dogechain)|Multichain Bridged USDC (Fantom)|NEAR Intents Bridged USDC|NeonPass Bridged USDC (Neon)|Nomad Bridged USDC (Moonbeam)|Polygon Hermez Bridged USDC (Polygon zkEVM)|Polygon Hermez Bridged USDC (X Layer)|Q Bridged USDC (Q Mainnet)|Rainbow Bridged USDC (Aurora)|Shido Bridged USDC (Shido)|Skale IMA Bridged USDC (Skale)|Sophon Bridged USDC (Sophon)|StarkGate Bridged USDC (Starknet)|Superseed Bridged USDC (Superseed)|Synapse Bridged USDC (Elastos)|Taiko Bridged USDC (Taiko)|Thundercore Bridged USDC (Thundercore)|UpSide Down Cat|USDC|Wanchain Bridged USDC (Cardano)|Wormhole Bridged USDC (Fantom)|Zero Network Bridged USDC (Zero Network)|zkLink Nova Merged Bridged USDC (zkLink Nova)|zkSync Bridged USDC (zkSync)","[{""id"":""anubis-bridged-usdc-anubis"",""symbol"":""usdc"",""name"":""Anubis Bridged USDC (Anubis)"",""platforms"":{""anubis"":""0x7dd9c7cbc32df500fa3c06fd60cd62c4e97b2eef""}},{""id"":""beam-bridged-usdc-beam"",""symbol"":""usdc"",""name"":""Beam Bridged USDC (Beam)"",""platforms"":{""beam"":""0x76bf5e7d2bcb06b1444c0a2742780051d8d0e304""}},{""id"":""bifrost-bridged-usdc-bifrost"",""symbol"":""usdc"",""name"":""Bifrost Bridged USDC (Bifrost)"",""platforms"":{""bifrost-network"":""0x640952e7984f2ecedead8fd97aa618ab1210a21c""}},{""id"":""binance-bridged-usdc-bnb-smart-chain"",""symbol"":""usdc"",""name"":""Binance Bridged USDC (BNB Smart Chain)"",""platforms"":{""binance-smart-chain"":""0x8ac76a51cc950d9822d68b83fe1ad97b32cd580d""}},{""id"":""bridged-usdc"",""symbol"":""usdc"",""name"":""Bridged USDC"",""platforms"":{""bitgert"":""0xcf2df9377a4e3c10e9ea29fdb8879d74c27fcde7"",""boba"":""0x66a2a913e447d6b4bf33efbec43aaef87890fbbc"",""fuse"":""0x620fd5fa44be6af63715ef4e65ddfa0387ad13f5"",""milkomeda-cardano"":""0xb44a9b6905af7c801311e8f4e76932ee959c663c"",""okex-chain"":""0xc946daf81b08146b1c7a8da2a851ddf2b3eaaf85"",""osmosis"":""ibc/498A0751C798A0D9A389AA3691123DADA57DAA4FE165D5C75894505B876BA6E4"",""planq-network"":""0xeceeefcee421d8062ef8d6b4d814efe4dc898265"",""sora"":""0x00ef6658f79d8b560f77b7b20a5d7822f5bc22539c7b4056128258e5829da517"",""step-network"":""0xe3f5a90f9cb311505cd691a46596599aa1a0ad7d"",""velas"":""0x80a16016cc4a2e6a2caca8a4a498b1699ff0f844""}},{""id"":""bridged-usdc-chainport"",""symbol"":""usdc"",""name"":""Chainport Bridged USDC (Humanode)"",""platforms"":{""humanode"":""0x33e5b3e24501774598367bc0832b52787ac39ca5""}},{""id"":""bridged-usdc-core"",""symbol"":""usdc"",""name"":""CoreDAO Bridged USDC (Core)"",""platforms"":{""core"":""0xa4151b2b3e269645181dccf2d426ce75fcbdeca9""}},{""id"":""bridged-usdc-immutable-zkevm"",""symbol"":""usdc"",""name"":""Bridged USDC (Immutable zkEVM)"",""platforms"":{""immutable"":""0x6de8acc0d406837030ce4dd28e7c08c5a96a30d2""}},{""id"":""bridged-usdc-moonriver"",""symbol"":""usdc"",""name"":""Bridged USDC (Moonriver)"",""platforms"":{""moonriver"":""0xe3f5a90f9cb311505cd691a46596599aa1a0ad7d""}},{""id"":""bridged-usd-coin-linea"",""symbol"":""usdc"",""name"":""Linea Bridged USDC (Linea)"",""platforms"":{""linea"":""0x176211869ca2b568f2a7d4ee941e073a821ee1ff""}},{""id"":""bridged-usd-coin-manta-pacific"",""symbol"":""usdc"",""name"":""Bridged USD Coin (Manta Pacific)"",""platforms"":{""manta-pacific"":""0xb73603c5d87fa094b7314c74ace2e64d165016fb""}},{""id"":""bridged-usd-coin-scroll"",""symbol"":""usdc"",""name"":""Bridged USD Coin (Scroll)"",""platforms"":{""scroll"":""0x06efdbff2a14a7c8e15944d1f4a48f9f95f663a4""}},{""id"":""bridged-usd-coin-starkgate"",""symbol"":""usdc"",""name"":""StarkGate Bridged USDC (Starknet)"",""platforms"":{""starknet"":""0x053c91253bc9682c04929ca02ed00b3e423f6710d2ee7e0d5ebb06f3ecf368a8""}},{""id"":""ccip-bridged-usdc-ronin"",""symbol"":""usdc"",""name"":""CCIP Bridged USDC (Ronin)"",""platforms"":{""ronin"":""0x0b7007c13325c48911f73a2dad5fa5dcbf808adc""}},{""id"":""celer-bridged-usdc-astar"",""symbol"":""usdc"",""name"":""Celer Bridged USDC (Astar)"",""platforms"":{""astar"":""0x6a2d262d56735dba19dd70682b39f6be9a931d98""}},{""id"":""celer-bridged-usdc-conflux"",""symbol"":""usdc"",""name"":""Celer Bridged USDC (Conflux)"",""platforms"":{""conflux"":""0x6963efed0ab40f6c3d7bda44a05dcf1437c44372""}},{""id"":""celer-bridged-usdc-filecoin"",""symbol"":""usdc"",""name"":""Celer Bridged USDC (Filecoin)"",""platforms"":{""filecoin"":""0x2421db204968a367cc2c866cd057fa754cb84edf""}},{""id"":""cronos-bridged-usdc-cronos"",""symbol"":""usdc"",""name"":""Cronos Bridged USDC (Cronos)"",""platforms"":{""cronos"":""0xc21223249ca28397b4b6541dffaecc539bff0c59""}},{""id"":""cronos-zkevm-bridged-usdc-cronos-zkevm"",""symbol"":""usdc"",""name"":""Cronos zkEVM Bridged USDC (Cronos zkEVM)"",""platforms"":{""cronos-zkevm"":""0xaa5b845f8c9c047779bedf64829601d8b264076c""}},{""id"":""eclipse-bridged-usdc-eclipse"",""symbol"":""usdc"",""name"":""Eclipse Bridged USDC (Eclipse)"",""platforms"":{""eclipse"":""AKEWE7Bgh87GPp171b4cJPSSZfmZwQ3KaqYqXoKLNAEE""}},{""id"":""edu-chain-bridged-usdc-edu-chain"",""symbol"":""usdc"",""name"":""Arbitrum Bridged USDC (EDU Chain)"",""platforms"":{""edu-chain"":""0x836d275563bab5e93fd6ca62a95db7065da94342""}},{""id"":""energi-bridged-usdc-energi"",""symbol"":""usdc"",""name"":""Energi Bridged USDC (Energi)"",""platforms"":{""energi"":""0xffd7510ca0a3279c7a5f50018a26c21d5bc1dbcf""}},{""id"":""fraxtal-bridged-usdc-fraxtal"",""symbol"":""usdc"",""name"":""Fraxtal Bridged USDC (Fraxtal)"",""platforms"":{""fraxtal"":""0xdcc0f2d8f90fde85b10ac1c8ab57dc0ae946a543""}},{""id"":""gnosis-xdai-bridged-usdc-gnosis"",""symbol"":""usdc"",""name"":""Gnosis xDAI Bridged USDC (Gnosis)"",""platforms"":{""xdai"":""0xddafbb505ad214d7b80b1f830fccc89b60fb7a83""}},{""id"":""hyperlane-bridged-usdc-igra"",""symbol"":""usdc"",""name"":""Hyperlane Bridged USDC (Igra)"",""platforms"":{""igra"":""0xa5b8bf902b2844da17d4506cc827f7f1681735e7""}},{""id"":""hyperlane-bridged-usdc-lukso"",""symbol"":""usdc"",""name"":""Hyperlane Bridged USDC (LUKSO)"",""platforms"":{""lukso"":""0xe0c2e4f894d4cd33626e33b24582559f3156e1ab""}},{""id"":""hyperlane-bridged-usdc-mantra-evm"",""symbol"":""usdc"",""name"":""Hyperlane Bridged USDC (Mantra EVM)"",""platforms"":{""mantra-evm"":""0x5e76be0f4e09057d75140216f70fd4ce3365bb29""}},{""id"":""ima-bridged-usdc-skale"",""symbol"":""usdc"",""name"":""Skale IMA Bridged USDC (Skale)"",""platforms"":{""skale"":""0x5f795bb52dac3085f578f4877d450e2929d2f13d""}},{""id"":""initia-bridged-usdc-initia"",""symbol"":""usdc"",""name"":""Initia Bridged USDC (Initia)"",""platforms"":{""initia"":""0xe0e9394b24e53775d6af87934ac02d73536ad58b7894f6ccff3f5e7c0d548e55""}},{""id"":""kucoin-bridged-usdc-kucoin-community-chain"",""symbol"":""usdc"",""name"":""KCC Bridged USDC (KuCoin Community Chain)"",""platforms"":{""kucoin-community-chain"":""0x980a5afef3d17ad98635f6c5aebcbaeded3c3430""}},{""id"":""layerzero-bridged-usdc-aptos"",""symbol"":""usdc"",""name"":""LayerZero Bridged USDC (Aptos)"",""platforms"":{""aptos"":""0xf22bede237a07e121b56d91a491eb7bcdfd1f5907926a9e58338f964a01b17fa::asset::USDC""}},{""id"":""layerzero-bridged-usdc-etherlink"",""symbol"":""usdc"",""name"":""Etherlink Bridged USDC (Etherlink)"",""platforms"":{""etherlink"":""0x796ea11fa2dd751ed01b53c372ffdb4aaa8f00f9""}},{""id"":""lens-bridged-usdc-lens"",""symbol"":""usdc"",""name"":""Lens Bridged USDC (Lens)"",""platforms"":{""lens"":""0x88f08e304ec4f90d644cec3fb69b8ad414acf884""}},{""id"":""mantle-bridged-usdc-mantle"",""symbol"":""usdc"",""name"":""Mantle Bridged USDC (Mantle)"",""platforms"":{""mantle"":""0x09bc4e0d864854c6afb6eb9a9cdf58ac190d0df9""}},{""id"":""mode-bridged-usdc-mode"",""symbol"":""usdc"",""name"":""Mode Bridged USDC (Mode)"",""platforms"":{""mode"":""0xd988097fb8612cc24eec14542bc03424c656005f""}},{""id"":""morph-l2-bridged-usdc-morph-l2"",""symbol"":""usdc"",""name"":""Morph L2 Bridged USDC (Morph L2)"",""platforms"":{""morph-l2"":""0xe34c91815d7fc18a9e2148bcd4241d0a5848b693""}},{""id"":""multichain-bridged-usdc-dogechain"",""symbol"":""usdc"",""name"":""Multichain Bridged USDC (Dogechain)"",""platforms"":{""dogechain"":""0x765277eebeca2e31912c9946eae1021199b39c61""}},{""id"":""multichain-bridged-usdc-fantom"",""symbol"":""usdc"",""name"":""Multichain Bridged USDC (Fantom)"",""platforms"":{""fantom"":""0x04068da6c83afcfa0e13ba15a6696662335d5b75""}},{""id"":""near-intents-bridged-usdc"",""symbol"":""usdc"",""name"":""NEAR Intents Bridged USDC"",""platforms"":{""near-protocol"":""eth-0xa0b86991c6218b36c1d19d4a2e9eb0ce3606eb48.omft.near""}},{""id"":""neonpass-bridged-usdc-neon"",""symbol"":""usdc"",""name"":""NeonPass Bridged USDC (Neon)"",""platforms"":{""neon-evm"":""0xea6b04272f9f62f997f666f07d3a974134f7ffb9""}},{""id"":""nomad-bridged-usdc-moonbeam"",""symbol"":""usdc"",""name"":""Nomad Bridged USDC (Moonbeam)"",""platforms"":{""moonbeam"":""0x8f552a71efe5eefc207bf75485b356a0b3f01ec9""}},{""id"":""nova-usdc"",""symbol"":""usdc"",""name"":""zkLink Nova Merged Bridged USDC (zkLink Nova)"",""platforms"":{""zklink-nova"":""0x1a1a3b2ff016332e866787b311fcb63928464509""}},{""id"":""official-arbitrum-bridged-usdc-arbitrum-nova"",""symbol"":""usdc"",""name"":""Arbitrum Bridged USDC (Arbitrum Nova)"",""platforms"":{""arbitrum-nova"":""0x750ba8b76187092b0d1e87e28daaf484d1b5273b""}},{""id"":""polygon-hermez-bridged-usdc-polygon-zkevm"",""symbol"":""usdc"",""name"":""Polygon Hermez Bridged USDC (Polygon zkEVM)"",""platforms"":{""polygon-zkevm"":""0xa8ce8aee21bc2a48a5ef670afcc9274c7bbbc035""}},{""id"":""polygon-hermez-bridged-usdc-x-layer"",""symbol"":""usdc"",""name"":""Polygon Hermez Bridged USDC (X Layer)"",""platforms"":{""x-layer"":""0x74b7f16337b8972027f6196a17a631ac6de26d22""}},{""id"":""q-bridged-usdc-q-mainnet"",""symbol"":""usdc"",""name"":""Q Bridged USDC (Q Mainnet)"",""platforms"":{""q-mainnet"":""0x79cb92a2806bf4f82b614a84b6805963b8b1d8bb""}},{""id"":""rainbow-bridged-usdc-aurora"",""symbol"":""usdc"",""name"":""Rainbow Bridged USDC (Aurora)"",""platforms"":{""aurora"":""0xb12bfca5a55806aaf64e99521918a4bf0fc40802""}},{""id"":""shido-bridged-usdc"",""symbol"":""usdc"",""name"":""Shido Bridged USDC (Shido)"",""platforms"":{""shido"":""0xee1fc22381e6b6bb5ee3bf6b5ec58df6f5480df8""}},{""id"":""sophon-bridged-usdc-sophon"",""symbol"":""usdc"",""name"":""Sophon Bridged USDC (Sophon)"",""platforms"":{""sophon"":""0x9aa0f72392b5784ad86c6f3e899bcc053d00db4f""}},{""id"":""superseed-bridged-usdc-superseed"",""symbol"":""usdc"",""name"":""Superseed Bridged USDC (Superseed)"",""platforms"":{""superseed"":""0xc316c8252b5f2176d0135ebb0999e99296998f2e""}},{""id"":""synapse-bridged-usdc-elastos"",""symbol"":""usdc"",""name"":""Synapse Bridged USDC (Elastos)"",""platforms"":{""defi-kingdoms-blockchain"":""0x3ad9dfe640e1a9cc1d9b0948620820d975c3803a""}},{""id"":""taiko-bridged-usdc-taiko"",""symbol"":""usdc"",""name"":""Taiko Bridged USDC (Taiko)"",""platforms"":{""taiko"":""0x07d83526730c7438048d55a4fc0b850e2aab6f0b""}},{""id"":""thundercore-bridged-usdc-thundercore"",""symbol"":""usdc"",""name"":""Thundercore Bridged USDC (Thundercore)"",""platforms"":{""thundercore"":""0x22e89898a04eaf43379beb70bf4e38b1faf8a31e""}},{""id"":""upside-down-cat"",""symbol"":""usdc"",""name"":""UpSide Down Cat"",""platforms"":{""solana"":""F3UfckxLPtCmFQZ8WDkDsYiwDHFzpdFrC1sfNkEofJH1""}},{""id"":""usd-coin"",""symbol"":""usdc"",""name"":""USDC"",""platforms"":{""algorand"":""31566704"",""aptos"":""0xbae207659db88bea0cbead6da0ed00aac12edcdda169e591cd41c94180b46f3b"",""arbitrum-one"":""0xaf88d065e77c8cc2239327c5edb3a432268e5831"",""avalanche"":""0xb97ef9ef8734c71904d8002f8b6bc66dd9c48a6e"",""base"":""0x833589fcd6edb6e08f4c7c32d4f71b54bda02913"",""celo"":""0xceba9300f2b948710d2653dd7b07f33a8b32118c"",""cronos"":""0x3d7f2c478aafdb65542bcb44bceec05849999d2d"",""ethereum"":""0xa0b86991c6218b36c1d19d4a2e9eb0ce3606eb48"",""hedera-hashgraph"":""0.0.456858"",""hyperevm"":""0xb88339cb7199b77e23db6e890353e22632ba630f"",""hyperliquid"":""0x6d1e7cde53ba9467b783cb7c530ce054"",""injective"":""0xa00c59ff5a080d2b954d0c75e46e22a0c371235a"",""ink"":""0x2d270e6886d130d724215a266106e6832161eaed"",""monad"":""0x754704bc059f8c67012fed69bc8a327a5aafb603"",""morph-l2"":""0xcfb1186f4e93d60e60a8bdd997427d1f33bc372b"",""near-protocol"":""17208628f84f5d6ad33f0da3bbbeb27ffcb398eac501a31bd6ad2011e36133a1"",""optimistic-ethereum"":""0x0b2c639c533813f4aa9d7837caf62653d097ff85"",""pharos"":""0xc879c018db60520f4355c26ed1a6d572cdac1815"",""plume-network"":""0x222365ef19f7947e5484218551b56bb3965aa7af"",""polkadot"":""1337"",""polygon-pos"":""0x3c499c542cef5e3811e1192ce70d8cc03d5c3359"",""sei-v2"":""0xe15fc38f6d8c56af07bbcbe3baf5708a2bf42392"",""solana"":""EPjFWdd5AufqSSqeM2qN1xzybapC8G4wEGGkZwyTDt1v"",""sonic"":""0x29219dd400f2bf60e5a23d13be72b486d4038894"",""starknet"":""0x033068f6539f8e6e6b131e6b2b814e6c34a5224bc66947c47dab9dfee93b35fb"",""stellar"":""CCW67TSZV3SSS2HXMBQ5JFGCKJNXKZM7UQUWUZPUTHXSTZLEO7SJMI75"",""sui"":""0xdba34672e30cb065b1f93e3ab55318768fd6fef66c15942c9f7cb846e2f900e7::usdc::USDC"",""tron"":""TEkxiTehnzSmSe2XqrBj4w32RUN966rdz8"",""unichain"":""0x078d782b760474a361dda0af3839290b0ef57ad6"",""world-chain"":""0x79a02482a880bce3f13e09da970dc34db4cd24d1"",""xdc-network"":""0xfa2958cb79b0491cc627c1557f441ef849ca8eb1"",""x-layer"":""0xb6ceceab302e2e4948951ee7843fc24e92933061"",""xrp"":""5553444300000000000000000000000000000000.rGm7WCVp9gb4jZHWTEtGUr4dd74z2XuWhE"",""zksync"":""0x1d17cbcf0d6d143135ae902365d2e5e2a16538d4""}},{""id"":""usd-coin-pulsechain"",""symbol"":""usdc"",""name"":""Bridged USD Coin (PulseChain)"",""platforms"":{""pulsechain"":""0x15d38573d2feeb82e7ad5187ab8c1d52810b1f07""}},{""id"":""wanchain-bridged-usdc-cardano"",""symbol"":""usdc"",""name"":""Wanchain Bridged USDC (Cardano)"",""platforms"":{""cardano"":""25c5de5f5b286073c593edfd77b48abc7a48e5a4f3d4cd9d428ff93555534443""}},{""id"":""wormhole-bridged-usdc-fantom"",""symbol"":""usdc"",""name"":""Wormhole Bridged USDC (Fantom)"",""platforms"":{""fantom"":""0x2f733095b80a04b38b0d10cc884524a3d09b836a""}},{""id"":""zero-network-bridged-usdc-zero-network"",""symbol"":""usdc"",""name"":""Zero Network Bridged USDC (Zero Network)"",""platforms"":{""zero-network"":""0x6a6394f47dd0baf794808f2749c09bd4ee874e70""}},{""id"":""zksync-bridged-usdc-zksync"",""symbol"":""usdc"",""name"":""zkSync Bridged USDC (zkSync)"",""platforms"":{""zksync"":""0x3355df6d4c9c3035724fd0e3914de96a5a83aaf4""}}]","b6dee9702b3f74ecb0a51ed60c49d0e7b40b6760abd915364349226c040def60","ambiguous_current_candidates","False"
"USDD","USDD","2","3350","1","usdd","USDD","[{""id"":""usdd"",""symbol"":""usdd"",""name"":""USDD"",""platforms"":{""binance-smart-chain"":""0x45e51bc23d592eb2dba86da3985299f7895d66ba"",""ethereum"":""0x4f8e5de400de08b164e7421b3ee387f461becd1a"",""tron"":""TXDk8mbtRbXeYuMNS83CfKPaYYT8XWv9Hz""}}]","5fb8464976116fbe6ab54d647298c59f0f19b4a1f1a41b6f258fd66fec069626","single_current_candidate_review_required","False"
"USDG","USDG","2","57903","1","global-dollar","Global Dollar","[{""id"":""global-dollar"",""symbol"":""usdg"",""name"":""Global Dollar"",""platforms"":{""ethereum"":""0xe343167631d89b6ffc58b88d6b7fb0228795491d"",""ink"":""0xe343167631d89b6ffc58b88d6b7fb0228795491d"",""robinhood"":""0x5fc5360d0400a0fd4f2af552add042d716f1d168"",""solana"":""2u1tszSeqZ3qBWF3uNGPFc8TzMk2tdiwknnRMWGWjGWH"",""x-layer"":""0x4ae46a509f6b1d9056937ba4500cb143933d2dc8""}}]","a3a93a570eef87c41e129619b3fa0fd65093454f7a58cd6a48b0c3afbac94057","single_current_candidate_review_required","False"
"USDQ","USDQ","4","97732","1","quantoz-usdq","Quantoz USDQ","[{""id"":""quantoz-usdq"",""symbol"":""usdq"",""name"":""Quantoz USDQ"",""platforms"":{""algorand"":""2768603795"",""ethereum"":""0xc83e27f270cce0a3a3a29521173a83f402c1768b"",""polygon-pos"":""0xb291996477504506bf5f583102b5b5ea5d1e40e0"",""xrp"":""USDQ.rDk1xiArDMjDqnrR2yWypwQAKg4mKnQYvs""}}]","41362bd2a2baf3fb022e56b706a469020732db5513366c97c10db03d6206dce2","single_current_candidate_review_required","False"
"USDR","USDR","4","1973","5","real-usd|ring-usd|stablr-usd|us-diamond-reserve|usdr","Real USD|Ring USD|StablR USD|US Diamond Reserve|USDR","[{""id"":""real-usd"",""symbol"":""usdr"",""name"":""Real USD"",""platforms"":{""polygon-pos"":""0x40379a439d4f6795b6fc9aa5687db461677a2dba""}},{""id"":""ring-usd"",""symbol"":""usdr"",""name"":""Ring USD"",""platforms"":{""ethereum"":""0x4ea40dcee961675683e0a2e1721bd49cb9bca913""}},{""id"":""stablr-usd"",""symbol"":""usdr"",""name"":""StablR USD"",""platforms"":{""ethereum"":""0x7b43e3875440b44613dc3bc08e7763e6da63c8f8""}},{""id"":""us-diamond-reserve"",""symbol"":""usdr"",""name"":""US Diamond Reserve"",""platforms"":{""solana"":""EJvBDsre5a3DbLmHZBw1YUeUqETJ3X9UkgR6TLiipump""}},{""id"":""usdr"",""symbol"":""usdr"",""name"":""USDR"",""platforms"":{}}]","c6131da1e74f2d3f5f18d88ecdf5820812ea71ff705e56afdf2c0a2f803f8852","ambiguous_current_candidates","False"
"USDS","USDS","2","577","2","sperax-usd|usds","Sperax USD|USDS","[{""id"":""sperax-usd"",""symbol"":""usds"",""name"":""Sperax USD"",""platforms"":{""arbitrum-one"":""0xd74f5255d557944cf7dd0e45ff521520002d5748""}},{""id"":""usds"",""symbol"":""usds"",""name"":""USDS"",""platforms"":{""arbitrum-one"":""0x6491c05a82219b8d1479057361ff1654749b876b"",""base"":""0x820c137fa70c8691f0e44dc420a5e53c168921dc"",""ethereum"":""0xdc035d45d973e3ec169d2276ddab16f1e407384f"",""solana"":""USDSwr9ApdHk5bvJKMjzff41FfuX8bSxdKcR81vTwcA""}}]","79ed6002518f5e0b6abbc208e687ca6f634539f632c2ea1dc3cc7ea0f257318c","ambiguous_current_candidates","False"
"USDT","USDT","7","426863","48","abstract-bridged-usdt-abstract|alcor-ibc-bridged-usdt-wax|areon-bridged-usdt-areon-network|beam-bridged-usdt-beam|bob-network-bridged-usdt-bob-network|bot-chain-bridged-usdt-bot-chain|bridged-tether-fuse|bridged-tether-linea|bridged-tether-manta-pacific|bridged-tether-opbnb|bridged-tether-scroll|bridged-tether-starkgate|bridged-usdt|bridged-usdt-core|celer-bridged-usdt-astar|celer-bridged-usdt-conflux|cronos-bridged-usdt-cronos|eni-bridged-usdt-eni|gnosis-xdai-bridged-usdt-gnosis|hieswap-bridged-usdt-fonchain|injective-bridged-usdt-injective|kaia-bridged-usdt-kaia|krown-bridged-usdt-krown|kub-bridged-usdt-kub|kucoin-bridged-usdt-kucoin-community-chain|l2-standard-bridged-usdt-base|lisk-bridged-usdt|mode-bridged-usdt-mode|morph-l2-bridged-usdt-morph-l2|near-intents-bridged-usdt|nova-tether-usd|osmosis-allusdt|polygon-hermez-bridged-usdt-polygon-zkevm|polygon-hermez-bridged-usdt-x-layer|redbelly-bridged-usdt-redbelly|shimmerbridge-bridged-usdt-shimmerevm|soneium-bridged-usdt-soneium|sonic-bridged-usdt-sonic|sophon-bridged-usdt-sophon|stargate-bridged-usdt|tac-bridged-usdt-tac|tether|tether-pulsechain|tether-usd-wormhole-from-ethereum|thundercore-bridged-usdt-thundercore|unichain-bridged-usdt-unichain|units-network-bridged-usdt-units-network|viction-bridged-usdt","Abstract Bridged USDT (Abstract)|Alcor IBC Bridged USDT (WAX)|Areum Bridged USDT (Areum Network)|Arken Bridged USDT (Viction)|Beam Bridged USDT (Beam)|BOB Network Bridged USDT (BOB Network)|BOT Chain Bridged USDT (BOT Chain)|Bridged USDT|Celer Bridged USDT (Astar)|Celer Bridged USDT (Conflux)|CoreDAO Bridged USDT (Core)|Cronos Bridged USDT (Cronos)|ENI Bridged USDT (ENI)|Fuse Bridged USDT (Fuse)|HieSwap Bridged USDT (FONChain)|Injective Bridged USDT (Injective)|KCC Bridged USDT (Kucoin Community Chain)|Krown Bridged USDT (Krown)|KUB Bridged USDT (KUB)|L2 Standard Bridged USDT (Base)|Linea Bridged USDT (Linea)|Lisk Bridged USDT (Lisk)|Lucid Bridged USDT (Redbelly)|Manta Pacific Bridged USDT (Manta Pacific)|Mode Bridged USDT (Mode)|Morph L2 Bridged USDT (Morph L2)|NEAR Intents Bridged USDT|Nova Merged USDT (zkLink)|opBNB Bridged USDT (opBNB)|Osmosis allUSDT|Polygon Hermez Bridged USDT (Polygon zkEVM)|Polygon Hermez Bridged USDT (x Layer)|Pulsechain Bridged USDT (Pulsechain)|Scroll Bridged USDT (Scroll)|ShimmerBridge Bridged USDT (ShimmerEVM)|Soneium Bridged USDT (Soneium)|Sonic Gateway Bridged USDT (Sonic)|Sophon Bridged USDT (Sophon)|Stargate Bridged USDT|StarkGate Bridged USDT (StarkNet)|TAC Bridged USDT (TAC)|Tether|Thundercore Bridged USDT (Thundercore)|Unichain Bridged USDT (Unichain)|Unit Zero Network Bridged USDT (Unit Zero Network)|Wormhole Bridged USDT|Wormhole Bridged USDT (Kaia)|xDai Bridged USDT (Gnosis)","[{""id"":""abstract-bridged-usdt-abstract"",""symbol"":""usdt"",""name"":""Abstract Bridged USDT (Abstract)"",""platforms"":{""abstract"":""0x0709f39376deee2a2dfc94a58edeb2eb9df012bd""}},{""id"":""alcor-ibc-bridged-usdt-wax"",""symbol"":""usdt"",""name"":""Alcor IBC Bridged USDT (WAX)"",""platforms"":{""wax"":""WAXUSDT-wax-eth.token""}},{""id"":""areon-bridged-usdt-areon-network"",""symbol"":""usdt"",""name"":""Areum Bridged USDT (Areum Network)"",""platforms"":{""areon-network"":""0x7208c6b86299f1ebce8dd4122658e00bc0337e86""}},{""id"":""beam-bridged-usdt-beam"",""symbol"":""usdt"",""name"":""Beam Bridged USDT (Beam)"",""platforms"":{""beam"":""0x999f90f25a2922ae1b21a06066f7edebedad42a9""}},{""id"":""bob-network-bridged-usdt-bob-network"",""symbol"":""usdt"",""name"":""BOB Network Bridged USDT (BOB Network)"",""platforms"":{""bob-network"":""0x05d032ac25d322df992303dca074ee7392c117b9""}},{""id"":""bot-chain-bridged-usdt-bot-chain"",""symbol"":""usdt"",""name"":""BOT Chain Bridged USDT (BOT Chain)"",""platforms"":{""bot-chain"":""0xababc7ddc03e501d190c676bf3d92ef0e6e87a3c""}},{""id"":""bridged-tether-fuse"",""symbol"":""usdt"",""name"":""Fuse Bridged USDT (Fuse)"",""platforms"":{""fuse"":""0x68c9736781e9316ebf5c3d49fe0c1f45d2d104cd""}},{""id"":""bridged-tether-linea"",""symbol"":""usdt"",""name"":""Linea Bridged USDT (Linea)"",""platforms"":{""linea"":""0xa219439258ca9da29e9cc4ce5596924745e12b93""}},{""id"":""bridged-tether-manta-pacific"",""symbol"":""usdt"",""name"":""Manta Pacific Bridged USDT (Manta Pacific)"",""platforms"":{""manta-pacific"":""0xf417f5a458ec102b90352f697d6e2ac3a3d2851f""}},{""id"":""bridged-tether-opbnb"",""symbol"":""usdt"",""name"":""opBNB Bridged USDT (opBNB)"",""platforms"":{""opbnb"":""0x9e5aac1ba1a2e6aed6b32689dfcf62a509ca96f3""}},{""id"":""bridged-tether-scroll"",""symbol"":""usdt"",""name"":""Scroll Bridged USDT (Scroll)"",""platforms"":{""scroll"":""0xf55bec9cafdbe8730f096aa55dad6d22d44099df""}},{""id"":""bridged-tether-starkgate"",""symbol"":""usdt"",""name"":""StarkGate Bridged USDT (StarkNet)"",""platforms"":{""starknet"":""0x068f5c6a61780768455de69077e07e89787839bf8166decfbf92b645209c0fb8""}},{""id"":""bridged-usdt"",""symbol"":""usdt"",""name"":""Bridged USDT"",""platforms"":{""bitgert"":""0xde14b85cf78f2add2e867fee40575437d5f10c06"",""boba"":""0x5de1677344d3cb0d7d465c10b72a8f60699c062d"",""canto"":""0xd567b3d7b8fe3c79a1ad8da978812cfc4fa05e75"",""ethereumpow"":""0x2ad7868ca212135c6119fd7ad1ce51cfc5702892"",""fuse"":""0xfadbbf8ce7d5b7041be672561bba99f79c532e10"",""harmony-shard-0"":""0x3c2b8be99c50593081eaa2a724f0b8285f5aba8f"",""iotex"":""0x3cdb7c48e70b854ed2fa392e21687501d84b3afc"",""kardiachain"":""0x551a5dcac57c66aa010940c2dcff5da9c53aa53b"",""meter"":""0x5fa41671c48e3c951afc30816947126ccc8c162e"",""milkomeda-cardano"":""0x80a16016cc4a2e6a2caca8a4a498b1699ff0f844"",""oasys"":""0xdc3af65ecbd339309ec55f109cb214e0325c5ed4"",""okex-chain"":""0x382bb369d343125bfb2117af9c149795c6c65c50"",""optimistic-ethereum"":""0x94b008aa00579c1307b0ef2c499ad98a8ce58e58"",""osmosis"":""ibc/4ABBEF4C8926DDDB320AE5188CFD63267ABBCEFC0583E4AE05D6E5AA2401DDAB"",""rollux"":""0x28c9c7fb3fe3104d2116af26cc8ef7905547349c"",""velas"":""0xb44a9b6905af7c801311e8f4e76932ee959c663c"",""zksync"":""0x493257fd37edb34451f62edf8d2a0c418852ba4c""}},{""id"":""bridged-usdt-core"",""symbol"":""usdt"",""name"":""CoreDAO Bridged USDT (Core)"",""platforms"":{""core"":""0x900101d06a7426441ae63e9ab3b9b0f63be145f1""}},{""id"":""celer-bridged-usdt-astar"",""symbol"":""usdt"",""name"":""Celer Bridged USDT (Astar)"",""platforms"":{""astar"":""0x3795c36e7d12a8c252a20c5a7b455f7c57b60283""}},{""id"":""celer-bridged-usdt-conflux"",""symbol"":""usdt"",""name"":""Celer Bridged USDT (Conflux)"",""platforms"":{""conflux"":""0xfe97e85d13abd9c1c33384e796f10b73905637ce""}},{""id"":""cronos-bridged-usdt-cronos"",""symbol"":""usdt"",""name"":""Cronos Bridged USDT (Cronos)"",""platforms"":{""cronos"":""0x66e428c3f67a68878562e79a0234c1f83c208770""}},{""id"":""eni-bridged-usdt-eni"",""symbol"":""usdt"",""name"":""ENI Bridged USDT (ENI)"",""platforms"":{""eni"":""0xdc1a8a35b0baa3229b13f348ed708a2fd50b5e3a""}},{""id"":""gnosis-xdai-bridged-usdt-gnosis"",""symbol"":""usdt"",""name"":""xDai Bridged USDT (Gnosis)"",""platforms"":{""xdai"":""0x4ecaba5870353805a9f068101a40e0f32ed605c6""}},{""id"":""hieswap-bridged-usdt-fonchain"",""symbol"":""usdt"",""name"":""HieSwap Bridged USDT (FONChain)"",""platforms"":{""fonchain"":""0x9a9ed7440a3850c4d7240c9fca8b7c96802615f0""}},{""id"":""injective-bridged-usdt-injective"",""symbol"":""usdt"",""name"":""Injective Bridged USDT (Injective)"",""platforms"":{""injective"":""peggy0xdAC17F958D2ee523a2206206994597C13D831ec7""}},{""id"":""kaia-bridged-usdt-kaia"",""symbol"":""usdt"",""name"":""Wormhole Bridged USDT (Kaia)"",""platforms"":{""klay-token"":""0x5c13e303a62fc5dedf5b52d66873f2e59fedadc2""}},{""id"":""krown-bridged-usdt-krown"",""symbol"":""usdt"",""name"":""Krown Bridged USDT (Krown)"",""platforms"":{""krown-network"":""0x59973ae98d340ca0577ed92502402e82e987ba2e""}},{""id"":""kub-bridged-usdt-kub"",""symbol"":""usdt"",""name"":""KUB Bridged USDT (KUB)"",""platforms"":{""bitkub-chain"":""0x21cdc3706b8c7b1836df0e533dd884069521350b""}},{""id"":""kucoin-bridged-usdt-kucoin-community-chain"",""symbol"":""usdt"",""name"":""KCC Bridged USDT (Kucoin Community Chain)"",""platforms"":{""kucoin-community-chain"":""0x0039f574ee5cc39bdd162e9a88e3eb1f111baf48""}},{""id"":""l2-standard-bridged-usdt-base"",""symbol"":""usdt"",""name"":""L2 Standard Bridged USDT (Base)"",""platforms"":{""base"":""0xfde4c96c8593536e31f229ea8f37b2ada2699bb2""}},{""id"":""lisk-bridged-usdt"",""symbol"":""usdt"",""name"":""Lisk Bridged USDT (Lisk)"",""platforms"":{""lisk"":""0x05d032ac25d322df992303dca074ee7392c117b9""}},{""id"":""mode-bridged-usdt-mode"",""symbol"":""usdt"",""name"":""Mode Bridged USDT (Mode)"",""platforms"":{""mode"":""0xf0f161fda2712db8b566946122a5af183995e2ed""}},{""id"":""morph-l2-bridged-usdt-morph-l2"",""symbol"":""usdt"",""name"":""Morph L2 Bridged USDT (Morph L2)"",""platforms"":{""morph-l2"":""0xc7d67a9cbb121b3b0b9c053dd9f469523243379a""}},{""id"":""near-intents-bridged-usdt"",""symbol"":""usdt"",""name"":""NEAR Intents Bridged USDT"",""platforms"":{""near-protocol"":""eth-0xdac17f958d2ee523a2206206994597c13d831ec7.omft.near""}},{""id"":""nova-tether-usd"",""symbol"":""usdt"",""name"":""Nova Merged USDT (zkLink)"",""platforms"":{""zklink-nova"":""0x2f8a25ac62179b31d62d7f80884ae57464699059""}},{""id"":""osmosis-allusdt"",""symbol"":""usdt"",""name"":""Osmosis allUSDT"",""platforms"":{""osmosis"":""factory/osmo1em6xs47hd82806f5cxgyufguxrrc7l0aqx7nzzptjuqgswczk8csavdxek/alloyed/allUSDT""}},{""id"":""polygon-hermez-bridged-usdt-polygon-zkevm"",""symbol"":""usdt"",""name"":""Polygon Hermez Bridged USDT (Polygon zkEVM)"",""platforms"":{""polygon-zkevm"":""0x1e4a5963abfd975d8c9021ce480b42188849d41d""}},{""id"":""polygon-hermez-bridged-usdt-x-layer"",""symbol"":""usdt"",""name"":""Polygon Hermez Bridged USDT (x Layer)"",""platforms"":{""x-layer"":""0x1e4a5963abfd975d8c9021ce480b42188849d41d""}},{""id"":""redbelly-bridged-usdt-redbelly"",""symbol"":""usdt"",""name"":""Lucid Bridged USDT (Redbelly)"",""platforms"":{""redbelly-network"":""0x8c4acd74ff4385f3b7911432fa6787aa14406f8b""}},{""id"":""shimmerbridge-bridged-usdt-shimmerevm"",""symbol"":""usdt"",""name"":""ShimmerBridge Bridged USDT (ShimmerEVM)"",""platforms"":{""shimmer_evm"":""0xa4f8c7c1018b9dd3be5835bf00f335d9910af6bd""}},{""id"":""soneium-bridged-usdt-soneium"",""symbol"":""usdt"",""name"":""Soneium Bridged USDT (Soneium)"",""platforms"":{""soneium"":""0x3a337a6ada9d885b6ad95ec48f9b75f197b5ae35""}},{""id"":""sonic-bridged-usdt-sonic"",""symbol"":""usdt"",""name"":""Sonic Gateway Bridged USDT (Sonic)"",""platforms"":{""sonic"":""0x6047828dc181963ba44974801ff68e538da5eaf9""}},{""id"":""sophon-bridged-usdt-sophon"",""symbol"":""usdt"",""name"":""Sophon Bridged USDT (Sophon)"",""platforms"":{""sophon"":""0x6386da73545ae4e2b2e0393688fa8b65bb9a7169""}},{""id"":""stargate-bridged-usdt"",""symbol"":""usdt"",""name"":""Stargate Bridged USDT"",""platforms"":{""flare-network"":""0x0b38e83b86d491735feaa0a791f65c2b99535396"",""fuse"":""0x3695dd1d1d43b794c0b13eb8be8419eb3ac22bf7"",""gravity-alpha"":""0x816e810f9f787d669fb71932deabf6c83781cd48"",""hemi"":""0xbb0d083fb1be0a9f6157ec484b6c79e0a4e31c2e"",""iota-evm"":""0xc1b8045a6ef2934cf0f78b0dbd489969fa9be7e4"",""klay-token"":""0x9025095263d1e548dc890a7589a4c78038ac40ab"",""mantle"":""0x201eba5cc46d216ce6dc03f6a759e8e766e956ae"",""metis-andromeda"":""0xbb06dca3ae6887fabf931640f67cab3e3a16f4dc"",""peaq"":""0xf4d9235269a96aadafc9adae454a0618ebe37949"",""plume-network"":""0xda6087e69c51e7d31b6dbad276a3c44703dfdcad"",""rari"":""0x362fae9a75b27bbc550aac28a7c1f96c8d483120"",""rootstock"":""0xaf368c91793cb22739386dfcbbb2f1a9e4bcbebf"",""somnia"":""0x67b302e35aef5eee8c32d934f5856869ef428330"",""taiko"":""0x9c2dc7377717603eb92b2655c5f2e7997a4945bd"",""xdc-network"":""0xcda5b77e2e2268d9e09c874c1b9a4c3f07b37555""}},{""id"":""tac-bridged-usdt-tac"",""symbol"":""usdt"",""name"":""TAC Bridged USDT (TAC)"",""platforms"":{""tac"":""0xaf988c3f7cb2aceabb15f96b19388a259b6c438f""}},{""id"":""tether"",""symbol"":""usdt"",""name"":""Tether"",""platforms"":{""aptos"":""0x357b0b74bc833e95a115ad22604854d6b0fca151cecd94111770e5d6ffc9dc2b"",""avalanche"":""0x9702230a8ea53601f5cd2dc00fdbc13d4df4a8c7"",""celo"":""0x48065fbbe25f71c9282ddf5e1cd6d6a887483d5e"",""ethereum"":""0xdac17f958d2ee523a2206206994597c13d831ec7"",""kava"":""0x919c1c267bc06a7039e03fcc2ef738525769109c"",""klay-token"":""0xd077a400968890eacc75cdc901f0356c943e4fdb"",""near-protocol"":""usdt.tether-token.near"",""solana"":""Es9vMFrzaCERmJfrF4H2FYD4KCoNkY11McCe8BenwNYB"",""tezos"":""KT1XnTn74bUtxHfDtBmm2bGZAQfhPbvKWR8o"",""the-open-network"":""EQCxE6mUtQJKFnGfaROTKOt1lZbDiiX1kCixRv7Nw2Id_sDs"",""tron"":""TR7NHqjeKQxGTCi8q8ZY4pL8otSzgjLj6t""}},{""id"":""tether-pulsechain"",""symbol"":""usdt"",""name"":""Pulsechain Bridged USDT (Pulsechain)"",""platforms"":{""pulsechain"":""0x0cb6f5a34ad42ec934882a05265a7d5f59b51a2f""}},{""id"":""tether-usd-wormhole-from-ethereum"",""symbol"":""usdt"",""name"":""Wormhole Bridged USDT"",""platforms"":{""binance-smart-chain"":""0x524bc91dc82d6b90ef29f76a3ecaabafffd490bc"",""oasis"":""0xdc19a122e268128b5ee20366299fc7b5b199c8e3"",""polygon-pos"":""0x9417669fbf23357d2774e9d421307bd5ea1006d2"",""solana"":""Dn4noZ5jgGfkntzcQSUZ8czkreiZ1ForXYoV2H8Dm7S1"",""sui"":""0xc060006111016b8a020ad5b33834984a437aaa7d3c74c18e09a95d48aceab08c::coin::COIN"",""terra"":""terra1ce06wkrdm4vl6t0hvc0g86rsy27pu8yadg3dva""}},{""id"":""thundercore-bridged-usdt-thundercore"",""symbol"":""usdt"",""name"":""Thundercore Bridged USDT (Thundercore)"",""platforms"":{""thundercore"":""0x4f3c8e20942461e2c3bdd8311ac57b0c222f2b82""}},{""id"":""unichain-bridged-usdt-unichain"",""symbol"":""usdt"",""name"":""Unichain Bridged USDT (Unichain)"",""platforms"":{""unichain"":""0x588ce4f028d8e7b53b687865d6a67b3a54c75518""}},{""id"":""units-network-bridged-usdt-units-network"",""symbol"":""usdt"",""name"":""Unit Zero Network Bridged USDT (Unit Zero Network)"",""platforms"":{""units-network"":""0xb303d80db8415fd1d3c9fed68a52eeac9a052671""}},{""id"":""viction-bridged-usdt"",""symbol"":""usdt"",""name"":""Arken Bridged USDT (Viction)"",""platforms"":{""tomochain"":""0x69b946132b4a6c74cd29ba3ff614ceea1ef9ff2b""}}]","69dc308bcfc3e656262cd1c135902e0c48ba86e7ffd3b43a9df87dc0afc6864a","ambiguous_current_candidates","False"
"UST","UST","4","3636","1","terrausd-wormhole","TerraUSD (Wormhole)","[{""id"":""terrausd-wormhole"",""symbol"":""ust"",""name"":""TerraUSD (Wormhole)"",""platforms"":{""avalanche"":""0xb599c3590f42f8f995ecfa0f85d2980b76862fc1"",""binance-smart-chain"":""0x3d4350cd54aef9f9b2c29435e0fa809957b3f30a"",""ethereum"":""0xa693b19d2931d498c5b318df961919bb4aee87a5"",""fantom"":""0x846e4d51d7e2043c1a87e0ab7490b93fb940357b"",""polygon-pos"":""0xe6469ba6d2fd6130788e0ea9c0a0515900563b59"",""solana"":""9vMJfxuKxXBoEa7rM12mYLMwTacLMLDJqHozw96WQL8i""}}]","436b71fefaed83befd0e073683251f9efdf48b47826187fcf550369b13ac16f7","single_current_candidate_review_required","False"
"USUAL","USUAL","2","13560","1","usual","Usual","[{""id"":""usual"",""symbol"":""usual"",""name"":""Usual"",""platforms"":{""base"":""0x4acd4d03af6f9cc0fb7c5f0868b7b6287d7969c5"",""binance-smart-chain"":""0x4acd4d03af6f9cc0fb7c5f0868b7b6287d7969c5"",""ethereum"":""0xc4441c2be5d8fa8126822b9929ca0b81ea0de38e""}}]","9c803c2c9eff1221e1ff2051fff5df7db13aba32b4a535cd383659e77140ddd6","single_current_candidate_review_required","False"
"VANRY","VANRY","2","7612","2","vanar-chain|vanar-chain-2","Vanar|Vanar Chain [OLD]","[{""id"":""vanar-chain"",""symbol"":""vanry"",""name"":""Vanar Chain [OLD]"",""platforms"":{""ethereum"":""0x8de5b80a0c1b02fe4976851d030b36122dbb8624"",""polygon-pos"":""0x8de5b80a0c1b02fe4976851d030b36122dbb8624"",""vanar-chain"":""0x8de5b80a0c1b02fe4976851d030b36122dbb8624""}},{""id"":""vanar-chain-2"",""symbol"":""vanry"",""name"":""Vanar"",""platforms"":{""base"":""0x07848a7b542a9cd856122c6c4ab9ec87c44f8b63""}}]","454f8ce1f5f7b5f529f046ccf2f0900ad0f7e6ac4186dc16bae6b31633409ae3","ambiguous_current_candidates","False"
"VELODROME","VELODROME","2","2262","0","","","[]","4f53cda18c2baa0c0354bb5f9a3ecbe5ed12ab4d8e11ba873c2f11161202b945","no_current_candidate","False"
"VINE","VINE","2","24423","2","do-it-for-the-vine|vine","Do it for the Vine|Vine","[{""id"":""do-it-for-the-vine"",""symbol"":""vine"",""name"":""Do it for the Vine"",""platforms"":{""solana"":""HLJzUzWU7eFKDCvuoJ6cQCYxkinE1cXCZjxWJWwWpump""}},{""id"":""vine"",""symbol"":""vine"",""name"":""Vine"",""platforms"":{""solana"":""6AJcP7wuLwmRYLBNbi825wgguaPsWzPBEHcHndpRpump""}}]","115ed0f15e86fa56e865f57991b0be255d336b131cfd52f2039b4cad9cfec172","ambiguous_current_candidates","False"
"VIRTUAL","VIRTUAL","4","60301","1","virtual-protocol","Virtuals Protocol","[{""id"":""virtual-protocol"",""symbol"":""virtual"",""name"":""Virtuals Protocol"",""platforms"":{""base"":""0x0b3e328455c4059eeb9e3f84b5543f74e24e7e1b"",""ethereum"":""0x44ff8620b8ca30902395a7bd3f2407e1a091bf73"",""robinhood"":""0xc6911796042b15d7fa4f6cde69e245ddcd3d9c31"",""solana"":""3iQL8BFS2vE7mww4ehAqQHAsbmRNCrPxizWAT2Zfyr9y""}}]","41c91bc4262708deaf803cdaa99d6ff3840bbdc3d8e6275789e2d003f7d65634","single_current_candidate_review_required","False"
"VVV","VVV","2","3428","1","venice-token","Venice Token","[{""id"":""venice-token"",""symbol"":""vvv"",""name"":""Venice Token"",""platforms"":{""base"":""0xacfe6019ed1a7dc6f7b508c02d1b04ec88cc21bf""}}]","3a0f807e97a50f089a904ca2771546f8b3e5e9424805697e4b642bc811f21d76","single_current_candidate_review_required","False"
"W","W","2","16999","5","victorious|w|w-2|w-coin|wormhole","Victorious|W|W|W coin|Wormhole","[{""id"":""victorious"",""symbol"":""w"",""name"":""Victorious"",""platforms"":{""solana"":""2xyoTZzNVvbWABQmaDwYb1mhuvutQkGuCPTSMqicpump""}},{""id"":""w"",""symbol"":""w"",""name"":""W"",""platforms"":{""binance-smart-chain"":""0x380bf199b3173cf7b3b321848ae1c5014a124444""}},{""id"":""w-2"",""symbol"":""w"",""name"":""W"",""platforms"":{""solana"":""AumaQ5bXzpd5xjsR6snS34FbRGVNNtCF2z2QgVEmpump""}},{""id"":""w-coin"",""symbol"":""w"",""name"":""W coin"",""platforms"":{""binance-smart-chain"":""0x19683a9d2a31508847a026dfe77f53a05a084444""}},{""id"":""wormhole"",""symbol"":""w"",""name"":""Wormhole"",""platforms"":{""arbitrum-one"":""0xb0ffa8000886e57f86dd5264b9582b2ad87b2b91"",""base"":""0xb0ffa8000886e57f86dd5264b9582b2ad87b2b91"",""ethereum"":""0xb0ffa8000886e57f86dd5264b9582b2ad87b2b91"",""solana"":""85VBFQZC9TZkfaptBWjvUw7YbZjy52A6mjtPGjstQAmQ""}}]","51586fd84b15c90535c20e9541083e88a57b6857bd3c94530060578cfe1fa753","ambiguous_current_candidates","False"
"WAL","WAL","2","41537","1","walrus-2","Walrus","[{""id"":""walrus-2"",""symbol"":""wal"",""name"":""Walrus"",""platforms"":{""sui"":""0x356a26eb9e012a68958082340d4c4116e7f55615cf27affcff209cf0ae544f59::wal::WAL""}}]","0eaa9516301da814ff4a1e356021b2dfddadc17ddbf191dda3c4205af077e756","single_current_candidate_review_required","False"
"WAXL","WAXL","2","11068","1","wrapped-axelar","Wrapped Axelar","[{""id"":""wrapped-axelar"",""symbol"":""waxl"",""name"":""Wrapped Axelar"",""platforms"":{}}]","bf29ce62861b3ec0931f8d0141c46884f178a1bffee67f3ea3cc77afd0675346","single_current_candidate_review_required","False"
"WBTC","WBTC","3","15628","36","arbitrum-bridged-wbtc-arbitrum-one|bridged-btc-superposition|bridged-wbtc|bridged-wrapped-bitcoin-bob-network|bridged-wrapped-bitcoin-scroll|bridged-wrapped-bitcoin-starkgate|bridged-wrapped-bitcoin-worldchain|celer-bridged-wbtc-conflux|celo-bridged-wbtc-celo|cronos-bridged-wbtc-cronos|cronos-zkevm-bridged-wbtc-cronos-zkevm|etherlink-bridged-wbtc-etherlink|eureka-bridged-wbtc-neutron|eureka-bridged-wbtc-terra|fantom-bridged-wbtc-fantom|fuse-bridged-wbtc-fuse|gnosis-xdai-bridged-wbtc-gnosis-chain|hemi-bridged-wbtc-hemi|linea-bridged-wbtc-linea|lisk-bridged-wbtc-lisk|merlin-chain-bridged-wrapped-btc-merlin|metis-bridged-wbtc-metis-andromeda|mode-bridged-wbtc-mode|multichain-bridged-wbtc-energi|multichain-bridged-wbtc-moonriver|polygon-bridged-wbtc-polygon-pos|polygon-zkevm-bridged-wbtc-polygon-zkevm|rainbow-bridged-wbtc-aurora|rainbow-bridged-wbtc-near-protocol|skale-ima-bridged-wbtc|sui-bridged-wbtc-sui|unichain-bridged-wbtc-unichain-2|wrapped-bitcoin|wrapped-bitcoin-pulsechain|wrapped-btc-wormhole|zksync-bridged-wbtc-zksync","Arbitrum Bridged WBTC (Arbitrum One)|Bridged BTC (Superposition)|Bridged WBTC|Bridged Wrapped Bitcoin (BOB Network)|Bridged Wrapped Bitcoin (Scroll)|Bridged Wrapped Bitcoin (StarkGate)|Bridged Wrapped Bitcoin (Worldchain)|Celer Bridged WBTC (Conflux)|Celo Bridged WBTC (Celo)|Cronos Bridged WBTC (Cronos)|Cronos zkEVM Bridged WBTC (Cronos zkEVM)|Etherlink Bridged WBTC (Etherlink)|Eureka Bridged WBTC (Neutron)|Eureka Bridged WBTC (Terra)|Fantom Bridged WBTC (Fantom)|Fuse Bridged WBTC (Fuse)|Gnosis xDai Bridged WBTC (Gnosis Chain)|Hemi Bridged WBTC (Hemi)|Linea Bridged WBTC (Linea)|Lisk Bridged Wrapped Bitcoin (Lisk)|Merlin Chain Bridged Wrapped BTC (Merlin)|Metis Bridged WBTC (Metis Andromeda)|Mode Bridged WBTC (Mode)|Multichain Bridged WBTC (Energi)|Multichain Bridged WBTC (Moonriver)|Polygon Bridged WBTC (Polygon POS)|Polygon zkEVM Bridged WBTC (Polygon zkEVM)|Rainbow Bridged WBTC (Aurora)|Rainbow Bridged WBTC (Near Protocol)|Skale IMA Bridged WBTC|Sui Bridged WBTC (Sui)|Unichain Bridged WBTC (Unichain)|Wrapped Bitcoin|Wrapped Bitcoin (PulseChain)|Wrapped BTC (Wormhole)|zkSync Bridged WBTC (zkSync)","[{""id"":""arbitrum-bridged-wbtc-arbitrum-one"",""symbol"":""wbtc"",""name"":""Arbitrum Bridged WBTC (Arbitrum One)"",""platforms"":{""arbitrum-one"":""0x2f2a2543b76a4166549f7aab2e75bef0aefc5b0f""}},{""id"":""bridged-btc-superposition"",""symbol"":""wbtc"",""name"":""Bridged BTC (Superposition)"",""platforms"":{""Superposition"":""0x6e142cdaefa4ba7786e8d1ff74968db67c3b910d""}},{""id"":""bridged-wbtc"",""symbol"":""wbtc"",""name"":""Bridged WBTC"",""platforms"":{""astar"":""0xad543f18cff85c77e140e3e5e3c3392f6ba9d5ca"",""celo"":""0xd629eb00deced2a080b7ec630ef6ac117e614f1b"",""cube"":""0x040ea5c10e6ba4badb6c433a365ccc4968697230"",""klay-token"":""0xdcbacf3f7a069922e677912998c8d57423c37dfa"",""meter"":""0xc1f6c86abee8e2e0b6fd5bd80f0b51fef783635c"",""sora"":""0x002c48630dcb8c75cc36162cbdbc8ff27b843973b951ba9b6e260f869d45bcdc"",""velas"":""0x639a647fbe20b6c8ac19e48e2de44ea792c62c5c""}},{""id"":""bridged-wrapped-bitcoin-bob-network"",""symbol"":""wbtc"",""name"":""Bridged Wrapped Bitcoin (BOB Network)"",""platforms"":{""bob-network"":""0x03c7054bcb39f7b2e5b2c7acb37583e32d70cfa3""}},{""id"":""bridged-wrapped-bitcoin-scroll"",""symbol"":""wbtc"",""name"":""Bridged Wrapped Bitcoin (Scroll)"",""platforms"":{""scroll"":""0x3c1bca5a656e69edcd0d4e36bebb3fcdaca60cf1""}},{""id"":""bridged-wrapped-bitcoin-starkgate"",""symbol"":""wbtc"",""name"":""Bridged Wrapped Bitcoin (StarkGate)"",""platforms"":{""starknet"":""0x03fe2b97c1fd336e750087d68b9b867997fd64a2661ff3ca5a7c771641e8e7ac""}},{""id"":""bridged-wrapped-bitcoin-worldchain"",""symbol"":""wbtc"",""name"":""Bridged Wrapped Bitcoin (Worldchain)"",""platforms"":{""world-chain"":""0x03c7054bcb39f7b2e5b2c7acb37583e32d70cfa3""}},{""id"":""celer-bridged-wbtc-conflux"",""symbol"":""wbtc"",""name"":""Celer Bridged WBTC (Conflux)"",""platforms"":{""conflux"":""0x1f545487c62e5acfea45dcadd9c627361d1616d8""}},{""id"":""celo-bridged-wbtc-celo"",""symbol"":""wbtc"",""name"":""Celo Bridged WBTC (Celo)"",""platforms"":{""celo"":""0x8ac2901dd8a1f17a1a4768a6ba4c3751e3995b2d""}},{""id"":""cronos-bridged-wbtc-cronos"",""symbol"":""wbtc"",""name"":""Cronos Bridged WBTC (Cronos)"",""platforms"":{""cronos"":""0x062e66477faf219f25d27dced647bf57c3107d52""}},{""id"":""cronos-zkevm-bridged-wbtc-cronos-zkevm"",""symbol"":""wbtc"",""name"":""Cronos zkEVM Bridged WBTC (Cronos zkEVM)"",""platforms"":{""cronos-zkevm"":""0xd65e5dba71231d35a5802ba83dc6cb6746c9758d""}},{""id"":""etherlink-bridged-wbtc-etherlink"",""symbol"":""wbtc"",""name"":""Etherlink Bridged WBTC (Etherlink)"",""platforms"":{""etherlink"":""0xbfc94cd2b1e55999cfc7347a9313e88702b83d0f""}},{""id"":""eureka-bridged-wbtc-neutron"",""symbol"":""wbtc"",""name"":""Eureka Bridged WBTC (Neutron)"",""platforms"":{""neutron"":""ibc/0E293A7622DC9A6439DB60E6D234B5AF446962E27CA3AB44D0590603DFF6968E""}},{""id"":""eureka-bridged-wbtc-terra"",""symbol"":""wbtc"",""name"":""Eureka Bridged WBTC (Terra)"",""platforms"":{""terra-2"":""ibc/88386AC48152D48B34B082648DF836F975506F0B57DBBFC10A54213B1BF484CB""}},{""id"":""fantom-bridged-wbtc-fantom"",""symbol"":""wbtc"",""name"":""Fantom Bridged WBTC (Fantom)"",""platforms"":{""fantom"":""0x321162cd933e2be498cd2267a90534a804051b11""}},{""id"":""fuse-bridged-wbtc-fuse"",""symbol"":""wbtc"",""name"":""Fuse Bridged WBTC (Fuse)"",""platforms"":{""fuse"":""0x33284f95ccb7b948d9d352e1439561cf83d8d00d""}},{""id"":""gnosis-xdai-bridged-wbtc-gnosis-chain"",""symbol"":""wbtc"",""name"":""Gnosis xDai Bridged WBTC (Gnosis Chain)"",""platforms"":{""xdai"":""0x8e5bbbb09ed1ebde8674cda39a0c169401db4252""}},{""id"":""hemi-bridged-wbtc-hemi"",""symbol"":""wbtc"",""name"":""Hemi Bridged WBTC (Hemi)"",""platforms"":{""hemi"":""0x03c7054bcb39f7b2e5b2c7acb37583e32d70cfa3""}},{""id"":""linea-bridged-wbtc-linea"",""symbol"":""wbtc"",""name"":""Linea Bridged WBTC (Linea)"",""platforms"":{""linea"":""0x3aab2285ddcddad8edf438c1bab47e1a9d05a9b4""}},{""id"":""lisk-bridged-wbtc-lisk"",""symbol"":""wbtc"",""name"":""Lisk Bridged Wrapped Bitcoin (Lisk)"",""platforms"":{""lisk"":""0x03c7054bcb39f7b2e5b2c7acb37583e32d70cfa3""}},{""id"":""merlin-chain-bridged-wrapped-btc-merlin"",""symbol"":""wbtc"",""name"":""Merlin Chain Bridged Wrapped BTC (Merlin)"",""platforms"":{""merlin-chain"":""0xf6d226f9dc15d9bb51182815b320d3fbe324e1ba""}},{""id"":""metis-bridged-wbtc-metis-andromeda"",""symbol"":""wbtc"",""name"":""Metis Bridged WBTC (Metis Andromeda)"",""platforms"":{""metis-andromeda"":""0xa5b55ab1daf0f8e1efc0eb1931a957fd89b918f4""}},{""id"":""mode-bridged-wbtc-mode"",""symbol"":""wbtc"",""name"":""Mode Bridged WBTC (Mode)"",""platforms"":{""mode"":""0xcdd475325d6f564d27247d1dddbb0dac6fa0a5cf""}},{""id"":""multichain-bridged-wbtc-energi"",""symbol"":""wbtc"",""name"":""Multichain Bridged WBTC (Energi)"",""platforms"":{""energi"":""0x29a791703e5a5a8d1578f8611b4d3691377cebc0""}},{""id"":""multichain-bridged-wbtc-moonriver"",""symbol"":""wbtc"",""name"":""Multichain Bridged WBTC (Moonriver)"",""platforms"":{""moonriver"":""0x6ab6d61428fde76768d7b45d8bfeec19c6ef91a8""}},{""id"":""polygon-bridged-wbtc-polygon-pos"",""symbol"":""wbtc"",""name"":""Polygon Bridged WBTC (Polygon POS)"",""platforms"":{""polygon-pos"":""0x1bfd67037b42cf73acf2047067bd4f2c47d9bfd6""}},{""id"":""polygon-zkevm-bridged-wbtc-polygon-zkevm"",""symbol"":""wbtc"",""name"":""Polygon zkEVM Bridged WBTC (Polygon zkEVM)"",""platforms"":{""polygon-zkevm"":""0xea034fb02eb1808c2cc3adbc15f447b93cbe08e1""}},{""id"":""rainbow-bridged-wbtc-aurora"",""symbol"":""wbtc"",""name"":""Rainbow Bridged WBTC (Aurora)"",""platforms"":{""aurora"":""0xf4eb217ba2454613b15dbdea6e5f22276410e89e""}},{""id"":""rainbow-bridged-wbtc-near-protocol"",""symbol"":""wbtc"",""name"":""Rainbow Bridged WBTC (Near Protocol)"",""platforms"":{""near-protocol"":""2260fac5e5542a773aa44fbcfedf7c193bc2c599.factory.bridge.near""}},{""id"":""skale-ima-bridged-wbtc"",""symbol"":""wbtc"",""name"":""Skale IMA Bridged WBTC"",""platforms"":{""skale"":""0xcb011e86df014a46f4e3ac3f3cbb114a4eb80870""}},{""id"":""sui-bridged-wbtc-sui"",""symbol"":""wbtc"",""name"":""Sui Bridged WBTC (Sui)"",""platforms"":{""sui"":""0xaafb102dd0902f5055cadecd687fb5b71ca82ef0e0285d90afde828ec58ca96b::btc::BTC""}},{""id"":""unichain-bridged-wbtc-unichain-2"",""symbol"":""wbtc"",""name"":""Unichain Bridged WBTC (Unichain)"",""platforms"":{""unichain"":""0x927b51f251480a681271180da4de28d44ec4afb8""}},{""id"":""wrapped-bitcoin"",""symbol"":""wbtc"",""name"":""Wrapped Bitcoin"",""platforms"":{""aptos"":""0x68844a0d7f2587e726ad0579f3d640865bb4162c08a4589eeda3f9689ec52a3d"",""avalanche"":""0x0555e30da8f98308edb960aa94c0db47230d2b9c"",""base"":""0x0555e30da8f98308edb960aa94c0db47230d2b9c"",""berachain"":""0x0555e30da8f98308edb960aa94c0db47230d2b9c"",""binance-smart-chain"":""0x0555e30da8f98308edb960aa94c0db47230d2b9c"",""bob-network"":""0x0555e30da8f98308edb960aa94c0db47230d2b9c"",""ethereum"":""0x2260fac5e5542a773aa44fbcfedf7c193bc2c599"",""hedera-hashgraph"":""0xd7d4d91d64a6061fa00a94e2b3a2d2a5fb677849"",""monad"":""0x0555e30da8f98308edb960aa94c0db47230d2b9c"",""optimistic-ethereum"":""0x68f180fcce6836688e9084f035309e29bf0a2095"",""osmosis"":""factory/osmo1z0qrq605sjgcqpylfl4aa6s90x738j7m58wyatt0tdzflg2ha26q67k743/wbtc"",""sei-v2"":""0x0555e30da8f98308edb960aa94c0db47230d2b9c"",""solana"":""5XZw2LKTyrfvfiskJ78AMpackRjPcyCif1WhUsPDuVqQ"",""soneium"":""0x0555e30da8f98308edb960aa94c0db47230d2b9c"",""sonic"":""0x0555e30da8f98308edb960aa94c0db47230d2b9c"",""sui"":""0x0041f9f9344cac094454cd574e333c4fdb132d7bcc9379bcd4aab485b2a63942::wbtc::WBTC"",""swellchain"":""0x0555e30da8f98308edb960aa94c0db47230d2b9c"",""telos"":""0x7627b27594bc71e6ab0fce755ae8931eb1e12dac"",""tron"":""TYhWwKpw43ENFWBTGpzLHn3882f2au7SMi"",""unichain"":""0x0555e30da8f98308edb960aa94c0db47230d2b9c""}},{""id"":""wrapped-bitcoin-pulsechain"",""symbol"":""wbtc"",""name"":""Wrapped Bitcoin (PulseChain)"",""platforms"":{""pulsechain"":""0x2260fac5e5542a773aa44fbcfedf7c193bc2c599""}},{""id"":""wrapped-btc-wormhole"",""symbol"":""wbtc"",""name"":""Wrapped BTC (Wormhole)"",""platforms"":{""neon-evm"":""0x16a3fe59080d6944a42b441e44450432c1445372"",""oasis"":""0xd43ce0aa2a29dcb75bdb83085703dc589de6c7eb"",""polygon-pos"":""0x5d49c278340655b56609fdf8976eb0612af3a0c3"",""solana"":""3NZ9JMVBmGAqocybic2c7LQCJScmgsAZ6vQqTDzcqmJh"",""sui"":""0x027792d9fed7f9844eb4839566001bb6f6cb4804f66aa2da6fe1ee242d896881::coin::COIN"",""terra"":""terra1aa7upykmmqqc63l924l5qfap8mrmx5rfdm0v55""}},{""id"":""zksync-bridged-wbtc-zksync"",""symbol"":""wbtc"",""name"":""zkSync Bridged WBTC (zkSync)"",""platforms"":{""zksync"":""0xbbeb516fb02a01611cbbe0453fe3c580d7281011""}}]","2c3ad8eb6e5ac8b1fd32ab5b19af2d7478d296df2002cb4478351865ebf27813","ambiguous_current_candidates","False"
"WCT","WCT","2","25614","1","connect-token-wct","WalletConnect Token","[{""id"":""connect-token-wct"",""symbol"":""wct"",""name"":""WalletConnect Token"",""platforms"":{""base"":""0xef4461891dfb3ac8572ccf7c794664a8dd927945"",""ethereum"":""0xef4461891dfb3ac8572ccf7c794664a8dd927945"",""optimistic-ethereum"":""0xef4461891dfb3ac8572ccf7c794664a8dd927945"",""solana"":""WCTk5xWdn5SYg56twGj32sUF3W4WFQ48ogezLBuYTBY""}}]","8eb2e8e1c240ed90eb11cdd5c23a704430906004d6ef5748de990a25e401b53b","single_current_candidate_review_required","False"
"WELL","WELL","2","7836","1","moonwell-artemis","Moonwell","[{""id"":""moonwell-artemis"",""symbol"":""well"",""name"":""Moonwell"",""platforms"":{""base"":""0xa88594d404727625a9437c3f886c7643872296ae"",""moonbeam"":""0x511ab53f793683763e5a8829738301368a2411e3""}}]","cdb2f0564659a6780dfe9f1eba01e7f94f189a6d8781c5a418f34c70a5268227","single_current_candidate_review_required","False"
"WEN","WEN","2","9326","4","wen-4|wen-6|wen-lambo-2|wen-token","WEN|Wen|Wen Lambo|WEN Token","[{""id"":""wen-4"",""symbol"":""wen"",""name"":""Wen"",""platforms"":{""solana"":""WENWENvqqNya429ubCdR81ZmD69brwQaaBYY6p3LCpk""}},{""id"":""wen-6"",""symbol"":""wen"",""name"":""WEN"",""platforms"":{""robinhood"":""0xf172dc5b774c52432e1e5223cd30f8e8a1096969""}},{""id"":""wen-lambo-2"",""symbol"":""wen"",""name"":""Wen Lambo"",""platforms"":{""robinhood"":""0xa80eb66b3e0cf66ccb46f8b8c9e7ff5803eeb820""}},{""id"":""wen-token"",""symbol"":""wen"",""name"":""WEN Token"",""platforms"":{""ethereum"":""0x830a8512db4f6fca51968593e2667156c2c483a8"",""polygon-pos"":""0x11a88f949c0592238959142653bb6847c6523d81""}}]","411b00da8a1a5ee466ec91a045a71135667739f16fb3d14660d15b1e5a495f6c","ambiguous_current_candidates","False"
"WIF","WIF","3","79192","7","dogwifcoin|dogwifhat-base|dogwifhood|robinwifhat|wif-on-eth|wif-secondchance|world-is-flat","DogWifHat|dogwifhat|DOGWIFHOOD|RobinWifHat|Wif - SecondChance|WIF on ETH|World is Flat","[{""id"":""dogwifcoin"",""symbol"":""wif"",""name"":""dogwifhat"",""platforms"":{""solana"":""EKpQGSJtjMFqKZ9KQanSqYXRcF8fBopzLHYxdM65zcjm"",""unichain"":""0x97fadb3d000b953360fd011e173f12cddb5d70fa""}},{""id"":""dogwifhat-base"",""symbol"":""wif"",""name"":""DogWifHat"",""platforms"":{""base"":""0x7f6f6720a73c0f54f95ab343d7efeb1fa991f4f7""}},{""id"":""dogwifhood"",""symbol"":""wif"",""name"":""DOGWIFHOOD"",""platforms"":{""the-open-network"":""EQAuco5ZEPgB19fSTo7EmtLTJysrKxbu6M_XOFDwWQiNjCsQ""}},{""id"":""robinwifhat"",""symbol"":""wif"",""name"":""RobinWifHat"",""platforms"":{""robinhood"":""0xe49a1c3033ecc6b804bc423021d3f71f1a3e0f9b""}},{""id"":""wif-on-eth"",""symbol"":""wif"",""name"":""WIF on ETH"",""platforms"":{""ethereum"":""0x886c869cdc619214138c87f1db0ada522b16dfa3""}},{""id"":""wif-secondchance"",""symbol"":""wif"",""name"":""Wif - SecondChance"",""platforms"":{""solana"":""21AErpiB8uSb94oQKRcwuHqyHF93njAxBSbdUrpupump""}},{""id"":""world-is-flat"",""symbol"":""wif"",""name"":""World is Flat"",""platforms"":{""robinhood"":""0x5173b8ea6923c2d40267890d45c46a3480954773""}}]","9f7229c740db51fb6bd67118fe9af4397bb6d376e19053dbcb83e2d8866382c4","ambiguous_current_candidates","False"
"WIN","WIN","2","3418","4","win-2|win-3|wink|winklink-bsc","Win|WIN|WINkLink|WINkLink BSC","[{""id"":""win-2"",""symbol"":""win"",""name"":""WIN"",""platforms"":{""sui"":""0xe6b9e1033c72084ad01db37c77778ca53b9c4ebb263f28ffbfed39f4d5fd5057::win::WIN""}},{""id"":""win-3"",""symbol"":""win"",""name"":""Win"",""platforms"":{""ethereum"":""0xb10cb07ca2cdac77fbb5707f6690301f9d036f45""}},{""id"":""wink"",""symbol"":""win"",""name"":""WINkLink"",""platforms"":{""tron"":""TLa2f6VPqDgRE67v1736s7bJ8Ray5wYjU7""}},{""id"":""winklink-bsc"",""symbol"":""win"",""name"":""WINkLink BSC"",""platforms"":{""binance-smart-chain"":""0xaef0d72a118ce24fee3cd1d43d383897d05b4e99""}}]","f0b6529be1675cf2f2de51c8528446bf2a2c76cf67d27640cf7a79099b3b1c36","ambiguous_current_candidates","False"
"WLD","WLD","2","21882","1","worldcoin-wld","Worldcoin","[{""id"":""worldcoin-wld"",""symbol"":""wld"",""name"":""Worldcoin"",""platforms"":{""ethereum"":""0x163f8c2467924be0ae7b5347228cabf260318753"",""optimistic-ethereum"":""0xdc6ff44d5d932cbd77b52e5612ba0529dc6226f1"",""world-chain"":""0x2cfc85d8e48f8eab294be644d9e25c3030863003""}}]","d008a5974d560e2f81273502d812afc6cf46dde04745622e4134efb8091a1f59","single_current_candidate_review_required","False"
"WOO","WOO","2","4072","2","woo|woo-network","WOO|ウー","[{""id"":""woo"",""symbol"":""woo"",""name"":""ウー"",""platforms"":{""solana"":""8KvoBfxiPiVp9b9mxSFZHpJdX9NUtbmNFhAGggLDpump""}},{""id"":""woo-network"",""symbol"":""woo"",""name"":""WOO"",""platforms"":{""arbitrum-one"":""0xcafcd85d8ca7ad1e1c6f82f651fa15e33aefd07b"",""avalanche"":""0xabc9547b534519ff73921b1fba6e672b5f58d083"",""base"":""0xf3df0a31ec5ea438150987805e841f960b9471b6"",""binance-smart-chain"":""0x4691937a7508860f876c9c0a2a617e7d9e945d4b"",""ethereum"":""0x4691937a7508860f876c9c0a2a617e7d9e945d4b"",""fantom"":""0x6626c47c00f1d87902fc13eecfac3ed06d5e8d8a"",""linea"":""0xf3df0a31ec5ea438150987805e841f960b9471b6"",""mantle"":""0xf3df0a31ec5ea438150987805e841f960b9471b6"",""near-protocol"":""4691937a7508860f876c9c0a2a617e7d9e945d4b.factory.bridge.near"",""polygon-pos"":""0x1b815d120b3ef02039ee11dc2d33de7aa4a8c603"",""solana"":""Dz8VutERqbHR2aFL5A3s1Ky4dG1unJT1jUFXXPaY9ytX"",""zksync"":""0x9e22d758629761fc5708c171d06c2fabb60b5159""}}]","847309b78f44b5c78c78e1ddf0e1d66f4a2658dab6c6fbafead2fb7acde08664","ambiguous_current_candidates","False"
"XXBT","XBT","13","703118","1","xbt","XBT","[{""id"":""xbt"",""symbol"":""xbt"",""name"":""XBT"",""platforms"":{""solana"":""A8YHuvQBMAxXoZAZE72FyC8B7jKHo8RJyByXRRffpump""}}]","32596113ef423157eca84e0bfbea3d0eb0f37b2bf30a5c9d9094a0f15af57727","single_current_candidate_review_required","False"
"XCN","XCN","2","86192","1","chain-2","Onyxcoin","[{""id"":""chain-2"",""symbol"":""xcn"",""name"":""Onyxcoin"",""platforms"":{""base"":""0x9c632e6aaa3ea73f91554f8a3cb2ed2f29605e0c"",""binance-smart-chain"":""0x7324c7c0d95cebc73eea7e85cbaac0dbdf88a05b"",""ethereum"":""0xa2cd3d43c775978a96bdbf12d733d5a1ed94fb18""}}]","fe684c16ac6fcaeb7cd73c63a2b737654a559698c8c46b7bdc7f6ecab4677474","single_current_candidate_review_required","False"
"XXDG","XDG","8","257958","0","","","[]","4f53cda18c2baa0c0354bb5f9a3ecbe5ed12ab4d8e11ba873c2f11161202b945","no_current_candidate","False"
"XXLM","XLM","4","134598","1","stellar","Stellar","[{""id"":""stellar"",""symbol"":""xlm"",""name"":""Stellar"",""platforms"":{""stellar"":""CAS3J7GYLGXMF6TDJBBYYSE3HQ6BBSMLNUQ34T6TZMYMW2EVH34XOWMA""}}]","8f7ea98a2f54fc68be9fddae217643c02d2093e91d8a56ab4956e00c47ecb2e4","single_current_candidate_review_required","False"
"XXMR","XMR","5","179297","1","monero","Monero","[{""id"":""monero"",""symbol"":""xmr"",""name"":""Monero"",""platforms"":{}}]","21fcc4e8b7754f729474af869b6c518f14a3d4e322d809f34d4c7e360f8c7d7a","single_current_candidate_review_required","False"
"XXRP","XRP","10","499160","5","binance-peg-xrp|harrypotterobamapacman8inu|near-intents-bridged-xrp|ripple|warioxrpdumbledoreyugioh69inu","Binance-Peg XRP|HarryPotterObamaPacMan8Inu|NEAR Intents Bridged XRP|WarioXRPDumbledoreYugioh69Inu|XRP","[{""id"":""binance-peg-xrp"",""symbol"":""xrp"",""name"":""Binance-Peg XRP"",""platforms"":{""binance-smart-chain"":""0x1d2f0da169ceb9fc7b3144628db156f3f6c60dbe""}},{""id"":""harrypotterobamapacman8inu"",""symbol"":""xrp"",""name"":""HarryPotterObamaPacMan8Inu"",""platforms"":{""ethereum"":""0x07e0edf8ce600fb51d44f51e3348d77d67f298ae""}},{""id"":""near-intents-bridged-xrp"",""symbol"":""xrp"",""name"":""NEAR Intents Bridged XRP"",""platforms"":{""near-protocol"":""xrp.omft.near""}},{""id"":""ripple"",""symbol"":""xrp"",""name"":""XRP"",""platforms"":{}},{""id"":""warioxrpdumbledoreyugioh69inu"",""symbol"":""xrp"",""name"":""WarioXRPDumbledoreYugioh69Inu"",""platforms"":{""ethereum"":""0xb1c064c3f2908f741c9dea4afc5773238b53e6cc""}}]","283c01aa2910815c4e42f22a52b88c738420b71eca6958d4ebc8146a673597e5","ambiguous_current_candidates","False"
"XRT","XRT","2","3740","2","robonomics-network|robonomics-network-2","Robonomics Network|Robonomics Network [OLD]","[{""id"":""robonomics-network"",""symbol"":""xrt"",""name"":""Robonomics Network [OLD]"",""platforms"":{""ethereum"":""0x7de91b204c1c737bcee6f000aaa6569cf7061cb7""}},{""id"":""robonomics-network-2"",""symbol"":""xrt"",""name"":""Robonomics Network"",""platforms"":{""ethereum"":""0x1f752250f518e419f2f03804e25728c5c6dff73f""}}]","2ad5699cf718e3ae0a8b2f4e18f3ed42bed30ffeea1dcf9d15732da3bb41efe1","ambiguous_current_candidates","False"
"XTZ","XTZ","4","36221","2","binance-peg-tezos-token|tezos","Binance-Peg Tezos Token|Tezos","[{""id"":""binance-peg-tezos-token"",""symbol"":""xtz"",""name"":""Binance-Peg Tezos Token"",""platforms"":{""binance-smart-chain"":""0x16939ef78684453bfdfb47825f8a5f714f12623a""}},{""id"":""tezos"",""symbol"":""xtz"",""name"":""Tezos"",""platforms"":{}}]","a8fa3cf383affa846a7f946068fcbb7b1d73b0fb350e5ed2bf654f1a6bd650d9","ambiguous_current_candidates","False"
"YFI","YFI","2","7446","2","yearn-finance|yfi","yearn.finance|YFI","[{""id"":""yearn-finance"",""symbol"":""yfi"",""name"":""yearn.finance"",""platforms"":{""arbitrum-one"":""0x82e3a8f066a6989666b031d916c43672085b1582"",""avalanche"":""0x9eaac1b23d935365bd7b542fe22ceee2922f52dc"",""base"":""0x9eaf8c1e34f05a589eda6bafdf391cf6ad3cb239"",""energi"":""0x2726dd5efb3a209a54c512e9562a2045b8f45dbc"",""ethereum"":""0x0bc529c00c6401aef6d220be8c6ea1667f6ad93e"",""fantom"":""0x29b0da86e484e1c0029b56e817912d778ac0ec69"",""harmony-shard-0"":""0xa0dc05f84a27fccbd341305839019ab86576bc07"",""huobi-token"":""0xb4f019beac758abbee2f906033aaa2f0f6dacb35"",""near-protocol"":""0bc529c00c6401aef6d220be8c6ea1667f6ad93e.factory.bridge.near"",""optimistic-ethereum"":""0x9046d36440290ffde54fe0dd84db8b1cfee9107b"",""polygon-pos"":""0xda537104d6a5edd53c6fbba9a898708e465260b6"",""sora"":""0x002676c3edea5b08bc0f9b6809a91aa313b7da35e28b190222e9dc032bf1e662"",""xdai"":""0xbf65bfcb5da067446cee6a706ba3fe2fb1a9fdfd""}},{""id"":""yfi"",""symbol"":""yfi"",""name"":""YFI"",""platforms"":{""binance-smart-chain"":""0x0affe50d637114656f6ba27fa94abf0de260f918""}}]","b956db46f1d1ffd67eb3e4a7b0b84d80b91a191746cee13054f30e9a0fa81a8d","ambiguous_current_candidates","False"
"YGG","YGG","2","2729","1","yield-guild-games","Yield Guild Games","[{""id"":""yield-guild-games"",""symbol"":""ygg"",""name"":""Yield Guild Games"",""platforms"":{""abstract"":""0xa9053dc939d74222f7aa0b3a2be407abbfd56c6a"",""base"":""0xaac78d1219c08aecc8e37e03858fe885f5ef1799"",""binance-smart-chain"":""0x13ab6739368a4e4abf24695bf52959224367391f"",""ethereum"":""0x25f8087ead173b73d6e8b84329989a8eea16cf73"",""harmony-shard-0"":""0x63cf309500d8be0b9fdb8f1fb66c821236c0438c"",""polygon-pos"":""0x82617aa52dddf5ed9bb7b370ed777b3182a30fd1"",""ronin"":""0x1c306872bc82525d72bf3562e8f0aa3f8f26e857""}}]","6c392aba507d794bdc9ad1cb0ae635d397e4d78554b5265409c1118aeae98b67","single_current_candidate_review_required","False"
"XZEC","ZEC","2","31269","4","binance-peg-zcash-token|near-intents-bridged-zec|omnibridge-bridged-zcash-solana|zcash","Binance-Peg ZEC|NEAR Intents Bridged ZEC|OmniBridge Bridged Zcash (Solana)|Zcash","[{""id"":""binance-peg-zcash-token"",""symbol"":""zec"",""name"":""Binance-Peg ZEC"",""platforms"":{""binance-smart-chain"":""0x1ba42e5193dfa8b03d15dd1b86a3113bbbef8eeb""}},{""id"":""near-intents-bridged-zec"",""symbol"":""zec"",""name"":""NEAR Intents Bridged ZEC"",""platforms"":{""near-protocol"":""zec.omft.near""}},{""id"":""omnibridge-bridged-zcash-solana"",""symbol"":""zec"",""name"":""OmniBridge Bridged Zcash (Solana)"",""platforms"":{""solana"":""A7bdiYdS5GjqGFtxf17ppRHtDKPkkRqbKtR27dxvQXaS""}},{""id"":""zcash"",""symbol"":""zec"",""name"":""Zcash"",""platforms"":{}}]","dacdeaaeb9d6428abbc37967457b00aff1556333a1a1492688650f00ad278af9","ambiguous_current_candidates","False"
"ZEREBRO","ZEREBRO","2","31669","1","zerebro","Zerebro","[{""id"":""zerebro"",""symbol"":""zerebro"",""name"":""Zerebro"",""platforms"":{""solana"":""8x5VqbHA8D7NkD52uNuS5nnt3PwA8pLD34ymskeSo2Wn""}}]","482ca54c2f05efb12fed9a283eeac9d44695d6be04f6bd4dfc60cdb0aeb58ac0","single_current_candidate_review_required","False"
"ZETA","ZETA","2","5071","2","zetachain|zeta-global-holdings-corp-robinhood-token","Zeta Global Holdings Corp. • Robinhood Token|ZetaChain","[{""id"":""zetachain"",""symbol"":""zeta"",""name"":""ZetaChain"",""platforms"":{""binance-smart-chain"":""0x0000028a2eb8346cd5c0267856ab7594b7a55308"",""ethereum"":""0xf091867ec603a6628ed83d274e835539d82e9cc8""}},{""id"":""zeta-global-holdings-corp-robinhood-token"",""symbol"":""zeta"",""name"":""Zeta Global Holdings Corp. • Robinhood Token"",""platforms"":{""robinhood"":""0xe674c5c071821f48bb2d12cadb83617eff438f9e""}}]","e5b14f70d033b1792d21c64b873698601d96b58f8785ae22482dce9dc4937a99","ambiguous_current_candidates","False"
"ZEUS","ZEUS","2","20547","7","ansems-dog|pepes-dog|zeus-3|zeus-4|zeus-ai|zeus-network|zeuspepesdog","Ansems Dog|Pepes Dog|Zeus|Zeus|ZEUS|Zeus AI|Zeus Network","[{""id"":""ansems-dog"",""symbol"":""zeus"",""name"":""Ansems Dog"",""platforms"":{""solana"":""8mTu8AW8co1QzHHRnvVZnknUaRsEmxdhjCTCJFeZpump""}},{""id"":""pepes-dog"",""symbol"":""zeus"",""name"":""Pepes Dog"",""platforms"":{""ethereum"":""0x0f7dc5d02cc1e1f5ee47854d534d332a1081ccc8""}},{""id"":""zeus-3"",""symbol"":""zeus"",""name"":""ZEUS"",""platforms"":{""solana"":""Fe3sEB1cAt4TsETqmaopPQBto5o8TsY2W2NTw6H9pump""}},{""id"":""zeus-4"",""symbol"":""zeus"",""name"":""Zeus"",""platforms"":{""ethereum"":""0x4d4574f50dd8b9dbe623cf329dcc78d76935e610""}},{""id"":""zeus-ai"",""symbol"":""zeus"",""name"":""Zeus AI"",""platforms"":{""ethereum"":""0x6ef460eb3563cfcc73f8147b0a77daffee71f867""}},{""id"":""zeus-network"",""symbol"":""zeus"",""name"":""Zeus Network"",""platforms"":{""binance-smart-chain"":""0xa2be3e48170a60119b5f0400c65f65f3158fbeee"",""solana"":""ZEUS1aR7aX8DFFJf5QjWj2ftDDdNTroMNGo8YoQm3Gq""}},{""id"":""zeuspepesdog"",""symbol"":""zeus"",""name"":""Zeus"",""platforms"":{""ethereum"":""0x7137e8a3b069c3f787c4ffbb901b91e4ba47d082""}}]","99ae10ee224ba0cb840fc2a6927e6facc9f00f17ea7508a63f26592f7155c559","ambiguous_current_candidates","False"
"ZEX","ZEX","2","11365","1","zeta","Zeta","[{""id"":""zeta"",""symbol"":""zex"",""name"":""Zeta"",""platforms"":{""solana"":""ZEXy1pqteRu3n13kdyh4LwPQknkFk3GzmMYMuNadWPo""}}]","bf948143f734a92cf416858902a4adb35aca5b9dcbc7099c8be647fb0992a951","single_current_candidate_review_required","False"
"ZK","ZK","2","11081","1","zksync","ZKsync","[{""id"":""zksync"",""symbol"":""zk"",""name"":""ZKsync"",""platforms"":{""ethereum"":""0x66a5cfb2e9c529f14fe6364ad1075df3a649c0a5"",""zksync"":""0x5a7d6b2f92c77fad6ccabd7ee0624e64907eaf3e""}}]","080bbbb4b1100e24b922b5c04b28128fbffba0fe7b7ab30c7550eeab2e458519","single_current_candidate_review_required","False"
"ZORA","ZORA","2","21945","1","zora","Zora","[{""id"":""zora"",""symbol"":""zora"",""name"":""Zora"",""platforms"":{""base"":""0x1111111111166b7fe7bd91427724b487980afc69""}}]","9e23a21365d16de28c3899ee0373d86abec087ba34c08573d7bfdf71b06b7cb6","single_current_candidate_review_required","False"
"ZRO","ZRO","2","14553","1","layerzero","LayerZero","[{""id"":""layerzero"",""symbol"":""zro"",""name"":""LayerZero"",""platforms"":{""arbitrum-one"":""0x6985884c4392d348587b19cb9eaaf157f13271cd"",""avalanche"":""0x6985884c4392d348587b19cb9eaaf157f13271cd"",""base"":""0x6985884c4392d348587b19cb9eaaf157f13271cd"",""binance-smart-chain"":""0x6985884c4392d348587b19cb9eaaf157f13271cd"",""ethereum"":""0x6985884c4392d348587b19cb9eaaf157f13271cd"",""optimistic-ethereum"":""0x6985884c4392d348587b19cb9eaaf157f13271cd"",""polygon-pos"":""0x6985884c4392d348587b19cb9eaaf157f13271cd""}}]","d2ebbc1e50473cc55f728e1439fd7036181dc973933fcebdedd37b6c9a9ba85f","single_current_candidate_review_required","False"
"ZRX","ZRX","3","9437","1","0x","0x Protocol","[{""id"":""0x"",""symbol"":""zrx"",""name"":""0x Protocol"",""platforms"":{""ethereum"":""0xe41d2489571d322189246dafa5ebde1f4699f498""}}]","2cadd07f9a903c9da1572f51fc6a95f3b427153383e110aac25aeb6054b66246","single_current_candidate_review_required","False"
