"source_member_ordinal","member_path_raw","pair_token_opaque","typed_observation_count","resolution_status","resolution_method","official_pair_key","official_altname","official_wsname","base_asset_id","quote_asset_id","base_exchange_symbol","quote_exchange_symbol","pair_status","research_eligible","identity_evidence_json"
"1","1INCHEUR_1.csv","1INCHEUR","1715","official_exact","official_altname_exact","1INCHEUR","1INCHEUR","1INCH/EUR","1INCH","ZEUR","1INCH","EUR","online","True","{""pair_key"":""1INCHEUR"",""match_methods"":[""result_object_key"",""altname"",""wsname_without_separator""],""base"":""1INCH"",""quote"":""ZEUR""}"
"9","1INCHUSD_1.csv","1INCHUSD","6364","official_exact","official_altname_exact","1INCHUSD","1INCHUSD","1INCH/USD","1INCH","ZUSD","1INCH","USD","online","True","{""pair_key"":""1INCHUSD"",""match_methods"":[""result_object_key"",""altname"",""wsname_without_separator""],""base"":""1INCH"",""quote"":""ZUSD""}"
"17","AAVEETH_1.csv","AAVEETH","3367","official_exact","official_altname_exact","AAVEETH","AAVEETH","AAVE/ETH","AAVE","XETH","AAVE","ETH","online","True","{""pair_key"":""AAVEETH"",""match_methods"":[""result_object_key"",""altname"",""wsname_without_separator""],""base"":""AAVE"",""quote"":""XETH""}"
"25","AAVEEUR_1.csv","AAVEEUR","21390","official_exact","official_altname_exact","AAVEEUR","AAVEEUR","AAVE/EUR","AAVE","ZEUR","AAVE","EUR","online","True","{""pair_key"":""AAVEEUR"",""match_methods"":[""result_object_key"",""altname"",""wsname_without_separator""],""base"":""AAVE"",""quote"":""ZEUR""}"
"33","AAVEGBP_1.csv","AAVEGBP","2725","official_exact","official_altname_exact","AAVEGBP","AAVEGBP","AAVE/GBP","AAVE","ZGBP","AAVE","GBP","online","True","{""pair_key"":""AAVEGBP"",""match_methods"":[""result_object_key"",""altname"",""wsname_without_separator""],""base"":""AAVE"",""quote"":""ZGBP""}"
"41","AAVEUSD_1.csv","AAVEUSD","63697","official_exact","official_altname_exact","AAVEUSD","AAVEUSD","AAVE/USD","AAVE","ZUSD","AAVE","USD","online","True","{""pair_key"":""AAVEUSD"",""match_methods"":[""result_object_key"",""altname"",""wsname_without_separator""],""base"":""AAVE"",""quote"":""ZUSD""}"
"49","AAVEXBT_1.csv","AAVEXBT","12398","official_exact","official_altname_exact","AAVEXBT","AAVEXBT","AAVE/XBT","AAVE","XXBT","AAVE","XBT","online","True","{""pair_key"":""AAVEXBT"",""match_methods"":[""result_object_key"",""altname"",""wsname_without_separator""],""base"":""AAVE"",""quote"":""XXBT""}"
"57","ACAEUR_1.csv","ACAEUR","1506","official_exact","official_altname_exact","ACAEUR","ACAEUR","ACA/EUR","ACA","ZEUR","ACA","EUR","online","True","{""pair_key"":""ACAEUR"",""match_methods"":[""result_object_key"",""altname"",""wsname_without_separator""],""base"":""ACA"",""quote"":""ZEUR""}"
"65","ACAUSD_1.csv","ACAUSD","2423","official_exact","official_altname_exact","ACAUSD","ACAUSD","ACA/USD","ACA","ZUSD","ACA","USD","online","True","{""pair_key"":""ACAUSD"",""match_methods"":[""result_object_key"",""altname"",""wsname_without_separator""],""base"":""ACA"",""quote"":""ZUSD""}"
"73","ACHEUR_1.csv","ACHEUR","3629","official_exact","official_altname_exact","ACHEUR","ACHEUR","ACH/EUR","ACH","ZEUR","ACH","EUR","online","True","{""pair_key"":""ACHEUR"",""match_methods"":[""result_object_key"",""altname"",""wsname_without_separator""],""base"":""ACH"",""quote"":""ZEUR""}"
"81","ACHUSD_1.csv","ACHUSD","21018","official_exact","official_altname_exact","ACHUSD","ACHUSD","ACH/USD","ACH","ZUSD","ACH","USD","online","True","{""pair_key"":""ACHUSD"",""match_methods"":[""result_object_key"",""altname"",""wsname_without_separator""],""base"":""ACH"",""quote"":""ZUSD""}"
"89","ACTEUR_1.csv","ACTEUR","1677","official_exact","official_altname_exact","ACTEUR","ACTEUR","ACT/EUR","ACT","ZEUR","ACT","EUR","online","True","{""pair_key"":""ACTEUR"",""match_methods"":[""result_object_key"",""altname"",""wsname_without_separator""],""base"":""ACT"",""quote"":""ZEUR""}"
"97","ACTUSD_1.csv","ACTUSD","9471","official_exact","official_altname_exact","ACTUSD","ACTUSD","ACT/USD","ACT","ZUSD","ACT","USD","online","True","{""pair_key"":""ACTUSD"",""match_methods"":[""result_object_key"",""altname"",""wsname_without_separator""],""base"":""ACT"",""quote"":""ZUSD""}"
"105","ACXEUR_1.csv","ACXEUR","568","official_exact","official_altname_exact","ACXEUR","ACXEUR","ACX/EUR","ACX","ZEUR","ACX","EUR","cancel_only","True","{""pair_key"":""ACXEUR"",""match_methods"":[""result_object_key"",""altname"",""wsname_without_separator""],""base"":""ACX"",""quote"":""ZEUR""}"
"113","ACXUSD_1.csv","ACXUSD","2408","official_exact","official_altname_exact","ACXUSD","ACXUSD","ACX/USD","ACX","ZUSD","ACX","USD","cancel_only","True","{""pair_key"":""ACXUSD"",""match_methods"":[""result_object_key"",""altname"",""wsname_without_separator""],""base"":""ACX"",""quote"":""ZUSD""}"
"121","ADAAUD_1.csv","ADAAUD","5471","official_exact","official_altname_exact","ADAAUD","ADAAUD","ADA/AUD","ADA","ZAUD","ADA","AUD","online","True","{""pair_key"":""ADAAUD"",""match_methods"":[""result_object_key"",""altname"",""wsname_without_separator""],""base"":""ADA"",""quote"":""ZAUD""}"
"129","ADAETH_1.csv","ADAETH","6269","official_exact","official_altname_exact","ADAETH","ADAETH","ADA/ETH","ADA","XETH","ADA","ETH","online","True","{""pair_key"":""ADAETH"",""match_methods"":[""result_object_key"",""altname"",""wsname_without_separator""],""base"":""ADA"",""quote"":""XETH""}"
"137","ADAEUR_1.csv","ADAEUR","64399","official_exact","official_altname_exact","ADAEUR","ADAEUR","ADA/EUR","ADA","ZEUR","ADA","EUR","online","True","{""pair_key"":""ADAEUR"",""match_methods"":[""result_object_key"",""altname"",""wsname_without_separator""],""base"":""ADA"",""quote"":""ZEUR""}"
"145","ADAGBP_1.csv","ADAGBP","17598","official_exact","official_altname_exact","ADAGBP","ADAGBP","ADA/GBP","ADA","ZGBP","ADA","GBP","online","True","{""pair_key"":""ADAGBP"",""match_methods"":[""result_object_key"",""altname"",""wsname_without_separator""],""base"":""ADA"",""quote"":""ZGBP""}"
"153","ADAUSDC_1.csv","ADAUSDC","18877","official_exact","official_altname_exact","ADAUSDC","ADAUSDC","ADA/USDC","ADA","USDC","ADA","USDC","online","True","{""pair_key"":""ADAUSDC"",""match_methods"":[""result_object_key"",""altname"",""wsname_without_separator""],""base"":""ADA"",""quote"":""USDC""}"
"161","ADAUSDT_1.csv","ADAUSDT","28540","official_exact","official_altname_exact","ADAUSDT","ADAUSDT","ADA/USDT","ADA","USDT","ADA","USDT","online","True","{""pair_key"":""ADAUSDT"",""match_methods"":[""result_object_key"",""altname"",""wsname_without_separator""],""base"":""ADA"",""quote"":""USDT""}"
"169","ADAUSD_1.csv","ADAUSD","97627","official_exact","official_altname_exact","ADAUSD","ADAUSD","ADA/USD","ADA","ZUSD","ADA","USD","online","True","{""pair_key"":""ADAUSD"",""match_methods"":[""result_object_key"",""altname"",""wsname_without_separator""],""base"":""ADA"",""quote"":""ZUSD""}"
"177","ADAXBT_1.csv","ADAXBT","14801","official_exact","official_altname_exact","ADAXBT","ADAXBT","ADA/XBT","ADA","XXBT","ADA","XBT","online","True","{""pair_key"":""ADAXBT"",""match_methods"":[""result_object_key"",""altname"",""wsname_without_separator""],""base"":""ADA"",""quote"":""XXBT""}"
"185","ADXEUR_1.csv","ADXEUR","370","official_exact","official_altname_exact","ADXEUR","ADXEUR","ADX/EUR","ADX","ZEUR","ADX","EUR","online","True","{""pair_key"":""ADXEUR"",""match_methods"":[""result_object_key"",""altname"",""wsname_without_separator""],""base"":""ADX"",""quote"":""ZEUR""}"
"193","ADXUSD_1.csv","ADXUSD","2607","official_exact","official_altname_exact","ADXUSD","ADXUSD","ADX/USD","ADX","ZUSD","ADX","USD","online","True","{""pair_key"":""ADXUSD"",""match_methods"":[""result_object_key"",""altname"",""wsname_without_separator""],""base"":""ADX"",""quote"":""ZUSD""}"
"201","AEROEUR_1.csv","AEROEUR","3489","official_exact","official_altname_exact","AEROEUR","AEROEUR","AERO/EUR","AERO","ZEUR","AERO","EUR","online","True","{""pair_key"":""AEROEUR"",""match_methods"":[""result_object_key"",""altname"",""wsname_without_separator""],""base"":""AERO"",""quote"":""ZEUR""}"
"209","AEROUSD_1.csv","AEROUSD","23150","official_exact","official_altname_exact","AEROUSD","AEROUSD","AERO/USD","AERO","ZUSD","AERO","USD","online","True","{""pair_key"":""AEROUSD"",""match_methods"":[""result_object_key"",""altname"",""wsname_without_separator""],""base"":""AERO"",""quote"":""ZUSD""}"
"217","AEVOEUR_1.csv","AEVOEUR","1451","official_exact","official_altname_exact","AEVOEUR","AEVOEUR","AEVO/EUR","AEVO","ZEUR","AEVO","EUR","online","True","{""pair_key"":""AEVOEUR"",""match_methods"":[""result_object_key"",""altname"",""wsname_without_separator""],""base"":""AEVO"",""quote"":""ZEUR""}"
"225","AEVOUSD_1.csv","AEVOUSD","3932","official_exact","official_altname_exact","AEVOUSD","AEVOUSD","AEVO/USD","AEVO","ZUSD","AEVO","USD","online","True","{""pair_key"":""AEVOUSD"",""match_methods"":[""result_object_key"",""altname"",""wsname_without_separator""],""base"":""AEVO"",""quote"":""ZUSD""}"
"233","AGLDEUR_1.csv","AGLDEUR","563","reviewed_historical_identity","frozen_historical_registry_current_official_assets","","","AGLD/EUR","AGLD","ZEUR","AGLD","EUR","historical_pair_absent_from_captured_current_assetpairs","True","{""registry_sha256"":""65aaac5993ada762c8498f2fe9c298c00eb7f1f5a0deeea407f8c0cf10562408"",""resolution_method"":""frozen_historical_registry_current_official_assets"",""evidence_class"":""captured_current_official_asset_records_plus_official_archive_member"",""source_member_ordinal"":233,""official_support_url"":""""}"
"241","AGLDUSD_1.csv","AGLDUSD","1227","reviewed_historical_identity","frozen_historical_registry_current_official_assets","","","AGLD/USD","AGLD","ZUSD","AGLD","USD","historical_pair_absent_from_captured_current_assetpairs","True","{""registry_sha256"":""65aaac5993ada762c8498f2fe9c298c00eb7f1f5a0deeea407f8c0cf10562408"",""resolution_method"":""frozen_historical_registry_current_official_assets"",""evidence_class"":""captured_current_official_asset_records_plus_official_archive_member"",""source_member_ordinal"":241,""official_support_url"":""""}"
"249","AI16ZEUR_1.csv","AI16ZEUR","8174","reviewed_historical_identity","frozen_historical_registry_current_official_assets","","","AI16Z/EUR","AI16Z","ZEUR","AI16Z","EUR","historical_pair_absent_from_captured_current_assetpairs","True","{""registry_sha256"":""65aaac5993ada762c8498f2fe9c298c00eb7f1f5a0deeea407f8c0cf10562408"",""resolution_method"":""frozen_historical_registry_current_official_assets"",""evidence_class"":""captured_current_official_asset_records_plus_official_archive_member"",""source_member_ordinal"":249,""official_support_url"":""""}"
"257","AI16ZUSDC_1.csv","AI16ZUSDC","5274","reviewed_historical_identity","frozen_historical_registry_current_official_assets","","","AI16Z/USDC","AI16Z","USDC","AI16Z","USDC","historical_pair_absent_from_captured_current_assetpairs","True","{""registry_sha256"":""65aaac5993ada762c8498f2fe9c298c00eb7f1f5a0deeea407f8c0cf10562408"",""resolution_method"":""frozen_historical_registry_current_official_assets"",""evidence_class"":""captured_current_official_asset_records_plus_official_archive_member"",""source_member_ordinal"":257,""official_support_url"":""""}"
"265","AI16ZUSDT_1.csv","AI16ZUSDT","11912","reviewed_historical_identity","frozen_historical_registry_current_official_assets","","","AI16Z/USDT","AI16Z","USDT","AI16Z","USDT","historical_pair_absent_from_captured_current_assetpairs","True","{""registry_sha256"":""65aaac5993ada762c8498f2fe9c298c00eb7f1f5a0deeea407f8c0cf10562408"",""resolution_method"":""frozen_historical_registry_current_official_assets"",""evidence_class"":""captured_current_official_asset_records_plus_official_archive_member"",""source_member_ordinal"":265,""official_support_url"":""""}"
"273","AI16ZUSD_1.csv","AI16ZUSD","35020","reviewed_historical_identity","frozen_historical_registry_current_official_assets","","","AI16Z/USD","AI16Z","ZUSD","AI16Z","USD","historical_pair_absent_from_captured_current_assetpairs","True","{""registry_sha256"":""65aaac5993ada762c8498f2fe9c298c00eb7f1f5a0deeea407f8c0cf10562408"",""resolution_method"":""frozen_historical_registry_current_official_assets"",""evidence_class"":""captured_current_official_asset_records_plus_official_archive_member"",""source_member_ordinal"":273,""official_support_url"":""""}"
"281","AIREUR_1.csv","AIREUR","2167","reviewed_historical_identity","frozen_historical_registry_current_official_assets","","","AIR/EUR","AIR","ZEUR","AIR","EUR","historical_pair_absent_from_captured_current_assetpairs","True","{""registry_sha256"":""65aaac5993ada762c8498f2fe9c298c00eb7f1f5a0deeea407f8c0cf10562408"",""resolution_method"":""frozen_historical_registry_current_official_assets"",""evidence_class"":""captured_current_official_asset_records_plus_official_archive_member"",""source_member_ordinal"":281,""official_support_url"":""""}"
"289","AIRUSD_1.csv","AIRUSD","8657","reviewed_historical_identity","frozen_historical_registry_current_official_assets","","","AIR/USD","AIR","ZUSD","AIR","USD","historical_pair_absent_from_captured_current_assetpairs","True","{""registry_sha256"":""65aaac5993ada762c8498f2fe9c298c00eb7f1f5a0deeea407f8c0cf10562408"",""resolution_method"":""frozen_historical_registry_current_official_assets"",""evidence_class"":""captured_current_official_asset_records_plus_official_archive_member"",""source_member_ordinal"":289,""official_support_url"":""""}"
"297","AIXBTEUR_1.csv","AIXBTEUR","3224","official_exact","official_altname_exact","AIXBTEUR","AIXBTEUR","AIXBT/EUR","AIXBT","ZEUR","AIXBT","EUR","online","True","{""pair_key"":""AIXBTEUR"",""match_methods"":[""result_object_key"",""altname"",""wsname_without_separator""],""base"":""AIXBT"",""quote"":""ZEUR""}"
"305","AIXBTUSD_1.csv","AIXBTUSD","14962","official_exact","official_altname_exact","AIXBTUSD","AIXBTUSD","AIXBT/USD","AIXBT","ZUSD","AIXBT","USD","online","True","{""pair_key"":""AIXBTUSD"",""match_methods"":[""result_object_key"",""altname"",""wsname_without_separator""],""base"":""AIXBT"",""quote"":""ZUSD""}"
"313","AKTEUR_1.csv","AKTEUR","7455","official_exact","official_altname_exact","AKTEUR","AKTEUR","AKT/EUR","AKT","ZEUR","AKT","EUR","online","True","{""pair_key"":""AKTEUR"",""match_methods"":[""result_object_key"",""altname"",""wsname_without_separator""],""base"":""AKT"",""quote"":""ZEUR""}"
"321","AKTUSD_1.csv","AKTUSD","36595","official_exact","official_altname_exact","AKTUSD","AKTUSD","AKT/USD","AKT","ZUSD","AKT","USD","online","True","{""pair_key"":""AKTUSD"",""match_methods"":[""result_object_key"",""altname"",""wsname_without_separator""],""base"":""AKT"",""quote"":""ZUSD""}"
"329","ALCHEUR_1.csv","ALCHEUR","1199","official_exact","official_altname_exact","ALCHEUR","ALCHEUR","ALCH/EUR","ALCH","ZEUR","ALCH","EUR","online","True","{""pair_key"":""ALCHEUR"",""match_methods"":[""result_object_key"",""altname"",""wsname_without_separator""],""base"":""ALCH"",""quote"":""ZEUR""}"
"337","ALCHUSD_1.csv","ALCHUSD","3628","official_exact","official_altname_exact","ALCHUSD","ALCHUSD","ALCH/USD","ALCH","ZUSD","ALCH","USD","online","True","{""pair_key"":""ALCHUSD"",""match_methods"":[""result_object_key"",""altname"",""wsname_without_separator""],""base"":""ALCH"",""quote"":""ZUSD""}"
"345","ALCXEUR_1.csv","ALCXEUR","696","official_exact","official_altname_exact","ALCXEUR","ALCXEUR","ALCX/EUR","ALCX","ZEUR","ALCX","EUR","online","True","{""pair_key"":""ALCXEUR"",""match_methods"":[""result_object_key"",""altname"",""wsname_without_separator""],""base"":""ALCX"",""quote"":""ZEUR""}"
"353","ALCXUSD_1.csv","ALCXUSD","3848","official_exact","official_altname_exact","ALCXUSD","ALCXUSD","ALCX/USD","ALCX","ZUSD","ALCX","USD","online","True","{""pair_key"":""ALCXUSD"",""match_methods"":[""result_object_key"",""altname"",""wsname_without_separator""],""base"":""ALCX"",""quote"":""ZUSD""}"
"361","ALGOETH_1.csv","ALGOETH","2605","official_exact","official_altname_exact","ALGOETH","ALGOETH","ALGO/ETH","ALGO","XETH","ALGO","ETH","online","True","{""pair_key"":""ALGOETH"",""match_methods"":[""result_object_key"",""altname"",""wsname_without_separator""],""base"":""ALGO"",""quote"":""XETH""}"
"369","ALGOEUR_1.csv","ALGOEUR","17166","official_exact","official_altname_exact","ALGOEUR","ALGOEUR","ALGO/EUR","ALGO","ZEUR","ALGO","EUR","online","True","{""pair_key"":""ALGOEUR"",""match_methods"":[""result_object_key"",""altname"",""wsname_without_separator""],""base"":""ALGO"",""quote"":""ZEUR""}"
"377","ALGOGBP_1.csv","ALGOGBP","6276","official_exact","official_altname_exact","ALGOGBP","ALGOGBP","ALGO/GBP","ALGO","ZGBP","ALGO","GBP","online","True","{""pair_key"":""ALGOGBP"",""match_methods"":[""result_object_key"",""altname"",""wsname_without_separator""],""base"":""ALGO"",""quote"":""ZGBP""}"
"385","ALGOUSDC_1.csv","ALGOUSDC","3152","official_exact","official_altname_exact","ALGOUSDC","ALGOUSDC","ALGO/USDC","ALGO","USDC","ALGO","USDC","online","True","{""pair_key"":""ALGOUSDC"",""match_methods"":[""result_object_key"",""altname"",""wsname_without_separator""],""base"":""ALGO"",""quote"":""USDC""}"
"393","ALGOUSDT_1.csv","ALGOUSDT","16210","official_exact","official_altname_exact","ALGOUSDT","ALGOUSDT","ALGO/USDT","ALGO","USDT","ALGO","USDT","online","True","{""pair_key"":""ALGOUSDT"",""match_methods"":[""result_object_key"",""altname"",""wsname_without_separator""],""base"":""ALGO"",""quote"":""USDT""}"
"401","ALGOUSD_1.csv","ALGOUSD","51503","official_exact","official_altname_exact","ALGOUSD","ALGOUSD","ALGO/USD","ALGO","ZUSD","ALGO","USD","online","True","{""pair_key"":""ALGOUSD"",""match_methods"":[""result_object_key"",""altname"",""wsname_without_separator""],""base"":""ALGO"",""quote"":""ZUSD""}"
"409","ALGOXBT_1.csv","ALGOXBT","8221","official_exact","official_altname_exact","ALGOXBT","ALGOXBT","ALGO/XBT","ALGO","XXBT","ALGO","XBT","online","True","{""pair_key"":""ALGOXBT"",""match_methods"":[""result_object_key"",""altname"",""wsname_without_separator""],""base"":""ALGO"",""quote"":""XXBT""}"
"417","ALICEEUR_1.csv","ALICEEUR","556","official_exact","official_altname_exact","ALICEEUR","ALICEEUR","ALICE/EUR","ALICE","ZEUR","ALICE","EUR","online","True","{""pair_key"":""ALICEEUR"",""match_methods"":[""result_object_key"",""altname"",""wsname_without_separator""],""base"":""ALICE"",""quote"":""ZEUR""}"
"425","ALICEUSD_1.csv","ALICEUSD","795","official_exact","official_altname_exact","ALICEUSD","ALICEUSD","ALICE/USD","ALICE","ZUSD","ALICE","USD","online","True","{""pair_key"":""ALICEUSD"",""match_methods"":[""result_object_key"",""altname"",""wsname_without_separator""],""base"":""ALICE"",""quote"":""ZUSD""}"
"433","ALPHAEUR_1.csv","ALPHAEUR","2378","official_exact","official_altname_exact","ALPHAEUR","ALPHAEUR","ALPHA/EUR","ALPHA","ZEUR","ALPHA","EUR","online","True","{""pair_key"":""ALPHAEUR"",""match_methods"":[""result_object_key"",""altname"",""wsname_without_separator""],""base"":""ALPHA"",""quote"":""ZEUR""}"
"441","ALPHAUSD_1.csv","ALPHAUSD","7122","official_exact","official_altname_exact","ALPHAUSD","ALPHAUSD","ALPHA/USD","ALPHA","ZUSD","ALPHA","USD","online","True","{""pair_key"":""ALPHAUSD"",""match_methods"":[""result_object_key"",""altname"",""wsname_without_separator""],""base"":""ALPHA"",""quote"":""ZUSD""}"
"449","ALTEUR_1.csv","ALTEUR","1133","official_exact","official_altname_exact","ALTEUR","ALTEUR","ALT/EUR","ALT","ZEUR","ALT","EUR","online","True","{""pair_key"":""ALTEUR"",""match_methods"":[""result_object_key"",""altname"",""wsname_without_separator""],""base"":""ALT"",""quote"":""ZEUR""}"
"457","ALTUSD_1.csv","ALTUSD","5805","official_exact","official_altname_exact","ALTUSD","ALTUSD","ALT/USD","ALT","ZUSD","ALT","USD","online","True","{""pair_key"":""ALTUSD"",""match_methods"":[""result_object_key"",""altname"",""wsname_without_separator""],""base"":""ALT"",""quote"":""ZUSD""}"
"465","ANKREUR_1.csv","ANKREUR","2308","official_exact","official_altname_exact","ANKREUR","ANKREUR","ANKR/EUR","ANKR","ZEUR","ANKR","EUR","online","True","{""pair_key"":""ANKREUR"",""match_methods"":[""result_object_key"",""altname"",""wsname_without_separator""],""base"":""ANKR"",""quote"":""ZEUR""}"
"473","ANKRUSD_1.csv","ANKRUSD","5205","official_exact","official_altname_exact","ANKRUSD","ANKRUSD","ANKR/USD","ANKR","ZUSD","ANKR","USD","online","True","{""pair_key"":""ANKRUSD"",""match_methods"":[""result_object_key"",""altname"",""wsname_without_separator""],""base"":""ANKR"",""quote"":""ZUSD""}"
"481","ANKRXBT_1.csv","ANKRXBT","420","official_exact","official_altname_exact","ANKRXBT","ANKRXBT","ANKR/XBT","ANKR","XXBT","ANKR","XBT","online","True","{""pair_key"":""ANKRXBT"",""match_methods"":[""result_object_key"",""altname"",""wsname_without_separator""],""base"":""ANKR"",""quote"":""XXBT""}"
"489","ANLOGEUR_1.csv","ANLOGEUR","564","reviewed_historical_identity","frozen_historical_registry_current_official_assets","","","ANLOG/EUR","ANLOG","ZEUR","ANLOG","EUR","historical_pair_absent_from_captured_current_assetpairs","True","{""registry_sha256"":""65aaac5993ada762c8498f2fe9c298c00eb7f1f5a0deeea407f8c0cf10562408"",""resolution_method"":""frozen_historical_registry_current_official_assets"",""evidence_class"":""captured_current_official_asset_records_plus_official_archive_member"",""source_member_ordinal"":489,""official_support_url"":""""}"
"497","ANLOGUSD_1.csv","ANLOGUSD","1854","reviewed_historical_identity","frozen_historical_registry_current_official_assets","","","ANLOG/USD","ANLOG","ZUSD","ANLOG","USD","historical_pair_absent_from_captured_current_assetpairs","True","{""registry_sha256"":""65aaac5993ada762c8498f2fe9c298c00eb7f1f5a0deeea407f8c0cf10562408"",""resolution_method"":""frozen_historical_registry_current_official_assets"",""evidence_class"":""captured_current_official_asset_records_plus_official_archive_member"",""source_member_ordinal"":497,""official_support_url"":""""}"
"505","ANONEUR_1.csv","ANONEUR","497","official_exact","official_altname_exact","ANONEUR","ANONEUR","ANON/EUR","ANON","ZEUR","ANON","EUR","online","True","{""pair_key"":""ANONEUR"",""match_methods"":[""result_object_key"",""altname"",""wsname_without_separator""],""base"":""ANON"",""quote"":""ZEUR""}"
"513","ANONUSD_1.csv","ANONUSD","15252","official_exact","official_altname_exact","ANONUSD","ANONUSD","ANON/USD","ANON","ZUSD","ANON","USD","online","True","{""pair_key"":""ANONUSD"",""match_methods"":[""result_object_key"",""altname"",""wsname_without_separator""],""base"":""ANON"",""quote"":""ZUSD""}"
"521","APEEUR_1.csv","APEEUR","6426","official_exact","official_altname_exact","APEEUR","APEEUR","APE/EUR","APE","ZEUR","APE","EUR","online","True","{""pair_key"":""APEEUR"",""match_methods"":[""result_object_key"",""altname"",""wsname_without_separator""],""base"":""APE"",""quote"":""ZEUR""}"
"529","APENFTEUR_1.csv","APENFTEUR","1749","official_exact","official_altname_exact","APENFTEUR","APENFTEUR","APENFT/EUR","APENFT","ZEUR","APENFT","EUR","online","True","{""pair_key"":""APENFTEUR"",""match_methods"":[""result_object_key"",""altname"",""wsname_without_separator""],""base"":""APENFT"",""quote"":""ZEUR""}"
"537","APENFTUSD_1.csv","APENFTUSD","6328","official_exact","official_altname_exact","APENFTUSD","APENFTUSD","APENFT/USD","APENFT","ZUSD","APENFT","USD","online","True","{""pair_key"":""APENFTUSD"",""match_methods"":[""result_object_key"",""altname"",""wsname_without_separator""],""base"":""APENFT"",""quote"":""ZUSD""}"
"545","APEUSDC_1.csv","APEUSDC","547","official_exact","official_altname_exact","APEUSDC","APEUSDC","APE/USDC","APE","USDC","APE","USDC","online","True","{""pair_key"":""APEUSDC"",""match_methods"":[""result_object_key"",""altname"",""wsname_without_separator""],""base"":""APE"",""quote"":""USDC""}"
"553","APEUSDT_1.csv","APEUSDT","1803","official_exact","official_altname_exact","APEUSDT","APEUSDT","APE/USDT","APE","USDT","APE","USDT","online","True","{""pair_key"":""APEUSDT"",""match_methods"":[""result_object_key"",""altname"",""wsname_without_separator""],""base"":""APE"",""quote"":""USDT""}"
"561","APEUSD_1.csv","APEUSD","10853","official_exact","official_altname_exact","APEUSD","APEUSD","APE/USD","APE","ZUSD","APE","USD","online","True","{""pair_key"":""APEUSD"",""match_methods"":[""result_object_key"",""altname"",""wsname_without_separator""],""base"":""APE"",""quote"":""ZUSD""}"
"569","API3EUR_1.csv","API3EUR","1803","official_exact","official_altname_exact","API3EUR","API3EUR","API3/EUR","API3","ZEUR","API3","EUR","online","True","{""pair_key"":""API3EUR"",""match_methods"":[""result_object_key"",""altname"",""wsname_without_separator""],""base"":""API3"",""quote"":""ZEUR""}"
"577","API3USD_1.csv","API3USD","21811","official_exact","official_altname_exact","API3USD","API3USD","API3/USD","API3","ZUSD","API3","USD","online","True","{""pair_key"":""API3USD"",""match_methods"":[""result_object_key"",""altname"",""wsname_without_separator""],""base"":""API3"",""quote"":""ZUSD""}"
"585","APTEUR_1.csv","APTEUR","6192","official_exact","official_altname_exact","APTEUR","APTEUR","APT/EUR","APT","ZEUR","APT","EUR","online","True","{""pair_key"":""APTEUR"",""match_methods"":[""result_object_key"",""altname"",""wsname_without_separator""],""base"":""APT"",""quote"":""ZEUR""}"
"593","APTUSD_1.csv","APTUSD","24861","official_exact","official_altname_exact","APTUSD","APTUSD","APT/USD","APT","ZUSD","APT","USD","online","True","{""pair_key"":""APTUSD"",""match_methods"":[""result_object_key"",""altname"",""wsname_without_separator""],""base"":""APT"",""quote"":""ZUSD""}"
"601","APUEUR_1.csv","APUEUR","8764","official_exact","official_altname_exact","APUEUR","APUEUR","APU/EUR","APU","ZEUR","APU","EUR","online","True","{""pair_key"":""APUEUR"",""match_methods"":[""result_object_key"",""altname"",""wsname_without_separator""],""base"":""APU"",""quote"":""ZEUR""}"
"609","APUUSD_1.csv","APUUSD","23919","official_exact","official_altname_exact","APUUSD","APUUSD","APU/USD","APU","ZUSD","APU","USD","online","True","{""pair_key"":""APUUSD"",""match_methods"":[""result_object_key"",""altname"",""wsname_without_separator""],""base"":""APU"",""quote"":""ZUSD""}"
"617","ARBEUR_1.csv","ARBEUR","8234","official_exact","official_altname_exact","ARBEUR","ARBEUR","ARB/EUR","ARB","ZEUR","ARB","EUR","online","True","{""pair_key"":""ARBEUR"",""match_methods"":[""result_object_key"",""altname"",""wsname_without_separator""],""base"":""ARB"",""quote"":""ZEUR""}"
"625","ARBUSD_1.csv","ARBUSD","24915","official_exact","official_altname_exact","ARBUSD","ARBUSD","ARB/USD","ARB","ZUSD","ARB","USD","online","True","{""pair_key"":""ARBUSD"",""match_methods"":[""result_object_key"",""altname"",""wsname_without_separator""],""base"":""ARB"",""quote"":""ZUSD""}"
"633","ARCEUR_1.csv","ARCEUR","472","official_exact","official_altname_exact","ARCEUR","ARCEUR","ARC/EUR","ARC","ZEUR","ARC","EUR","online","True","{""pair_key"":""ARCEUR"",""match_methods"":[""result_object_key"",""altname"",""wsname_without_separator""],""base"":""ARC"",""quote"":""ZEUR""}"
"641","ARCUSD_1.csv","ARCUSD","1661","official_exact","official_altname_exact","ARCUSD","ARCUSD","ARC/USD","ARC","ZUSD","ARC","USD","online","True","{""pair_key"":""ARCUSD"",""match_methods"":[""result_object_key"",""altname"",""wsname_without_separator""],""base"":""ARC"",""quote"":""ZUSD""}"
"649","AREUR_1.csv","AREUR","1157","official_exact","official_altname_exact","AREUR","AREUR","AR/EUR","AR","ZEUR","AR","EUR","online","True","{""pair_key"":""AREUR"",""match_methods"":[""result_object_key"",""altname"",""wsname_without_separator""],""base"":""AR"",""quote"":""ZEUR""}"
"657","ARKMEUR_1.csv","ARKMEUR","2879","official_exact","official_altname_exact","ARKMEUR","ARKMEUR","ARKM/EUR","ARKM","ZEUR","ARKM","EUR","online","True","{""pair_key"":""ARKMEUR"",""match_methods"":[""result_object_key"",""altname"",""wsname_without_separator""],""base"":""ARKM"",""quote"":""ZEUR""}"
"665","ARKMUSD_1.csv","ARKMUSD","8386","official_exact","official_altname_exact","ARKMUSD","ARKMUSD","ARKM/USD","ARKM","ZUSD","ARKM","USD","online","True","{""pair_key"":""ARKMUSD"",""match_methods"":[""result_object_key"",""altname"",""wsname_without_separator""],""base"":""ARKM"",""quote"":""ZUSD""}"
"673","ARPAEUR_1.csv","ARPAEUR","913","official_exact","official_altname_exact","ARPAEUR","ARPAEUR","ARPA/EUR","ARPA","ZEUR","ARPA","EUR","online","True","{""pair_key"":""ARPAEUR"",""match_methods"":[""result_object_key"",""altname"",""wsname_without_separator""],""base"":""ARPA"",""quote"":""ZEUR""}"
"681","ARPAUSD_1.csv","ARPAUSD","3658","official_exact","official_altname_exact","ARPAUSD","ARPAUSD","ARPA/USD","ARPA","ZUSD","ARPA","USD","online","True","{""pair_key"":""ARPAUSD"",""match_methods"":[""result_object_key"",""altname"",""wsname_without_separator""],""base"":""ARPA"",""quote"":""ZUSD""}"
"689","ARUSD_1.csv","ARUSD","8704","official_exact","official_altname_exact","ARUSD","ARUSD","AR/USD","AR","ZUSD","AR","USD","online","True","{""pair_key"":""ARUSD"",""match_methods"":[""result_object_key"",""altname"",""wsname_without_separator""],""base"":""AR"",""quote"":""ZUSD""}"
"697","ASRREUR_1.csv","ASRREUR","168","reviewed_historical_identity","frozen_historical_registry_current_official_assets","","","ASRR/EUR","ASRR","ZEUR","ASRR","EUR","historical_pair_absent_from_captured_current_assetpairs","True","{""registry_sha256"":""65aaac5993ada762c8498f2fe9c298c00eb7f1f5a0deeea407f8c0cf10562408"",""resolution_method"":""frozen_historical_registry_current_official_assets"",""evidence_class"":""captured_current_official_asset_records_plus_official_archive_member"",""source_member_ordinal"":697,""official_support_url"":""""}"
"705","ASRRUSD_1.csv","ASRRUSD","3324","reviewed_historical_identity","frozen_historical_registry_current_official_assets","","","ASRR/USD","ASRR","ZUSD","ASRR","USD","historical_pair_absent_from_captured_current_assetpairs","True","{""registry_sha256"":""65aaac5993ada762c8498f2fe9c298c00eb7f1f5a0deeea407f8c0cf10562408"",""resolution_method"":""frozen_historical_registry_current_official_assets"",""evidence_class"":""captured_current_official_asset_records_plus_official_archive_member"",""source_member_ordinal"":705,""official_support_url"":""""}"
"713","ASTREUR_1.csv","ASTREUR","3127","official_exact","official_altname_exact","ASTREUR","ASTREUR","ASTR/EUR","ASTR","ZEUR","ASTR","EUR","online","True","{""pair_key"":""ASTREUR"",""match_methods"":[""result_object_key"",""altname"",""wsname_without_separator""],""base"":""ASTR"",""quote"":""ZEUR""}"
"721","ASTRUSD_1.csv","ASTRUSD","5608","official_exact","official_altname_exact","ASTRUSD","ASTRUSD","ASTR/USD","ASTR","ZUSD","ASTR","USD","online","True","{""pair_key"":""ASTRUSD"",""match_methods"":[""result_object_key"",""altname"",""wsname_without_separator""],""base"":""ASTR"",""quote"":""ZUSD""}"
"729","ATHEUR_1.csv","ATHEUR","3855","official_exact","official_altname_exact","ATHEUR","ATHEUR","ATH/EUR","ATH","ZEUR","ATH","EUR","online","True","{""pair_key"":""ATHEUR"",""match_methods"":[""result_object_key"",""altname"",""wsname_without_separator""],""base"":""ATH"",""quote"":""ZEUR""}"
"737","ATHUSD_1.csv","ATHUSD","18138","official_exact","official_altname_exact","ATHUSD","ATHUSD","ATH/USD","ATH","ZUSD","ATH","USD","online","True","{""pair_key"":""ATHUSD"",""match_methods"":[""result_object_key"",""altname"",""wsname_without_separator""],""base"":""ATH"",""quote"":""ZUSD""}"
"745","ATLASEUR_1.csv","ATLASEUR","1800","reviewed_historical_identity","frozen_historical_registry_current_official_assets","","","ATLAS/EUR","ATLAS","ZEUR","ATLAS","EUR","historical_pair_absent_from_captured_current_assetpairs","True","{""registry_sha256"":""65aaac5993ada762c8498f2fe9c298c00eb7f1f5a0deeea407f8c0cf10562408"",""resolution_method"":""frozen_historical_registry_current_official_assets"",""evidence_class"":""captured_current_official_asset_records_plus_official_archive_member"",""source_member_ordinal"":745,""official_support_url"":""""}"
"753","ATLASUSD_1.csv","ATLASUSD","5102","official_exact","official_altname_exact","ATLASUSD","ATLASUSD","ATLAS/USD","ATLAS","ZUSD","ATLAS","USD","online","True","{""pair_key"":""ATLASUSD"",""match_methods"":[""result_object_key"",""altname"",""wsname_without_separator""],""base"":""ATLAS"",""quote"":""ZUSD""}"
"761","ATOMETH_1.csv","ATOMETH","3340","official_exact","official_altname_exact","ATOMETH","ATOMETH","ATOM/ETH","ATOM","XETH","ATOM","ETH","online","True","{""pair_key"":""ATOMETH"",""match_methods"":[""result_object_key"",""altname"",""wsname_without_separator""],""base"":""ATOM"",""quote"":""XETH""}"
"769","ATOMEUR_1.csv","ATOMEUR","16568","official_exact","official_altname_exact","ATOMEUR","ATOMEUR","ATOM/EUR","ATOM","ZEUR","ATOM","EUR","online","True","{""pair_key"":""ATOMEUR"",""match_methods"":[""result_object_key"",""altname"",""wsname_without_separator""],""base"":""ATOM"",""quote"":""ZEUR""}"
"777","ATOMGBP_1.csv","ATOMGBP","3406","official_exact","official_altname_exact","ATOMGBP","ATOMGBP","ATOM/GBP","ATOM","ZGBP","ATOM","GBP","online","True","{""pair_key"":""ATOMGBP"",""match_methods"":[""result_object_key"",""altname"",""wsname_without_separator""],""base"":""ATOM"",""quote"":""ZGBP""}"
"785","ATOMUSDC_1.csv","ATOMUSDC","3778","official_exact","official_altname_exact","ATOMUSDC","ATOMUSDC","ATOM/USDC","ATOM","USDC","ATOM","USDC","online","True","{""pair_key"":""ATOMUSDC"",""match_methods"":[""result_object_key"",""altname"",""wsname_without_separator""],""base"":""ATOM"",""quote"":""USDC""}"
"793","ATOMUSDT_1.csv","ATOMUSDT","9455","official_exact","official_altname_exact","ATOMUSDT","ATOMUSDT","ATOM/USDT","ATOM","USDT","ATOM","USDT","online","True","{""pair_key"":""ATOMUSDT"",""match_methods"":[""result_object_key"",""altname"",""wsname_without_separator""],""base"":""ATOM"",""quote"":""USDT""}"
"801","ATOMUSD_1.csv","ATOMUSD","53335","official_exact","official_altname_exact","ATOMUSD","ATOMUSD","ATOM/USD","ATOM","ZUSD","ATOM","USD","online","True","{""pair_key"":""ATOMUSD"",""match_methods"":[""result_object_key"",""altname"",""wsname_without_separator""],""base"":""ATOM"",""quote"":""ZUSD""}"
"809","ATOMXBT_1.csv","ATOMXBT","4660","official_exact","official_altname_exact","ATOMXBT","ATOMXBT","ATOM/XBT","ATOM","XXBT","ATOM","XBT","online","True","{""pair_key"":""ATOMXBT"",""match_methods"":[""result_object_key"",""altname"",""wsname_without_separator""],""base"":""ATOM"",""quote"":""XXBT""}"
"817","AUCTIONEUR_1.csv","AUCTIONEUR","1085","official_exact","official_altname_exact","AUCTIONEUR","AUCTIONEUR","AUCTION/EUR","AUCTION","ZEUR","AUCTION","EUR","online","True","{""pair_key"":""AUCTIONEUR"",""match_methods"":[""result_object_key"",""altname"",""wsname_without_separator""],""base"":""AUCTION"",""quote"":""ZEUR""}"
"825","AUCTIONUSD_1.csv","AUCTIONUSD","5841","official_exact","official_altname_exact","AUCTIONUSD","AUCTIONUSD","AUCTION/USD","AUCTION","ZUSD","AUCTION","USD","online","True","{""pair_key"":""AUCTIONUSD"",""match_methods"":[""result_object_key"",""altname"",""wsname_without_separator""],""base"":""AUCTION"",""quote"":""ZUSD""}"
"833","AUDIOEUR_1.csv","AUDIOEUR","1026","official_exact","official_altname_exact","AUDIOEUR","AUDIOEUR","AUDIO/EUR","AUDIO","ZEUR","AUDIO","EUR","online","True","{""pair_key"":""AUDIOEUR"",""match_methods"":[""result_object_key"",""altname"",""wsname_without_separator""],""base"":""AUDIO"",""quote"":""ZEUR""}"
"841","AUDIOUSD_1.csv","AUDIOUSD","4953","official_exact","official_altname_exact","AUDIOUSD","AUDIOUSD","AUDIO/USD","AUDIO","ZUSD","AUDIO","USD","online","True","{""pair_key"":""AUDIOUSD"",""match_methods"":[""result_object_key"",""altname"",""wsname_without_separator""],""base"":""AUDIO"",""quote"":""ZUSD""}"
"849","AUDJPY_1.csv","AUDJPY","1385","official_exact","official_altname_exact","AUDJPY","AUDJPY","AUD/JPY","ZAUD","ZJPY","AUD","JPY","online","True","{""pair_key"":""AUDJPY"",""match_methods"":[""result_object_key"",""altname"",""wsname_without_separator""],""base"":""ZAUD"",""quote"":""ZJPY""}"
"857","AUDUSD_1.csv","AUDUSD","46000","official_exact","official_altname_exact","AUDUSD","AUDUSD","AUD/USD","ZAUD","ZUSD","AUD","USD","online","True","{""pair_key"":""AUDUSD"",""match_methods"":[""result_object_key"",""altname"",""wsname_without_separator""],""base"":""ZAUD"",""quote"":""ZUSD""}"
"865","AVAAIEUR_1.csv","AVAAIEUR","2275","reviewed_historical_identity","frozen_historical_registry_current_official_assets","","","AVAAI/EUR","AVAAI","ZEUR","AVAAI","EUR","historical_pair_absent_from_captured_current_assetpairs","True","{""registry_sha256"":""65aaac5993ada762c8498f2fe9c298c00eb7f1f5a0deeea407f8c0cf10562408"",""resolution_method"":""frozen_historical_registry_current_official_assets"",""evidence_class"":""captured_current_official_asset_records_plus_official_archive_member"",""source_member_ordinal"":865,""official_support_url"":""""}"
"873","AVAAIUSD_1.csv","AVAAIUSD","7857","official_exact","official_altname_exact","AVAAIUSD","AVAAIUSD","AVAAI/USD","AVAAI","ZUSD","AVAAI","USD","online","True","{""pair_key"":""AVAAIUSD"",""match_methods"":[""result_object_key"",""altname"",""wsname_without_separator""],""base"":""AVAAI"",""quote"":""ZUSD""}"
"881","AVAXEUR_1.csv","AVAXEUR","27753","official_exact","official_altname_exact","AVAXEUR","AVAXEUR","AVAX/EUR","AVAX","ZEUR","AVAX","EUR","online","True","{""pair_key"":""AVAXEUR"",""match_methods"":[""result_object_key"",""altname"",""wsname_without_separator""],""base"":""AVAX"",""quote"":""ZEUR""}"
"889","AVAXUSDC_1.csv","AVAXUSDC","6110","official_exact","official_altname_exact","AVAXUSDC","AVAXUSDC","AVAX/USDC","AVAX","USDC","AVAX","USDC","online","True","{""pair_key"":""AVAXUSDC"",""match_methods"":[""result_object_key"",""altname"",""wsname_without_separator""],""base"":""AVAX"",""quote"":""USDC""}"
"897","AVAXUSDT_1.csv","AVAXUSDT","15194","official_exact","official_altname_exact","AVAXUSDT","AVAXUSDT","AVAX/USDT","AVAX","USDT","AVAX","USDT","online","True","{""pair_key"":""AVAXUSDT"",""match_methods"":[""result_object_key"",""altname"",""wsname_without_separator""],""base"":""AVAX"",""quote"":""USDT""}"
"905","AVAXUSD_1.csv","AVAXUSD","68768","official_exact","official_altname_exact","AVAXUSD","AVAXUSD","AVAX/USD","AVAX","ZUSD","AVAX","USD","online","True","{""pair_key"":""AVAXUSD"",""match_methods"":[""result_object_key"",""altname"",""wsname_without_separator""],""base"":""AVAX"",""quote"":""ZUSD""}"
"913","AXSEUR_1.csv","AXSEUR","4747","official_exact","official_altname_exact","AXSEUR","AXSEUR","AXS/EUR","AXS","ZEUR","AXS","EUR","online","True","{""pair_key"":""AXSEUR"",""match_methods"":[""result_object_key"",""altname"",""wsname_without_separator""],""base"":""AXS"",""quote"":""ZEUR""}"
"921","AXSUSD_1.csv","AXSUSD","50533","official_exact","official_altname_exact","AXSUSD","AXSUSD","AXS/USD","AXS","ZUSD","AXS","USD","online","True","{""pair_key"":""AXSUSD"",""match_methods"":[""result_object_key"",""altname"",""wsname_without_separator""],""base"":""AXS"",""quote"":""ZUSD""}"
"929","B3EUR_1.csv","B3EUR","703","official_exact","official_altname_exact","B3EUR","B3EUR","B3/EUR","B3","ZEUR","B3","EUR","online","True","{""pair_key"":""B3EUR"",""match_methods"":[""result_object_key"",""altname"",""wsname_without_separator""],""base"":""B3"",""quote"":""ZEUR""}"
"937","B3USD_1.csv","B3USD","5783","official_exact","official_altname_exact","B3USD","B3USD","B3/USD","B3","ZUSD","B3","USD","online","True","{""pair_key"":""B3USD"",""match_methods"":[""result_object_key"",""altname"",""wsname_without_separator""],""base"":""B3"",""quote"":""ZUSD""}"
"945","BABYEUR_1.csv","BABYEUR","673","official_exact","official_altname_exact","BABYEUR","BABYEUR","BABY/EUR","BABY","ZEUR","BABY","EUR","online","True","{""pair_key"":""BABYEUR"",""match_methods"":[""result_object_key"",""altname"",""wsname_without_separator""],""base"":""BABY"",""quote"":""ZEUR""}"
"953","BABYUSD_1.csv","BABYUSD","8601","official_exact","official_altname_exact","BABYUSD","BABYUSD","BABY/USD","BABY","ZUSD","BABY","USD","online","True","{""pair_key"":""BABYUSD"",""match_methods"":[""result_object_key"",""altname"",""wsname_without_separator""],""base"":""BABY"",""quote"":""ZUSD""}"
"961","BADGEREUR_1.csv","BADGEREUR","5507","official_exact","official_altname_exact","BADGEREUR","BADGEREUR","BADGER/EUR","BADGER","ZEUR","BADGER","EUR","online","True","{""pair_key"":""BADGEREUR"",""match_methods"":[""result_object_key"",""altname"",""wsname_without_separator""],""base"":""BADGER"",""quote"":""ZEUR""}"
"969","BADGERUSD_1.csv","BADGERUSD","10497","official_exact","official_altname_exact","BADGERUSD","BADGERUSD","BADGER/USD","BADGER","ZUSD","BADGER","USD","online","True","{""pair_key"":""BADGERUSD"",""match_methods"":[""result_object_key"",""altname"",""wsname_without_separator""],""base"":""BADGER"",""quote"":""ZUSD""}"
"977","BALEUR_1.csv","BALEUR","1496","official_exact","official_altname_exact","BALEUR","BALEUR","BAL/EUR","BAL","ZEUR","BAL","EUR","online","True","{""pair_key"":""BALEUR"",""match_methods"":[""result_object_key"",""altname"",""wsname_without_separator""],""base"":""BAL"",""quote"":""ZEUR""}"
"985","BALUSD_1.csv","BALUSD","7542","official_exact","official_altname_exact","BALUSD","BALUSD","BAL/USD","BAL","ZUSD","BAL","USD","online","True","{""pair_key"":""BALUSD"",""match_methods"":[""result_object_key"",""altname"",""wsname_without_separator""],""base"":""BAL"",""quote"":""ZUSD""}"
"993","BANANAS31EUR_1.csv","BANANAS31EUR","628","official_exact","official_altname_exact","BANANAS31EUR","BANANAS31EUR","BANANAS31/EUR","BANANAS31","ZEUR","BANANAS31","EUR","online","True","{""pair_key"":""BANANAS31EUR"",""match_methods"":[""result_object_key"",""altname"",""wsname_without_separator""],""base"":""BANANAS31"",""quote"":""ZEUR""}"
"1001","BANANAS31USD_1.csv","BANANAS31USD","7875","official_exact","official_altname_exact","BANANAS31USD","BANANAS31USD","BANANAS31/USD","BANANAS31","ZUSD","BANANAS31","USD","online","True","{""pair_key"":""BANANAS31USD"",""match_methods"":[""result_object_key"",""altname"",""wsname_without_separator""],""base"":""BANANAS31"",""quote"":""ZUSD""}"
"1009","BANDEUR_1.csv","BANDEUR","1132","official_exact","official_altname_exact","BANDEUR","BANDEUR","BAND/EUR","BAND","ZEUR","BAND","EUR","online","True","{""pair_key"":""BANDEUR"",""match_methods"":[""result_object_key"",""altname"",""wsname_without_separator""],""base"":""BAND"",""quote"":""ZEUR""}"
"1017","BANDUSD_1.csv","BANDUSD","2197","official_exact","official_altname_exact","BANDUSD","BANDUSD","BAND/USD","BAND","ZUSD","BAND","USD","online","True","{""pair_key"":""BANDUSD"",""match_methods"":[""result_object_key"",""altname"",""wsname_without_separator""],""base"":""BAND"",""quote"":""ZUSD""}"
"1025","BATEUR_1.csv","BATEUR","2531","official_exact","official_altname_exact","BATEUR","BATEUR","BAT/EUR","BAT","ZEUR","BAT","EUR","online","True","{""pair_key"":""BATEUR"",""match_methods"":[""result_object_key"",""altname"",""wsname_without_separator""],""base"":""BAT"",""quote"":""ZEUR""}"
"1033","BATUSD_1.csv","BATUSD","6428","official_exact","official_altname_exact","BATUSD","BATUSD","BAT/USD","BAT","ZUSD","BAT","USD","online","True","{""pair_key"":""BATUSD"",""match_methods"":[""result_object_key"",""altname"",""wsname_without_separator""],""base"":""BAT"",""quote"":""ZUSD""}"
"1041","BCHAUD_1.csv","BCHAUD","1486","official_exact","official_altname_exact","BCHAUD","BCHAUD","BCH/AUD","BCH","ZAUD","BCH","AUD","online","True","{""pair_key"":""BCHAUD"",""match_methods"":[""result_object_key"",""altname"",""wsname_without_separator""],""base"":""BCH"",""quote"":""ZAUD""}"
"1049","BCHETH_1.csv","BCHETH","2652","official_exact","official_altname_exact","BCHETH","BCHETH","BCH/ETH","BCH","XETH","BCH","ETH","online","True","{""pair_key"":""BCHETH"",""match_methods"":[""result_object_key"",""altname"",""wsname_without_separator""],""base"":""BCH"",""quote"":""XETH""}"
"1057","BCHEUR_1.csv","BCHEUR","26866","official_exact","official_altname_exact","BCHEUR","BCHEUR","BCH/EUR","BCH","ZEUR","BCH","EUR","online","True","{""pair_key"":""BCHEUR"",""match_methods"":[""result_object_key"",""altname"",""wsname_without_separator""],""base"":""BCH"",""quote"":""ZEUR""}"
"1065","BCHGBP_1.csv","BCHGBP","2804","official_exact","official_altname_exact","BCHGBP","BCHGBP","BCH/GBP","BCH","ZGBP","BCH","GBP","online","True","{""pair_key"":""BCHGBP"",""match_methods"":[""result_object_key"",""altname"",""wsname_without_separator""],""base"":""BCH"",""quote"":""ZGBP""}"
"1073","BCHJPY_1.csv","BCHJPY","642","official_exact","official_altname_exact","BCHJPY","BCHJPY","BCH/JPY","BCH","ZJPY","BCH","JPY","online","True","{""pair_key"":""BCHJPY"",""match_methods"":[""result_object_key"",""altname"",""wsname_without_separator""],""base"":""BCH"",""quote"":""ZJPY""}"
"1081","BCHUSDC_1.csv","BCHUSDC","2177","official_exact","official_altname_exact","BCHUSDC","BCHUSDC","BCH/USDC","BCH","USDC","BCH","USDC","online","True","{""pair_key"":""BCHUSDC"",""match_methods"":[""result_object_key"",""altname"",""wsname_without_separator""],""base"":""BCH"",""quote"":""USDC""}"
"1089","BCHUSDT_1.csv","BCHUSDT","13396","official_exact","official_altname_exact","BCHUSDT","BCHUSDT","BCH/USDT","BCH","USDT","BCH","USDT","online","True","{""pair_key"":""BCHUSDT"",""match_methods"":[""result_object_key"",""altname"",""wsname_without_separator""],""base"":""BCH"",""quote"":""USDT""}"
"1097","BCHUSD_1.csv","BCHUSD","42448","official_exact","official_altname_exact","BCHUSD","BCHUSD","BCH/USD","BCH","ZUSD","BCH","USD","online","True","{""pair_key"":""BCHUSD"",""match_methods"":[""result_object_key"",""altname"",""wsname_without_separator""],""base"":""BCH"",""quote"":""ZUSD""}"
"1105","BCHXBT_1.csv","BCHXBT","5345","official_exact","official_altname_exact","BCHXBT","BCHXBT","BCH/XBT","BCH","XXBT","BCH","XBT","online","True","{""pair_key"":""BCHXBT"",""match_methods"":[""result_object_key"",""altname"",""wsname_without_separator""],""base"":""BCH"",""quote"":""XXBT""}"
"1113","BDXNEUR_1.csv","BDXNEUR","1647","official_exact","official_altname_exact","BDXNEUR","BDXNEUR","BDXN/EUR","BDXN","ZEUR","BDXN","EUR","online","True","{""pair_key"":""BDXNEUR"",""match_methods"":[""result_object_key"",""altname"",""wsname_without_separator""],""base"":""BDXN"",""quote"":""ZEUR""}"
"1121","BDXNUSD_1.csv","BDXNUSD","2597","official_exact","official_altname_exact","BDXNUSD","BDXNUSD","BDXN/USD","BDXN","ZUSD","BDXN","USD","online","True","{""pair_key"":""BDXNUSD"",""match_methods"":[""result_object_key"",""altname"",""wsname_without_separator""],""base"":""BDXN"",""quote"":""ZUSD""}"
"1129","BEAMEUR_1.csv","BEAMEUR","6368","official_exact","official_altname_exact","BEAMEUR","BEAMEUR","BEAM/EUR","BEAM","ZEUR","BEAM","EUR","online","True","{""pair_key"":""BEAMEUR"",""match_methods"":[""result_object_key"",""altname"",""wsname_without_separator""],""base"":""BEAM"",""quote"":""ZEUR""}"
"1137","BEAMUSD_1.csv","BEAMUSD","31540","official_exact","official_altname_exact","BEAMUSD","BEAMUSD","BEAM/USD","BEAM","ZUSD","BEAM","USD","online","True","{""pair_key"":""BEAMUSD"",""match_methods"":[""result_object_key"",""altname"",""wsname_without_separator""],""base"":""BEAM"",""quote"":""ZUSD""}"
"1145","BERAEUR_1.csv","BERAEUR","3916","official_exact","official_altname_exact","BERAEUR","BERAEUR","BERA/EUR","BERA","ZEUR","BERA","EUR","online","True","{""pair_key"":""BERAEUR"",""match_methods"":[""result_object_key"",""altname"",""wsname_without_separator""],""base"":""BERA"",""quote"":""ZEUR""}"
"1153","BERAUSDC_1.csv","BERAUSDC","2245","official_exact","official_altname_exact","BERAUSDC","BERAUSDC","BERA/USDC","BERA","USDC","BERA","USDC","online","True","{""pair_key"":""BERAUSDC"",""match_methods"":[""result_object_key"",""altname"",""wsname_without_separator""],""base"":""BERA"",""quote"":""USDC""}"
"1161","BERAUSDT_1.csv","BERAUSDT","3175","official_exact","official_altname_exact","BERAUSDT","BERAUSDT","BERA/USDT","BERA","USDT","BERA","USDT","online","True","{""pair_key"":""BERAUSDT"",""match_methods"":[""result_object_key"",""altname"",""wsname_without_separator""],""base"":""BERA"",""quote"":""USDT""}"
"1169","BERAUSD_1.csv","BERAUSD","16720","official_exact","official_altname_exact","BERAUSD","BERAUSD","BERA/USD","BERA","ZUSD","BERA","USD","online","True","{""pair_key"":""BERAUSD"",""match_methods"":[""result_object_key"",""altname"",""wsname_without_separator""],""base"":""BERA"",""quote"":""ZUSD""}"
"1177","BICOEUR_1.csv","BICOEUR","744","official_exact","official_altname_exact","BICOEUR","BICOEUR","BICO/EUR","BICO","ZEUR","BICO","EUR","online","True","{""pair_key"":""BICOEUR"",""match_methods"":[""result_object_key"",""altname"",""wsname_without_separator""],""base"":""BICO"",""quote"":""ZEUR""}"
"1185","BICOUSD_1.csv","BICOUSD","3946","official_exact","official_altname_exact","BICOUSD","BICOUSD","BICO/USD","BICO","ZUSD","BICO","USD","online","True","{""pair_key"":""BICOUSD"",""match_methods"":[""result_object_key"",""altname"",""wsname_without_separator""],""base"":""BICO"",""quote"":""ZUSD""}"
"1193","BIGTIMEEUR_1.csv","BIGTIMEEUR","1195","official_exact","official_altname_exact","BIGTIMEEUR","BIGTIMEEUR","BIGTIME/EUR","BIGTIME","ZEUR","BIGTIME","EUR","online","True","{""pair_key"":""BIGTIMEEUR"",""match_methods"":[""result_object_key"",""altname"",""wsname_without_separator""],""base"":""BIGTIME"",""quote"":""ZEUR""}"
"1201","BIGTIMEUSD_1.csv","BIGTIMEUSD","5739","official_exact","official_altname_exact","BIGTIMEUSD","BIGTIMEUSD","BIGTIME/USD","BIGTIME","ZUSD","BIGTIME","USD","online","True","{""pair_key"":""BIGTIMEUSD"",""match_methods"":[""result_object_key"",""altname"",""wsname_without_separator""],""base"":""BIGTIME"",""quote"":""ZUSD""}"
"1209","BIOEUR_1.csv","BIOEUR","1467","official_exact","official_altname_exact","BIOEUR","BIOEUR","BIO/EUR","BIO","ZEUR","BIO","EUR","online","True","{""pair_key"":""BIOEUR"",""match_methods"":[""result_object_key"",""altname"",""wsname_without_separator""],""base"":""BIO"",""quote"":""ZEUR""}"
"1217","BIOUSD_1.csv","BIOUSD","7284","official_exact","official_altname_exact","BIOUSD","BIOUSD","BIO/USD","BIO","ZUSD","BIO","USD","online","True","{""pair_key"":""BIOUSD"",""match_methods"":[""result_object_key"",""altname"",""wsname_without_separator""],""base"":""BIO"",""quote"":""ZUSD""}"
"1225","BITEUR_1.csv","BITEUR","302","reviewed_historical_identity","frozen_historical_registry_current_official_assets","","","BIT/EUR","BIT","ZEUR","BIT","EUR","historical_pair_absent_from_captured_current_assetpairs","True","{""registry_sha256"":""65aaac5993ada762c8498f2fe9c298c00eb7f1f5a0deeea407f8c0cf10562408"",""resolution_method"":""frozen_historical_registry_current_official_assets"",""evidence_class"":""captured_current_official_asset_records_plus_official_archive_member"",""source_member_ordinal"":1225,""official_support_url"":""""}"
"1233","BITUSD_1.csv","BITUSD","1403","reviewed_historical_identity","frozen_historical_registry_current_official_assets","","","BIT/USD","BIT","ZUSD","BIT","USD","historical_pair_absent_from_captured_current_assetpairs","True","{""registry_sha256"":""65aaac5993ada762c8498f2fe9c298c00eb7f1f5a0deeea407f8c0cf10562408"",""resolution_method"":""frozen_historical_registry_current_official_assets"",""evidence_class"":""captured_current_official_asset_records_plus_official_archive_member"",""source_member_ordinal"":1233,""official_support_url"":""""}"
"1241","BLUREUR_1.csv","BLUREUR","4758","official_exact","official_altname_exact","BLUREUR","BLUREUR","BLUR/EUR","BLUR","ZEUR","BLUR","EUR","online","True","{""pair_key"":""BLUREUR"",""match_methods"":[""result_object_key"",""altname"",""wsname_without_separator""],""base"":""BLUR"",""quote"":""ZEUR""}"
"1249","BLURUSD_1.csv","BLURUSD","5781","official_exact","official_altname_exact","BLURUSD","BLURUSD","BLUR/USD","BLUR","ZUSD","BLUR","USD","online","True","{""pair_key"":""BLURUSD"",""match_methods"":[""result_object_key"",""altname"",""wsname_without_separator""],""base"":""BLUR"",""quote"":""ZUSD""}"
"1257","BLZEUR_1.csv","BLZEUR","1384","reviewed_historical_identity","frozen_historical_registry_current_official_assets","","","BLZ/EUR","BLZ","ZEUR","BLZ","EUR","historical_pair_absent_from_captured_current_assetpairs","True","{""registry_sha256"":""65aaac5993ada762c8498f2fe9c298c00eb7f1f5a0deeea407f8c0cf10562408"",""resolution_method"":""frozen_historical_registry_current_official_assets"",""evidence_class"":""captured_current_official_asset_records_plus_official_archive_member"",""source_member_ordinal"":1257,""official_support_url"":""""}"
"1265","BLZUSD_1.csv","BLZUSD","9035","official_exact","official_altname_exact","BLZUSD","BLZUSD","BLZ/USD","BLZ","ZUSD","BLZ","USD","online","True","{""pair_key"":""BLZUSD"",""match_methods"":[""result_object_key"",""altname"",""wsname_without_separator""],""base"":""BLZ"",""quote"":""ZUSD""}"
"1273","BMTEUR_1.csv","BMTEUR","7639","official_exact","official_altname_exact","BMTEUR","BMTEUR","BMT/EUR","BMT","ZEUR","BMT","EUR","online","True","{""pair_key"":""BMTEUR"",""match_methods"":[""result_object_key"",""altname"",""wsname_without_separator""],""base"":""BMT"",""quote"":""ZEUR""}"
"1281","BMTUSD_1.csv","BMTUSD","14486","official_exact","official_altname_exact","BMTUSD","BMTUSD","BMT/USD","BMT","ZUSD","BMT","USD","online","True","{""pair_key"":""BMTUSD"",""match_methods"":[""result_object_key"",""altname"",""wsname_without_separator""],""base"":""BMT"",""quote"":""ZUSD""}"
"1289","BNBEUR_1.csv","BNBEUR","4181","official_exact","official_altname_exact","BNBEUR","BNBEUR","BNB/EUR","BNB","ZEUR","BNB","EUR","online","True","{""pair_key"":""BNBEUR"",""match_methods"":[""result_object_key"",""altname"",""wsname_without_separator""],""base"":""BNB"",""quote"":""ZEUR""}"
"1297","BNBUSDC_1.csv","BNBUSDC","1434","official_exact","official_altname_exact","BNBUSDC","BNBUSDC","BNB/USDC","BNB","USDC","BNB","USDC","online","True","{""pair_key"":""BNBUSDC"",""match_methods"":[""result_object_key"",""altname"",""wsname_without_separator""],""base"":""BNB"",""quote"":""USDC""}"
"1305","BNBUSDT_1.csv","BNBUSDT","2308","official_exact","official_altname_exact","BNBUSDT","BNBUSDT","BNB/USDT","BNB","USDT","BNB","USDT","online","True","{""pair_key"":""BNBUSDT"",""match_methods"":[""result_object_key"",""altname"",""wsname_without_separator""],""base"":""BNB"",""quote"":""USDT""}"
"1313","BNBUSD_1.csv","BNBUSD","19224","official_exact","official_altname_exact","BNBUSD","BNBUSD","BNB/USD","BNB","ZUSD","BNB","USD","online","True","{""pair_key"":""BNBUSD"",""match_methods"":[""result_object_key"",""altname"",""wsname_without_separator""],""base"":""BNB"",""quote"":""ZUSD""}"
"1321","BNCEUR_1.csv","BNCEUR","955","official_exact","official_altname_exact","BNCEUR","BNCEUR","BNC/EUR","BNC","ZEUR","BNC","EUR","online","True","{""pair_key"":""BNCEUR"",""match_methods"":[""result_object_key"",""altname"",""wsname_without_separator""],""base"":""BNC"",""quote"":""ZEUR""}"
"1329","BNCUSD_1.csv","BNCUSD","2181","official_exact","official_altname_exact","BNCUSD","BNCUSD","BNC/USD","BNC","ZUSD","BNC","USD","online","True","{""pair_key"":""BNCUSD"",""match_methods"":[""result_object_key"",""altname"",""wsname_without_separator""],""base"":""BNC"",""quote"":""ZUSD""}"
"1337","BNTEUR_1.csv","BNTEUR","791","official_exact","official_altname_exact","BNTEUR","BNTEUR","BNT/EUR","BNT","ZEUR","BNT","EUR","online","True","{""pair_key"":""BNTEUR"",""match_methods"":[""result_object_key"",""altname"",""wsname_without_separator""],""base"":""BNT"",""quote"":""ZEUR""}"
"1345","BNTUSD_1.csv","BNTUSD","2570","official_exact","official_altname_exact","BNTUSD","BNTUSD","BNT/USD","BNT","ZUSD","BNT","USD","online","True","{""pair_key"":""BNTUSD"",""match_methods"":[""result_object_key"",""altname"",""wsname_without_separator""],""base"":""BNT"",""quote"":""ZUSD""}"
"1353","BOBAEUR_1.csv","BOBAEUR","1557","official_exact","official_altname_exact","BOBAEUR","BOBAEUR","BOBA/EUR","BOBA","ZEUR","BOBA","EUR","online","True","{""pair_key"":""BOBAEUR"",""match_methods"":[""result_object_key"",""altname"",""wsname_without_separator""],""base"":""BOBA"",""quote"":""ZEUR""}"
"1361","BOBAUSD_1.csv","BOBAUSD","8494","official_exact","official_altname_exact","BOBAUSD","BOBAUSD","BOBA/USD","BOBA","ZUSD","BOBA","USD","online","True","{""pair_key"":""BOBAUSD"",""match_methods"":[""result_object_key"",""altname"",""wsname_without_separator""],""base"":""BOBA"",""quote"":""ZUSD""}"
"1369","BODENEUR_1.csv","BODENEUR","2971","official_exact","official_altname_exact","BODENEUR","BODENEUR","BODEN/EUR","BODEN","ZEUR","BODEN","EUR","online","True","{""pair_key"":""BODENEUR"",""match_methods"":[""result_object_key"",""altname"",""wsname_without_separator""],""base"":""BODEN"",""quote"":""ZEUR""}"
"1377","BODENUSD_1.csv","BODENUSD","10599","official_exact","official_altname_exact","BODENUSD","BODENUSD","BODEN/USD","BODEN","ZUSD","BODEN","USD","online","True","{""pair_key"":""BODENUSD"",""match_methods"":[""result_object_key"",""altname"",""wsname_without_separator""],""base"":""BODEN"",""quote"":""ZUSD""}"
"1385","BONDEUR_1.csv","BONDEUR","2019","reviewed_historical_identity","frozen_historical_registry_current_official_assets","","","BOND/EUR","BOND","ZEUR","BOND","EUR","historical_pair_absent_from_captured_current_assetpairs","True","{""registry_sha256"":""65aaac5993ada762c8498f2fe9c298c00eb7f1f5a0deeea407f8c0cf10562408"",""resolution_method"":""frozen_historical_registry_current_official_assets"",""evidence_class"":""captured_current_official_asset_records_plus_official_archive_member"",""source_member_ordinal"":1385,""official_support_url"":""""}"
"1393","BONDUSD_1.csv","BONDUSD","8410","reviewed_historical_identity","frozen_historical_registry_current_official_assets","","","BOND/USD","BOND","ZUSD","BOND","USD","historical_pair_absent_from_captured_current_assetpairs","True","{""registry_sha256"":""65aaac5993ada762c8498f2fe9c298c00eb7f1f5a0deeea407f8c0cf10562408"",""resolution_method"":""frozen_historical_registry_current_official_assets"",""evidence_class"":""captured_current_official_asset_records_plus_official_archive_member"",""source_member_ordinal"":1393,""official_support_url"":""""}"
"1401","BONKEUR_1.csv","BONKEUR","12291","official_exact","official_altname_exact","BONKEUR","BONKEUR","BONK/EUR","BONK","ZEUR","BONK","EUR","online","True","{""pair_key"":""BONKEUR"",""match_methods"":[""result_object_key"",""altname"",""wsname_without_separator""],""base"":""BONK"",""quote"":""ZEUR""}"
"1409","BONKUSD_1.csv","BONKUSD","55187","official_exact","official_altname_exact","BONKUSD","BONKUSD","BONK/USD","BONK","ZUSD","BONK","USD","online","True","{""pair_key"":""BONKUSD"",""match_methods"":[""result_object_key"",""altname"",""wsname_without_separator""],""base"":""BONK"",""quote"":""ZUSD""}"
"1417","BRICKEUR_1.csv","BRICKEUR","1679","reviewed_historical_identity","frozen_historical_registry_current_official_assets","","","BRICK/EUR","BRICK","ZEUR","BRICK","EUR","historical_pair_absent_from_captured_current_assetpairs","True","{""registry_sha256"":""65aaac5993ada762c8498f2fe9c298c00eb7f1f5a0deeea407f8c0cf10562408"",""resolution_method"":""frozen_historical_registry_current_official_assets"",""evidence_class"":""captured_current_official_asset_records_plus_official_archive_member"",""source_member_ordinal"":1417,""official_support_url"":""""}"
"1425","BRICKUSD_1.csv","BRICKUSD","8631","reviewed_historical_identity","frozen_historical_registry_current_official_assets","","","BRICK/USD","BRICK","ZUSD","BRICK","USD","historical_pair_absent_from_captured_current_assetpairs","True","{""registry_sha256"":""65aaac5993ada762c8498f2fe9c298c00eb7f1f5a0deeea407f8c0cf10562408"",""resolution_method"":""frozen_historical_registry_current_official_assets"",""evidence_class"":""captured_current_official_asset_records_plus_official_archive_member"",""source_member_ordinal"":1425,""official_support_url"":""""}"
"1433","BSXEUR_1.csv","BSXEUR","1399","reviewed_historical_identity","frozen_historical_registry_current_official_assets","","","BSX/EUR","BSX","ZEUR","BSX","EUR","historical_pair_absent_from_captured_current_assetpairs","True","{""registry_sha256"":""65aaac5993ada762c8498f2fe9c298c00eb7f1f5a0deeea407f8c0cf10562408"",""resolution_method"":""frozen_historical_registry_current_official_assets"",""evidence_class"":""captured_current_official_asset_records_plus_official_archive_member"",""source_member_ordinal"":1433,""official_support_url"":""""}"
"1441","BSXUSD_1.csv","BSXUSD","6740","reviewed_historical_identity","frozen_historical_registry_current_official_assets","","","BSX/USD","BSX","ZUSD","BSX","USD","historical_pair_absent_from_captured_current_assetpairs","True","{""registry_sha256"":""65aaac5993ada762c8498f2fe9c298c00eb7f1f5a0deeea407f8c0cf10562408"",""resolution_method"":""frozen_historical_registry_current_official_assets"",""evidence_class"":""captured_current_official_asset_records_plus_official_archive_member"",""source_member_ordinal"":1441,""official_support_url"":""""}"
"1449","BTTEUR_1.csv","BTTEUR","2442","official_exact","official_altname_exact","BTTEUR","BTTEUR","BTT/EUR","BTT","ZEUR","BTT","EUR","online","True","{""pair_key"":""BTTEUR"",""match_methods"":[""result_object_key"",""altname"",""wsname_without_separator""],""base"":""BTT"",""quote"":""ZEUR""}"
"1457","BTTUSD_1.csv","BTTUSD","11349","official_exact","official_altname_exact","BTTUSD","BTTUSD","BTT/USD","BTT","ZUSD","BTT","USD","online","True","{""pair_key"":""BTTUSD"",""match_methods"":[""result_object_key"",""altname"",""wsname_without_separator""],""base"":""BTT"",""quote"":""ZUSD""}"
"1465","C98EUR_1.csv","C98EUR","420","reviewed_historical_identity","frozen_historical_registry_current_official_assets","","","C98/EUR","C98","ZEUR","C98","EUR","historical_pair_absent_from_captured_current_assetpairs","True","{""registry_sha256"":""65aaac5993ada762c8498f2fe9c298c00eb7f1f5a0deeea407f8c0cf10562408"",""resolution_method"":""frozen_historical_registry_current_official_assets"",""evidence_class"":""captured_current_official_asset_records_plus_official_archive_member"",""source_member_ordinal"":1465,""official_support_url"":""""}"
"1473","C98USD_1.csv","C98USD","1066","official_exact","official_altname_exact","C98USD","C98USD","C98/USD","C98","ZUSD","C98","USD","online","True","{""pair_key"":""C98USD"",""match_methods"":[""result_object_key"",""altname"",""wsname_without_separator""],""base"":""C98"",""quote"":""ZUSD""}"
"1481","CAKEEUR_1.csv","CAKEEUR","556","official_exact","official_altname_exact","CAKEEUR","CAKEEUR","CAKE/EUR","CAKE","ZEUR","CAKE","EUR","online","True","{""pair_key"":""CAKEEUR"",""match_methods"":[""result_object_key"",""altname"",""wsname_without_separator""],""base"":""CAKE"",""quote"":""ZEUR""}"
"1489","CAKEUSD_1.csv","CAKEUSD","4552","official_exact","official_altname_exact","CAKEUSD","CAKEUSD","CAKE/USD","CAKE","ZUSD","CAKE","USD","online","True","{""pair_key"":""CAKEUSD"",""match_methods"":[""result_object_key"",""altname"",""wsname_without_separator""],""base"":""CAKE"",""quote"":""ZUSD""}"
"1497","CATEUR_1.csv","CATEUR","235","official_exact","official_altname_exact","CATEUR","CATEUR","CAT/EUR","CAT","ZEUR","CAT","EUR","online","True","{""pair_key"":""CATEUR"",""match_methods"":[""result_object_key"",""altname"",""wsname_without_separator""],""base"":""CAT"",""quote"":""ZEUR""}"
"1505","CATUSD_1.csv","CATUSD","1661","official_exact","official_altname_exact","CATUSD","CATUSD","CAT/USD","CAT","ZUSD","CAT","USD","online","True","{""pair_key"":""CATUSD"",""match_methods"":[""result_object_key"",""altname"",""wsname_without_separator""],""base"":""CAT"",""quote"":""ZUSD""}"
"1513","CELOEUR_1.csv","CELOEUR","433","official_exact","official_altname_exact","CELOEUR","CELOEUR","CELO/EUR","CELO","ZEUR","CELO","EUR","online","True","{""pair_key"":""CELOEUR"",""match_methods"":[""result_object_key"",""altname"",""wsname_without_separator""],""base"":""CELO"",""quote"":""ZEUR""}"
"1521","CELOUSD_1.csv","CELOUSD","16898","official_exact","official_altname_exact","CELOUSD","CELOUSD","CELO/USD","CELO","ZUSD","CELO","USD","online","True","{""pair_key"":""CELOUSD"",""match_methods"":[""result_object_key"",""altname"",""wsname_without_separator""],""base"":""CELO"",""quote"":""ZUSD""}"
"1529","CELREUR_1.csv","CELREUR","692","official_exact","official_altname_exact","CELREUR","CELREUR","CELR/EUR","CELR","ZEUR","CELR","EUR","online","True","{""pair_key"":""CELREUR"",""match_methods"":[""result_object_key"",""altname"",""wsname_without_separator""],""base"":""CELR"",""quote"":""ZEUR""}"
"1537","CELRUSD_1.csv","CELRUSD","2501","official_exact","official_altname_exact","CELRUSD","CELRUSD","CELR/USD","CELR","ZUSD","CELR","USD","online","True","{""pair_key"":""CELRUSD"",""match_methods"":[""result_object_key"",""altname"",""wsname_without_separator""],""base"":""CELR"",""quote"":""ZUSD""}"
"1545","CFGEUR_1.csv","CFGEUR","3547","official_exact","official_altname_exact","CFGEUR","CFGEUR","CFG/EUR","CFG","ZEUR","CFG","EUR","online","True","{""pair_key"":""CFGEUR"",""match_methods"":[""result_object_key"",""altname"",""wsname_without_separator""],""base"":""CFG"",""quote"":""ZEUR""}"
"1553","CFGUSD_1.csv","CFGUSD","20704","official_exact","official_altname_exact","CFGUSD","CFGUSD","CFG/USD","CFG","ZUSD","CFG","USD","online","True","{""pair_key"":""CFGUSD"",""match_methods"":[""result_object_key"",""altname"",""wsname_without_separator""],""base"":""CFG"",""quote"":""ZUSD""}"
"1561","CHEEMSEUR_1.csv","CHEEMSEUR","322","official_exact","official_altname_exact","CHEEMSEUR","CHEEMSEUR","CHEEMS/EUR","CHEEMS","ZEUR","CHEEMS","EUR","online","True","{""pair_key"":""CHEEMSEUR"",""match_methods"":[""result_object_key"",""altname"",""wsname_without_separator""],""base"":""CHEEMS"",""quote"":""ZEUR""}"
"1569","CHEEMSUSD_1.csv","CHEEMSUSD","5232","official_exact","official_altname_exact","CHEEMSUSD","CHEEMSUSD","CHEEMS/USD","CHEEMS","ZUSD","CHEEMS","USD","online","True","{""pair_key"":""CHEEMSUSD"",""match_methods"":[""result_object_key"",""altname"",""wsname_without_separator""],""base"":""CHEEMS"",""quote"":""ZUSD""}"
"1577","CHEXEUR_1.csv","CHEXEUR","893","official_exact","official_altname_exact","CHEXEUR","CHEXEUR","CHEX/EUR","CHEX","ZEUR","CHEX","EUR","online","True","{""pair_key"":""CHEXEUR"",""match_methods"":[""result_object_key"",""altname"",""wsname_without_separator""],""base"":""CHEX"",""quote"":""ZEUR""}"
"1585","CHEXUSD_1.csv","CHEXUSD","2880","official_exact","official_altname_exact","CHEXUSD","CHEXUSD","CHEX/USD","CHEX","ZUSD","CHEX","USD","online","True","{""pair_key"":""CHEXUSD"",""match_methods"":[""result_object_key"",""altname"",""wsname_without_separator""],""base"":""CHEX"",""quote"":""ZUSD""}"
"1593","CHREUR_1.csv","CHREUR","761","official_exact","official_altname_exact","CHREUR","CHREUR","CHR/EUR","CHR","ZEUR","CHR","EUR","online","True","{""pair_key"":""CHREUR"",""match_methods"":[""result_object_key"",""altname"",""wsname_without_separator""],""base"":""CHR"",""quote"":""ZEUR""}"
"1601","CHRUSD_1.csv","CHRUSD","3521","official_exact","official_altname_exact","CHRUSD","CHRUSD","CHR/USD","CHR","ZUSD","CHR","USD","online","True","{""pair_key"":""CHRUSD"",""match_methods"":[""result_object_key"",""altname"",""wsname_without_separator""],""base"":""CHR"",""quote"":""ZUSD""}"
"1609","CHZEUR_1.csv","CHZEUR","2687","official_exact","official_altname_exact","CHZEUR","CHZEUR","CHZ/EUR","CHZ","ZEUR","CHZ","EUR","online","True","{""pair_key"":""CHZEUR"",""match_methods"":[""result_object_key"",""altname"",""wsname_without_separator""],""base"":""CHZ"",""quote"":""ZEUR""}"
"1617","CHZUSD_1.csv","CHZUSD","10900","official_exact","official_altname_exact","CHZUSD","CHZUSD","CHZ/USD","CHZ","ZUSD","CHZ","USD","online","True","{""pair_key"":""CHZUSD"",""match_methods"":[""result_object_key"",""altname"",""wsname_without_separator""],""base"":""CHZ"",""quote"":""ZUSD""}"
"1625","CLANKEREUR_1.csv","CLANKEREUR","80","official_exact","official_altname_exact","CLANKEREUR","CLANKEREUR","CLANKER/EUR","CLANKER","ZEUR","CLANKER","EUR","online","True","{""pair_key"":""CLANKEREUR"",""match_methods"":[""result_object_key"",""altname"",""wsname_without_separator""],""base"":""CLANKER"",""quote"":""ZEUR""}"
"1633","CLANKERUSD_1.csv","CLANKERUSD","942","official_exact","official_altname_exact","CLANKERUSD","CLANKERUSD","CLANKER/USD","CLANKER","ZUSD","CLANKER","USD","online","True","{""pair_key"":""CLANKERUSD"",""match_methods"":[""result_object_key"",""altname"",""wsname_without_separator""],""base"":""CLANKER"",""quote"":""ZUSD""}"
"1641","CLOUDEUR_1.csv","CLOUDEUR","9595","reviewed_historical_identity","frozen_historical_registry_current_official_assets","","","CLOUD/EUR","CLOUD","ZEUR","CLOUD","EUR","historical_pair_absent_from_captured_current_assetpairs","True","{""registry_sha256"":""65aaac5993ada762c8498f2fe9c298c00eb7f1f5a0deeea407f8c0cf10562408"",""resolution_method"":""frozen_historical_registry_current_official_assets"",""evidence_class"":""captured_current_official_asset_records_plus_official_archive_member"",""source_member_ordinal"":1641,""official_support_url"":""""}"
"1649","CLOUDUSD_1.csv","CLOUDUSD","18416","official_exact","official_altname_exact","CLOUDUSD","CLOUDUSD","CLOUD/USD","CLOUD","ZUSD","CLOUD","USD","online","True","{""pair_key"":""CLOUDUSD"",""match_methods"":[""result_object_key"",""altname"",""wsname_without_separator""],""base"":""CLOUD"",""quote"":""ZUSD""}"
"1657","CLVEUR_1.csv","CLVEUR","279","reviewed_historical_identity","frozen_historical_registry_current_official_assets","","","CLV/EUR","CLV","ZEUR","CLV","EUR","historical_pair_absent_from_captured_current_assetpairs","True","{""registry_sha256"":""65aaac5993ada762c8498f2fe9c298c00eb7f1f5a0deeea407f8c0cf10562408"",""resolution_method"":""frozen_historical_registry_current_official_assets"",""evidence_class"":""captured_current_official_asset_records_plus_official_archive_member"",""source_member_ordinal"":1657,""official_support_url"":""""}"
"1665","CLVUSD_1.csv","CLVUSD","5458","official_exact","official_altname_exact","CLVUSD","CLVUSD","CLV/USD","CLV","ZUSD","CLV","USD","cancel_only","True","{""pair_key"":""CLVUSD"",""match_methods"":[""result_object_key"",""altname"",""wsname_without_separator""],""base"":""CLV"",""quote"":""ZUSD""}"
"1673","CMETHETH_1.csv","CMETHETH","12","official_exact","official_altname_exact","CMETHETH","CMETHETH","CMETH/ETH","CMETH","XETH","CMETH","ETH","online","True","{""pair_key"":""CMETHETH"",""match_methods"":[""result_object_key"",""altname"",""wsname_without_separator""],""base"":""CMETH"",""quote"":""XETH""}"
"1681","CMETHUSD_1.csv","CMETHUSD","47","official_exact","official_altname_exact","CMETHUSD","CMETHUSD","CMETH/USD","CMETH","ZUSD","CMETH","USD","online","True","{""pair_key"":""CMETHUSD"",""match_methods"":[""result_object_key"",""altname"",""wsname_without_separator""],""base"":""CMETH"",""quote"":""ZUSD""}"
"1689","COMPEUR_1.csv","COMPEUR","8156","official_exact","official_altname_exact","COMPEUR","COMPEUR","COMP/EUR","COMP","ZEUR","COMP","EUR","online","True","{""pair_key"":""COMPEUR"",""match_methods"":[""result_object_key"",""altname"",""wsname_without_separator""],""base"":""COMP"",""quote"":""ZEUR""}"
"1697","COMPUSD_1.csv","COMPUSD","15334","official_exact","official_altname_exact","COMPUSD","COMPUSD","COMP/USD","COMP","ZUSD","COMP","USD","online","True","{""pair_key"":""COMPUSD"",""match_methods"":[""result_object_key"",""altname"",""wsname_without_separator""],""base"":""COMP"",""quote"":""ZUSD""}"
"1705","COMPXBT_1.csv","COMPXBT","1971","official_exact","official_altname_exact","COMPXBT","COMPXBT","COMP/XBT","COMP","XXBT","COMP","XBT","online","True","{""pair_key"":""COMPXBT"",""match_methods"":[""result_object_key"",""altname"",""wsname_without_separator""],""base"":""COMP"",""quote"":""XXBT""}"
"1713","COOKIEEUR_1.csv","COOKIEEUR","2969","official_exact","official_altname_exact","COOKIEEUR","COOKIEEUR","COOKIE/EUR","COOKIE","ZEUR","COOKIE","EUR","online","True","{""pair_key"":""COOKIEEUR"",""match_methods"":[""result_object_key"",""altname"",""wsname_without_separator""],""base"":""COOKIE"",""quote"":""ZEUR""}"
"1721","COOKIEUSD_1.csv","COOKIEUSD","6652","official_exact","official_altname_exact","COOKIEUSD","COOKIEUSD","COOKIE/USD","COOKIE","ZUSD","COOKIE","USD","online","True","{""pair_key"":""COOKIEUSD"",""match_methods"":[""result_object_key"",""altname"",""wsname_without_separator""],""base"":""COOKIE"",""quote"":""ZUSD""}"
"1729","CORNEUR_1.csv","CORNEUR","1388","reviewed_historical_identity","frozen_historical_registry_current_official_assets","","","CORN/EUR","CORN","ZEUR","CORN","EUR","historical_pair_absent_from_captured_current_assetpairs","True","{""registry_sha256"":""65aaac5993ada762c8498f2fe9c298c00eb7f1f5a0deeea407f8c0cf10562408"",""resolution_method"":""frozen_historical_registry_current_official_assets"",""evidence_class"":""captured_current_official_asset_records_plus_official_archive_member"",""source_member_ordinal"":1729,""official_support_url"":""""}"
"1737","CORNUSD_1.csv","CORNUSD","3215","official_exact","official_altname_exact","CORNUSD","CORNUSD","CORN/USD","CORN","ZUSD","CORN","USD","online","True","{""pair_key"":""CORNUSD"",""match_methods"":[""result_object_key"",""altname"",""wsname_without_separator""],""base"":""CORN"",""quote"":""ZUSD""}"
"1745","COTIEUR_1.csv","COTIEUR","1542","official_exact","official_altname_exact","COTIEUR","COTIEUR","COTI/EUR","COTI","ZEUR","COTI","EUR","online","True","{""pair_key"":""COTIEUR"",""match_methods"":[""result_object_key"",""altname"",""wsname_without_separator""],""base"":""COTI"",""quote"":""ZEUR""}"
"1753","COTIUSD_1.csv","COTIUSD","9154","official_exact","official_altname_exact","COTIUSD","COTIUSD","COTI/USD","COTI","ZUSD","COTI","USD","online","True","{""pair_key"":""COTIUSD"",""match_methods"":[""result_object_key"",""altname"",""wsname_without_separator""],""base"":""COTI"",""quote"":""ZUSD""}"
"1761","COWEUR_1.csv","COWEUR","1100","official_exact","official_altname_exact","COWEUR","COWEUR","COW/EUR","COW","ZEUR","COW","EUR","online","True","{""pair_key"":""COWEUR"",""match_methods"":[""result_object_key"",""altname"",""wsname_without_separator""],""base"":""COW"",""quote"":""ZEUR""}"
"1769","COWUSD_1.csv","COWUSD","3414","official_exact","official_altname_exact","COWUSD","COWUSD","COW/USD","COW","ZUSD","COW","USD","online","True","{""pair_key"":""COWUSD"",""match_methods"":[""result_object_key"",""altname"",""wsname_without_separator""],""base"":""COW"",""quote"":""ZUSD""}"
"1777","CPOOLEUR_1.csv","CPOOLEUR","3214","official_exact","official_altname_exact","CPOOLEUR","CPOOLEUR","CPOOL/EUR","CPOOL","ZEUR","CPOOL","EUR","online","True","{""pair_key"":""CPOOLEUR"",""match_methods"":[""result_object_key"",""altname"",""wsname_without_separator""],""base"":""CPOOL"",""quote"":""ZEUR""}"
"1785","CPOOLUSD_1.csv","CPOOLUSD","24235","official_exact","official_altname_exact","CPOOLUSD","CPOOLUSD","CPOOL/USD","CPOOL","ZUSD","CPOOL","USD","online","True","{""pair_key"":""CPOOLUSD"",""match_methods"":[""result_object_key"",""altname"",""wsname_without_separator""],""base"":""CPOOL"",""quote"":""ZUSD""}"
"1793","CQTEUR_1.csv","CQTEUR","1527","official_exact","official_altname_exact","CQTEUR","CQTEUR","CQT/EUR","CQT","ZEUR","CQT","EUR","online","True","{""pair_key"":""CQTEUR"",""match_methods"":[""result_object_key"",""altname"",""wsname_without_separator""],""base"":""CQT"",""quote"":""ZEUR""}"
"1801","CQTUSD_1.csv","CQTUSD","3015","official_exact","official_altname_exact","CQTUSD","CQTUSD","CQT/USD","CQT","ZUSD","CQT","USD","online","True","{""pair_key"":""CQTUSD"",""match_methods"":[""result_object_key"",""altname"",""wsname_without_separator""],""base"":""CQT"",""quote"":""ZUSD""}"
"1809","CROEUR_1.csv","CROEUR","2858","official_exact","official_altname_exact","CROEUR","CROEUR","CRO/EUR","CRO","ZEUR","CRO","EUR","online","True","{""pair_key"":""CROEUR"",""match_methods"":[""result_object_key"",""altname"",""wsname_without_separator""],""base"":""CRO"",""quote"":""ZEUR""}"
"1817","CROUSDC_1.csv","CROUSDC","2609","official_exact","official_altname_exact","CROUSDC","CROUSDC","CRO/USDC","CRO","USDC","CRO","USDC","online","True","{""pair_key"":""CROUSDC"",""match_methods"":[""result_object_key"",""altname"",""wsname_without_separator""],""base"":""CRO"",""quote"":""USDC""}"
"1825","CROUSDT_1.csv","CROUSDT","3447","official_exact","official_altname_exact","CROUSDT","CROUSDT","CRO/USDT","CRO","USDT","CRO","USDT","online","True","{""pair_key"":""CROUSDT"",""match_methods"":[""result_object_key"",""altname"",""wsname_without_separator""],""base"":""CRO"",""quote"":""USDT""}"
"1833","CROUSD_1.csv","CROUSD","13641","official_exact","official_altname_exact","CROUSD","CROUSD","CRO/USD","CRO","ZUSD","CRO","USD","online","True","{""pair_key"":""CROUSD"",""match_methods"":[""result_object_key"",""altname"",""wsname_without_separator""],""base"":""CRO"",""quote"":""ZUSD""}"
"1841","CRVEUR_1.csv","CRVEUR","12402","official_exact","official_altname_exact","CRVEUR","CRVEUR","CRV/EUR","CRV","ZEUR","CRV","EUR","online","True","{""pair_key"":""CRVEUR"",""match_methods"":[""result_object_key"",""altname"",""wsname_without_separator""],""base"":""CRV"",""quote"":""ZEUR""}"
"1849","CRVUSD_1.csv","CRVUSD","45773","official_exact","official_altname_exact","CRVUSD","CRVUSD","CRV/USD","CRV","ZUSD","CRV","USD","online","True","{""pair_key"":""CRVUSD"",""match_methods"":[""result_object_key"",""altname"",""wsname_without_separator""],""base"":""CRV"",""quote"":""ZUSD""}"
"1857","CSMEUR_1.csv","CSMEUR","282","reviewed_historical_identity","frozen_historical_registry_current_official_assets","","","CSM/EUR","CSM","ZEUR","CSM","EUR","historical_pair_absent_from_captured_current_assetpairs","True","{""registry_sha256"":""65aaac5993ada762c8498f2fe9c298c00eb7f1f5a0deeea407f8c0cf10562408"",""resolution_method"":""frozen_historical_registry_current_official_assets"",""evidence_class"":""captured_current_official_asset_records_plus_official_archive_member"",""source_member_ordinal"":1857,""official_support_url"":""""}"
"1865","CSMUSD_1.csv","CSMUSD","307","reviewed_historical_identity","frozen_historical_registry_current_official_assets","","","CSM/USD","CSM","ZUSD","CSM","USD","historical_pair_absent_from_captured_current_assetpairs","True","{""registry_sha256"":""65aaac5993ada762c8498f2fe9c298c00eb7f1f5a0deeea407f8c0cf10562408"",""resolution_method"":""frozen_historical_registry_current_official_assets"",""evidence_class"":""captured_current_official_asset_records_plus_official_archive_member"",""source_member_ordinal"":1865,""official_support_url"":""""}"
"1873","CTSIEUR_1.csv","CTSIEUR","1117","official_exact","official_altname_exact","CTSIEUR","CTSIEUR","CTSI/EUR","CTSI","ZEUR","CTSI","EUR","online","True","{""pair_key"":""CTSIEUR"",""match_methods"":[""result_object_key"",""altname"",""wsname_without_separator""],""base"":""CTSI"",""quote"":""ZEUR""}"
"1881","CTSIUSD_1.csv","CTSIUSD","2703","official_exact","official_altname_exact","CTSIUSD","CTSIUSD","CTSI/USD","CTSI","ZUSD","CTSI","USD","online","True","{""pair_key"":""CTSIUSD"",""match_methods"":[""result_object_key"",""altname"",""wsname_without_separator""],""base"":""CTSI"",""quote"":""ZUSD""}"
"1889","CVCEUR_1.csv","CVCEUR","1627","official_exact","official_altname_exact","CVCEUR","CVCEUR","CVC/EUR","CVC","ZEUR","CVC","EUR","online","True","{""pair_key"":""CVCEUR"",""match_methods"":[""result_object_key"",""altname"",""wsname_without_separator""],""base"":""CVC"",""quote"":""ZEUR""}"
"1897","CVCUSD_1.csv","CVCUSD","5061","official_exact","official_altname_exact","CVCUSD","CVCUSD","CVC/USD","CVC","ZUSD","CVC","USD","online","True","{""pair_key"":""CVCUSD"",""match_methods"":[""result_object_key"",""altname"",""wsname_without_separator""],""base"":""CVC"",""quote"":""ZUSD""}"
"1905","CVXEUR_1.csv","CVXEUR","1268","official_exact","official_altname_exact","CVXEUR","CVXEUR","CVX/EUR","CVX","ZEUR","CVX","EUR","online","True","{""pair_key"":""CVXEUR"",""match_methods"":[""result_object_key"",""altname"",""wsname_without_separator""],""base"":""CVX"",""quote"":""ZEUR""}"
"1913","CVXUSD_1.csv","CVXUSD","11787","official_exact","official_altname_exact","CVXUSD","CVXUSD","CVX/USD","CVX","ZUSD","CVX","USD","online","True","{""pair_key"":""CVXUSD"",""match_methods"":[""result_object_key"",""altname"",""wsname_without_separator""],""base"":""CVX"",""quote"":""ZUSD""}"
"1921","CXTEUR_1.csv","CXTEUR","4038","official_exact","official_altname_exact","CXTEUR","CXTEUR","CXT/EUR","CXT","ZEUR","CXT","EUR","online","True","{""pair_key"":""CXTEUR"",""match_methods"":[""result_object_key"",""altname"",""wsname_without_separator""],""base"":""CXT"",""quote"":""ZEUR""}"
"1929","CXTUSD_1.csv","CXTUSD","11059","official_exact","official_altname_exact","CXTUSD","CXTUSD","CXT/USD","CXT","ZUSD","CXT","USD","online","True","{""pair_key"":""CXTUSD"",""match_methods"":[""result_object_key"",""altname"",""wsname_without_separator""],""base"":""CXT"",""quote"":""ZUSD""}"
"1937","CYBEREUR_1.csv","CYBEREUR","390","official_exact","official_altname_exact","CYBEREUR","CYBEREUR","CYBER/EUR","CYBER","ZEUR","CYBER","EUR","online","True","{""pair_key"":""CYBEREUR"",""match_methods"":[""result_object_key"",""altname"",""wsname_without_separator""],""base"":""CYBER"",""quote"":""ZEUR""}"
"1945","CYBERUSD_1.csv","CYBERUSD","1968","official_exact","official_altname_exact","CYBERUSD","CYBERUSD","CYBER/USD","CYBER","ZUSD","CYBER","USD","online","True","{""pair_key"":""CYBERUSD"",""match_methods"":[""result_object_key"",""altname"",""wsname_without_separator""],""base"":""CYBER"",""quote"":""ZUSD""}"
"1953","DAIEUR_1.csv","DAIEUR","6458","official_exact","official_altname_exact","DAIEUR","DAIEUR","DAI/EUR","DAI","ZEUR","DAI","EUR","online","True","{""pair_key"":""DAIEUR"",""match_methods"":[""result_object_key"",""altname"",""wsname_without_separator""],""base"":""DAI"",""quote"":""ZEUR""}"
"1961","DAIUSDT_1.csv","DAIUSDT","1603","official_exact","official_altname_exact","DAIUSDT","DAIUSDT","DAI/USDT","DAI","USDT","DAI","USDT","online","True","{""pair_key"":""DAIUSDT"",""match_methods"":[""result_object_key"",""altname"",""wsname_without_separator""],""base"":""DAI"",""quote"":""USDT""}"
"1969","DAIUSD_1.csv","DAIUSD","13996","official_exact","official_altname_exact","DAIUSD","DAIUSD","DAI/USD","DAI","ZUSD","DAI","USD","online","True","{""pair_key"":""DAIUSD"",""match_methods"":[""result_object_key"",""altname"",""wsname_without_separator""],""base"":""DAI"",""quote"":""ZUSD""}"
"1977","DASHEUR_1.csv","DASHEUR","4493","official_exact","official_altname_exact","DASHEUR","DASHEUR","DASH/EUR","DASH","ZEUR","DASH","EUR","online","True","{""pair_key"":""DASHEUR"",""match_methods"":[""result_object_key"",""altname"",""wsname_without_separator""],""base"":""DASH"",""quote"":""ZEUR""}"
"1985","DASHUSD_1.csv","DASHUSD","9307","official_exact","official_altname_exact","DASHUSD","DASHUSD","DASH/USD","DASH","ZUSD","DASH","USD","online","True","{""pair_key"":""DASHUSD"",""match_methods"":[""result_object_key"",""altname"",""wsname_without_separator""],""base"":""DASH"",""quote"":""ZUSD""}"
"1993","DBREUR_1.csv","DBREUR","1310","official_exact","official_altname_exact","DBREUR","DBREUR","DBR/EUR","DBR","ZEUR","DBR","EUR","online","True","{""pair_key"":""DBREUR"",""match_methods"":[""result_object_key"",""altname"",""wsname_without_separator""],""base"":""DBR"",""quote"":""ZEUR""}"
"2001","DBRUSD_1.csv","DBRUSD","6048","official_exact","official_altname_exact","DBRUSD","DBRUSD","DBR/USD","DBR","ZUSD","DBR","USD","online","True","{""pair_key"":""DBRUSD"",""match_methods"":[""result_object_key"",""altname"",""wsname_without_separator""],""base"":""DBR"",""quote"":""ZUSD""}"
"2009","DEEPEUR_1.csv","DEEPEUR","541","official_exact","official_altname_exact","DEEPEUR","DEEPEUR","DEEP/EUR","DEEP","ZEUR","DEEP","EUR","online","True","{""pair_key"":""DEEPEUR"",""match_methods"":[""result_object_key"",""altname"",""wsname_without_separator""],""base"":""DEEP"",""quote"":""ZEUR""}"
"2017","DEEPUSD_1.csv","DEEPUSD","1799","official_exact","official_altname_exact","DEEPUSD","DEEPUSD","DEEP/USD","DEEP","ZUSD","DEEP","USD","online","True","{""pair_key"":""DEEPUSD"",""match_methods"":[""result_object_key"",""altname"",""wsname_without_separator""],""base"":""DEEP"",""quote"":""ZUSD""}"
"2025","DEGENEUR_1.csv","DEGENEUR","224","official_exact","official_altname_exact","DEGENEUR","DEGENEUR","DEGEN/EUR","DEGEN","ZEUR","DEGEN","EUR","online","True","{""pair_key"":""DEGENEUR"",""match_methods"":[""result_object_key"",""altname"",""wsname_without_separator""],""base"":""DEGEN"",""quote"":""ZEUR""}"
"2033","DEGENUSD_1.csv","DEGENUSD","1840","official_exact","official_altname_exact","DEGENUSD","DEGENUSD","DEGEN/USD","DEGEN","ZUSD","DEGEN","USD","online","True","{""pair_key"":""DEGENUSD"",""match_methods"":[""result_object_key"",""altname"",""wsname_without_separator""],""base"":""DEGEN"",""quote"":""ZUSD""}"
"2041","DENTEUR_1.csv","DENTEUR","1019","official_exact","official_altname_exact","DENTEUR","DENTEUR","DENT/EUR","DENT","ZEUR","DENT","EUR","online","True","{""pair_key"":""DENTEUR"",""match_methods"":[""result_object_key"",""altname"",""wsname_without_separator""],""base"":""DENT"",""quote"":""ZEUR""}"
"2049","DENTUSD_1.csv","DENTUSD","5551","official_exact","official_altname_exact","DENTUSD","DENTUSD","DENT/USD","DENT","ZUSD","DENT","USD","online","True","{""pair_key"":""DENTUSD"",""match_methods"":[""result_object_key"",""altname"",""wsname_without_separator""],""base"":""DENT"",""quote"":""ZUSD""}"
"2057","DMCEUR_1.csv","DMCEUR","3024","official_exact","official_altname_exact","DMCEUR","DMCEUR","DMC/EUR","DMC","ZEUR","DMC","EUR","online","True","{""pair_key"":""DMCEUR"",""match_methods"":[""result_object_key"",""altname"",""wsname_without_separator""],""base"":""DMC"",""quote"":""ZEUR""}"
"2065","DMCUSD_1.csv","DMCUSD","4680","official_exact","official_altname_exact","DMCUSD","DMCUSD","DMC/USD","DMC","ZUSD","DMC","USD","online","True","{""pair_key"":""DMCUSD"",""match_methods"":[""result_object_key"",""altname"",""wsname_without_separator""],""base"":""DMC"",""quote"":""ZUSD""}"
"2073","DOGEUR_1.csv","DOGEUR","663","official_exact","official_altname_exact","DOGEUR","DOGEUR","DOG/EUR","DOG","ZEUR","DOG","EUR","online","True","{""pair_key"":""DOGEUR"",""match_methods"":[""result_object_key"",""altname"",""wsname_without_separator""],""base"":""DOG"",""quote"":""ZEUR""}"
"2081","DOGSEUR_1.csv","DOGSEUR","1547","official_exact","official_altname_exact","DOGSEUR","DOGSEUR","DOGS/EUR","DOGS","ZEUR","DOGS","EUR","online","True","{""pair_key"":""DOGSEUR"",""match_methods"":[""result_object_key"",""altname"",""wsname_without_separator""],""base"":""DOGS"",""quote"":""ZEUR""}"
"2089","DOGSUSD_1.csv","DOGSUSD","6189","official_exact","official_altname_exact","DOGSUSD","DOGSUSD","DOGS/USD","DOGS","ZUSD","DOGS","USD","online","True","{""pair_key"":""DOGSUSD"",""match_methods"":[""result_object_key"",""altname"",""wsname_without_separator""],""base"":""DOGS"",""quote"":""ZUSD""}"
"2097","DOGUSD_1.csv","DOGUSD","3025","official_exact","official_altname_exact","DOGUSD","DOGUSD","DOG/USD","DOG","ZUSD","DOG","USD","online","True","{""pair_key"":""DOGUSD"",""match_methods"":[""result_object_key"",""altname"",""wsname_without_separator""],""base"":""DOG"",""quote"":""ZUSD""}"
"2105","DOLOEUR_1.csv","DOLOEUR","79","official_exact","official_altname_exact","DOLOEUR","DOLOEUR","DOLO/EUR","DOLO","ZEUR","DOLO","EUR","online","True","{""pair_key"":""DOLOEUR"",""match_methods"":[""result_object_key"",""altname"",""wsname_without_separator""],""base"":""DOLO"",""quote"":""ZEUR""}"
"2113","DOLOUSD_1.csv","DOLOUSD","421","official_exact","official_altname_exact","DOLOUSD","DOLOUSD","DOLO/USD","DOLO","ZUSD","DOLO","USD","online","True","{""pair_key"":""DOLOUSD"",""match_methods"":[""result_object_key"",""altname"",""wsname_without_separator""],""base"":""DOLO"",""quote"":""ZUSD""}"
"2121","DOTETH_1.csv","DOTETH","2941","official_exact","official_altname_exact","DOTETH","DOTETH","DOT/ETH","DOT","XETH","DOT","ETH","online","True","{""pair_key"":""DOTETH"",""match_methods"":[""result_object_key"",""altname"",""wsname_without_separator""],""base"":""DOT"",""quote"":""XETH""}"
"2129","DOTEUR_1.csv","DOTEUR","38221","official_exact","official_altname_exact","DOTEUR","DOTEUR","DOT/EUR","DOT","ZEUR","DOT","EUR","online","True","{""pair_key"":""DOTEUR"",""match_methods"":[""result_object_key"",""altname"",""wsname_without_separator""],""base"":""DOT"",""quote"":""ZEUR""}"
"2137","DOTGBP_1.csv","DOTGBP","7845","official_exact","official_altname_exact","DOTGBP","DOTGBP","DOT/GBP","DOT","ZGBP","DOT","GBP","online","True","{""pair_key"":""DOTGBP"",""match_methods"":[""result_object_key"",""altname"",""wsname_without_separator""],""base"":""DOT"",""quote"":""ZGBP""}"
"2145","DOTJPY_1.csv","DOTJPY","177","official_exact","official_altname_exact","DOTJPY","DOTJPY","DOT/JPY","DOT","ZJPY","DOT","JPY","online","True","{""pair_key"":""DOTJPY"",""match_methods"":[""result_object_key"",""altname"",""wsname_without_separator""],""base"":""DOT"",""quote"":""ZJPY""}"
"2153","DOTUSDC_1.csv","DOTUSDC","6145","official_exact","official_altname_exact","DOTUSDC","DOTUSDC","DOT/USDC","DOT","USDC","DOT","USDC","online","True","{""pair_key"":""DOTUSDC"",""match_methods"":[""result_object_key"",""altname"",""wsname_without_separator""],""base"":""DOT"",""quote"":""USDC""}"
"2161","DOTUSDT_1.csv","DOTUSDT","16711","official_exact","official_altname_exact","DOTUSDT","DOTUSDT","DOT/USDT","DOT","USDT","DOT","USDT","online","True","{""pair_key"":""DOTUSDT"",""match_methods"":[""result_object_key"",""altname"",""wsname_without_separator""],""base"":""DOT"",""quote"":""USDT""}"
"2169","DOTUSD_1.csv","DOTUSD","72212","official_exact","official_altname_exact","DOTUSD","DOTUSD","DOT/USD","DOT","ZUSD","DOT","USD","online","True","{""pair_key"":""DOTUSD"",""match_methods"":[""result_object_key"",""altname"",""wsname_without_separator""],""base"":""DOT"",""quote"":""ZUSD""}"
"2177","DOTXBT_1.csv","DOTXBT","8201","official_exact","official_altname_exact","DOTXBT","DOTXBT","DOT/XBT","DOT","XXBT","DOT","XBT","online","True","{""pair_key"":""DOTXBT"",""match_methods"":[""result_object_key"",""altname"",""wsname_without_separator""],""base"":""DOT"",""quote"":""XXBT""}"
"2185","DRIFTEUR_1.csv","DRIFTEUR","1274","official_exact","official_altname_exact","DRIFTEUR","DRIFTEUR","DRIFT/EUR","DRIFT","ZEUR","DRIFT","EUR","online","True","{""pair_key"":""DRIFTEUR"",""match_methods"":[""result_object_key"",""altname"",""wsname_without_separator""],""base"":""DRIFT"",""quote"":""ZEUR""}"
"2193","DRIFTUSD_1.csv","DRIFTUSD","7739","official_exact","official_altname_exact","DRIFTUSD","DRIFTUSD","DRIFT/USD","DRIFT","ZUSD","DRIFT","USD","online","True","{""pair_key"":""DRIFTUSD"",""match_methods"":[""result_object_key"",""altname"",""wsname_without_separator""],""base"":""DRIFT"",""quote"":""ZUSD""}"
"2201","DRVEUR_1.csv","DRVEUR","1367","official_exact","official_altname_exact","DRVEUR","DRVEUR","DRV/EUR","DRV","ZEUR","DRV","EUR","online","True","{""pair_key"":""DRVEUR"",""match_methods"":[""result_object_key"",""altname"",""wsname_without_separator""],""base"":""DRV"",""quote"":""ZEUR""}"
"2209","DRVUSD_1.csv","DRVUSD","10062","official_exact","official_altname_exact","DRVUSD","DRVUSD","DRV/USD","DRV","ZUSD","DRV","USD","online","True","{""pair_key"":""DRVUSD"",""match_methods"":[""result_object_key"",""altname"",""wsname_without_separator""],""base"":""DRV"",""quote"":""ZUSD""}"
"2217","DUCKEUR_1.csv","DUCKEUR","1179","official_exact","official_altname_exact","DUCKEUR","DUCKEUR","DUCK/EUR","DUCK","ZEUR","DUCK","EUR","online","True","{""pair_key"":""DUCKEUR"",""match_methods"":[""result_object_key"",""altname"",""wsname_without_separator""],""base"":""DUCK"",""quote"":""ZEUR""}"
"2225","DUCKUSD_1.csv","DUCKUSD","1951","official_exact","official_altname_exact","DUCKUSD","DUCKUSD","DUCK/USD","DUCK","ZUSD","DUCK","USD","online","True","{""pair_key"":""DUCKUSD"",""match_methods"":[""result_object_key"",""altname"",""wsname_without_separator""],""base"":""DUCK"",""quote"":""ZUSD""}"
"2233","DYDXEUR_1.csv","DYDXEUR","2632","official_exact","official_altname_exact","DYDXEUR","DYDXEUR","DYDX/EUR","DYDX","ZEUR","DYDX","EUR","online","True","{""pair_key"":""DYDXEUR"",""match_methods"":[""result_object_key"",""altname"",""wsname_without_separator""],""base"":""DYDX"",""quote"":""ZEUR""}"
"2241","DYDXUSD_1.csv","DYDXUSD","9488","official_exact","official_altname_exact","DYDXUSD","DYDXUSD","DYDX/USD","DYDX","ZUSD","DYDX","USD","online","True","{""pair_key"":""DYDXUSD"",""match_methods"":[""result_object_key"",""altname"",""wsname_without_separator""],""base"":""DYDX"",""quote"":""ZUSD""}"
"2249","DYMEUR_1.csv","DYMEUR","2336","official_exact","official_altname_exact","DYMEUR","DYMEUR","DYM/EUR","DYM","ZEUR","DYM","EUR","online","True","{""pair_key"":""DYMEUR"",""match_methods"":[""result_object_key"",""altname"",""wsname_without_separator""],""base"":""DYM"",""quote"":""ZEUR""}"
"2257","DYMUSD_1.csv","DYMUSD","13954","official_exact","official_altname_exact","DYMUSD","DYMUSD","DYM/USD","DYM","ZUSD","DYM","USD","online","True","{""pair_key"":""DYMUSD"",""match_methods"":[""result_object_key"",""altname"",""wsname_without_separator""],""base"":""DYM"",""quote"":""ZUSD""}"
"2265","EDGEEUR_1.csv","EDGEEUR","826","official_exact","official_altname_exact","EDGEEUR","EDGEEUR","EDGE/EUR","EDGE","ZEUR","EDGE","EUR","online","True","{""pair_key"":""EDGEEUR"",""match_methods"":[""result_object_key"",""altname"",""wsname_without_separator""],""base"":""EDGE"",""quote"":""ZEUR""}"
"2273","EDGEUSD_1.csv","EDGEUSD","30952","official_exact","official_altname_exact","EDGEUSD","EDGEUSD","EDGE/USD","EDGE","ZUSD","EDGE","USD","online","True","{""pair_key"":""EDGEUSD"",""match_methods"":[""result_object_key"",""altname"",""wsname_without_separator""],""base"":""EDGE"",""quote"":""ZUSD""}"
"2281","EGLDEUR_1.csv","EGLDEUR","3249","official_exact","official_altname_exact","EGLDEUR","EGLDEUR","EGLD/EUR","EGLD","ZEUR","EGLD","EUR","online","True","{""pair_key"":""EGLDEUR"",""match_methods"":[""result_object_key"",""altname"",""wsname_without_separator""],""base"":""EGLD"",""quote"":""ZEUR""}"
"2289","EGLDUSD_1.csv","EGLDUSD","9248","official_exact","official_altname_exact","EGLDUSD","EGLDUSD","EGLD/USD","EGLD","ZUSD","EGLD","USD","online","True","{""pair_key"":""EGLDUSD"",""match_methods"":[""result_object_key"",""altname"",""wsname_without_separator""],""base"":""EGLD"",""quote"":""ZUSD""}"
"2297","EIGENEUR_1.csv","EIGENEUR","5525","official_exact","official_altname_exact","EIGENEUR","EIGENEUR","EIGEN/EUR","EIGEN","ZEUR","EIGEN","EUR","online","True","{""pair_key"":""EIGENEUR"",""match_methods"":[""result_object_key"",""altname"",""wsname_without_separator""],""base"":""EIGEN"",""quote"":""ZEUR""}"
"2305","EIGENUSD_1.csv","EIGENUSD","54610","official_exact","official_altname_exact","EIGENUSD","EIGENUSD","EIGEN/USD","EIGEN","ZUSD","EIGEN","USD","online","True","{""pair_key"":""EIGENUSD"",""match_methods"":[""result_object_key"",""altname"",""wsname_without_separator""],""base"":""EIGEN"",""quote"":""ZUSD""}"
"2313","ELXEUR_1.csv","ELXEUR","3365","official_exact","official_altname_exact","ELXEUR","ELXEUR","ELX/EUR","ELX","ZEUR","ELX","EUR","online","True","{""pair_key"":""ELXEUR"",""match_methods"":[""result_object_key"",""altname"",""wsname_without_separator""],""base"":""ELX"",""quote"":""ZEUR""}"
"2321","ELXUSD_1.csv","ELXUSD","16199","official_exact","official_altname_exact","ELXUSD","ELXUSD","ELX/USD","ELX","ZUSD","ELX","USD","online","True","{""pair_key"":""ELXUSD"",""match_methods"":[""result_object_key"",""altname"",""wsname_without_separator""],""base"":""ELX"",""quote"":""ZUSD""}"
"2329","ENAEUR_1.csv","ENAEUR","8874","official_exact","official_altname_exact","ENAEUR","ENAEUR","ENA/EUR","ENA","ZEUR","ENA","EUR","online","True","{""pair_key"":""ENAEUR"",""match_methods"":[""result_object_key"",""altname"",""wsname_without_separator""],""base"":""ENA"",""quote"":""ZEUR""}"
"2337","ENAUSD_1.csv","ENAUSD","34486","official_exact","official_altname_exact","ENAUSD","ENAUSD","ENA/USD","ENA","ZUSD","ENA","USD","online","True","{""pair_key"":""ENAUSD"",""match_methods"":[""result_object_key"",""altname"",""wsname_without_separator""],""base"":""ENA"",""quote"":""ZUSD""}"
"2345","ENJEUR_1.csv","ENJEUR","3568","official_exact","official_altname_exact","ENJEUR","ENJEUR","ENJ/EUR","ENJ","ZEUR","ENJ","EUR","online","True","{""pair_key"":""ENJEUR"",""match_methods"":[""result_object_key"",""altname"",""wsname_without_separator""],""base"":""ENJ"",""quote"":""ZEUR""}"
"2353","ENJUSD_1.csv","ENJUSD","14464","official_exact","official_altname_exact","ENJUSD","ENJUSD","ENJ/USD","ENJ","ZUSD","ENJ","USD","online","True","{""pair_key"":""ENJUSD"",""match_methods"":[""result_object_key"",""altname"",""wsname_without_separator""],""base"":""ENJ"",""quote"":""ZUSD""}"
"2361","ENSEUR_1.csv","ENSEUR","1946","official_exact","official_altname_exact","ENSEUR","ENSEUR","ENS/EUR","ENS","ZEUR","ENS","EUR","online","True","{""pair_key"":""ENSEUR"",""match_methods"":[""result_object_key"",""altname"",""wsname_without_separator""],""base"":""ENS"",""quote"":""ZEUR""}"
"2369","ENSUSD_1.csv","ENSUSD","10193","official_exact","official_altname_exact","ENSUSD","ENSUSD","ENS/USD","ENS","ZUSD","ENS","USD","online","True","{""pair_key"":""ENSUSD"",""match_methods"":[""result_object_key"",""altname"",""wsname_without_separator""],""base"":""ENS"",""quote"":""ZUSD""}"
"2377","EOSEUR_1.csv","EOSEUR","12014","reviewed_historical_identity","frozen_historical_registry_current_official_assets","","","EOS/EUR","EOS","ZEUR","EOS","EUR","historical_pair_absent_from_captured_current_assetpairs","True","{""registry_sha256"":""65aaac5993ada762c8498f2fe9c298c00eb7f1f5a0deeea407f8c0cf10562408"",""resolution_method"":""frozen_historical_registry_current_official_assets"",""evidence_class"":""captured_current_official_asset_records_plus_official_archive_member"",""source_member_ordinal"":2377,""official_support_url"":""""}"
"2385","EOSUSDC_1.csv","EOSUSDC","3975","reviewed_historical_identity","frozen_historical_registry_current_official_assets","","","EOS/USDC","EOS","USDC","EOS","USDC","historical_pair_absent_from_captured_current_assetpairs","True","{""registry_sha256"":""65aaac5993ada762c8498f2fe9c298c00eb7f1f5a0deeea407f8c0cf10562408"",""resolution_method"":""frozen_historical_registry_current_official_assets"",""evidence_class"":""captured_current_official_asset_records_plus_official_archive_member"",""source_member_ordinal"":2385,""official_support_url"":""""}"
"2393","EOSUSDT_1.csv","EOSUSDT","12419","reviewed_historical_identity","frozen_historical_registry_current_official_assets","","","EOS/USDT","EOS","USDT","EOS","USDT","historical_pair_absent_from_captured_current_assetpairs","True","{""registry_sha256"":""65aaac5993ada762c8498f2fe9c298c00eb7f1f5a0deeea407f8c0cf10562408"",""resolution_method"":""frozen_historical_registry_current_official_assets"",""evidence_class"":""captured_current_official_asset_records_plus_official_archive_member"",""source_member_ordinal"":2393,""official_support_url"":""""}"
"2401","EOSUSD_1.csv","EOSUSD","32649","reviewed_historical_identity","frozen_historical_registry_current_official_assets","","","EOS/USD","EOS","ZUSD","EOS","USD","historical_pair_absent_from_captured_current_assetpairs","True","{""registry_sha256"":""65aaac5993ada762c8498f2fe9c298c00eb7f1f5a0deeea407f8c0cf10562408"",""resolution_method"":""frozen_historical_registry_current_official_assets"",""evidence_class"":""captured_current_official_asset_records_plus_official_archive_member"",""source_member_ordinal"":2401,""official_support_url"":""""}"
"2409","ESXEUR_1.csv","ESXEUR","3122","reviewed_historical_identity","frozen_historical_registry_current_official_assets","","","ESX/EUR","ESX","ZEUR","ESX","EUR","historical_pair_absent_from_captured_current_assetpairs","True","{""registry_sha256"":""65aaac5993ada762c8498f2fe9c298c00eb7f1f5a0deeea407f8c0cf10562408"",""resolution_method"":""frozen_historical_registry_current_official_assets"",""evidence_class"":""captured_current_official_asset_records_plus_official_archive_member"",""source_member_ordinal"":2409,""official_support_url"":""""}"
"2417","ESXUSD_1.csv","ESXUSD","5691","official_exact","official_altname_exact","ESXUSD","ESXUSD","ESX/USD","ESX","ZUSD","ESX","USD","cancel_only","True","{""pair_key"":""ESXUSD"",""match_methods"":[""result_object_key"",""altname"",""wsname_without_separator""],""base"":""ESX"",""quote"":""ZUSD""}"
"2425","ETCETH_1.csv","ETCETH","1367","official_exact","official_altname_exact","XETCXETH","ETCETH","ETC/ETH","XETC","XETH","ETC","ETH","online","True","{""pair_key"":""XETCXETH"",""match_methods"":[""altname"",""wsname_without_separator""],""base"":""XETC"",""quote"":""XETH""}"
"2433","ETCEUR_1.csv","ETCEUR","7784","official_exact","official_altname_exact","XETCZEUR","ETCEUR","ETC/EUR","XETC","ZEUR","ETC","EUR","online","True","{""pair_key"":""XETCZEUR"",""match_methods"":[""altname"",""wsname_without_separator""],""base"":""XETC"",""quote"":""ZEUR""}"
"2441","ETCUSD_1.csv","ETCUSD","15014","official_exact","official_altname_exact","XETCZUSD","ETCUSD","ETC/USD","XETC","ZUSD","ETC","USD","online","True","{""pair_key"":""XETCZUSD"",""match_methods"":[""altname"",""wsname_without_separator""],""base"":""XETC"",""quote"":""ZUSD""}"
"2449","ETCXBT_1.csv","ETCXBT","1152","official_exact","official_altname_exact","XETCXXBT","ETCXBT","ETC/XBT","XETC","XXBT","ETC","XBT","online","True","{""pair_key"":""XETCXXBT"",""match_methods"":[""altname"",""wsname_without_separator""],""base"":""XETC"",""quote"":""XXBT""}"
"2457","ETHAUD_1.csv","ETHAUD","19166","official_exact","official_altname_exact","ETHAUD","ETHAUD","ETH/AUD","XETH","ZAUD","ETH","AUD","online","True","{""pair_key"":""ETHAUD"",""match_methods"":[""result_object_key"",""altname"",""wsname_without_separator""],""base"":""XETH"",""quote"":""ZAUD""}"
"2465","ETHCAD_1.csv","ETHCAD","37887","official_exact","official_altname_exact","XETHZCAD","ETHCAD","ETH/CAD","XETH","ZCAD","ETH","CAD","online","True","{""pair_key"":""XETHZCAD"",""match_methods"":[""altname"",""wsname_without_separator""],""base"":""XETH"",""quote"":""ZCAD""}"
"2473","ETHCHF_1.csv","ETHCHF","16307","official_exact","official_altname_exact","ETHCHF","ETHCHF","ETH/CHF","XETH","CHF","ETH","CHF","online","True","{""pair_key"":""ETHCHF"",""match_methods"":[""result_object_key"",""altname"",""wsname_without_separator""],""base"":""XETH"",""quote"":""CHF""}"
"2481","ETHDAI_1.csv","ETHDAI","657","official_exact","official_altname_exact","ETHDAI","ETHDAI","ETH/DAI","XETH","DAI","ETH","DAI","online","True","{""pair_key"":""ETHDAI"",""match_methods"":[""result_object_key"",""altname"",""wsname_without_separator""],""base"":""XETH"",""quote"":""DAI""}"
"2489","ETHEUR_1.csv","ETHEUR","126809","official_exact","official_altname_exact","XETHZEUR","ETHEUR","ETH/EUR","XETH","ZEUR","ETH","EUR","online","True","{""pair_key"":""XETHZEUR"",""match_methods"":[""altname"",""wsname_without_separator""],""base"":""XETH"",""quote"":""ZEUR""}"
"2497","ETHFIEUR_1.csv","ETHFIEUR","2945","official_exact","official_altname_exact","ETHFIEUR","ETHFIEUR","ETHFI/EUR","ETHFI","ZEUR","ETHFI","EUR","online","True","{""pair_key"":""ETHFIEUR"",""match_methods"":[""result_object_key"",""altname"",""wsname_without_separator""],""base"":""ETHFI"",""quote"":""ZEUR""}"
"2505","ETHFIUSD_1.csv","ETHFIUSD","12254","official_exact","official_altname_exact","ETHFIUSD","ETHFIUSD","ETHFI/USD","ETHFI","ZUSD","ETHFI","USD","online","True","{""pair_key"":""ETHFIUSD"",""match_methods"":[""result_object_key"",""altname"",""wsname_without_separator""],""base"":""ETHFI"",""quote"":""ZUSD""}"
"2513","ETHGBP_1.csv","ETHGBP","67296","official_exact","official_altname_exact","XETHZGBP","ETHGBP","ETH/GBP","XETH","ZGBP","ETH","GBP","online","True","{""pair_key"":""XETHZGBP"",""match_methods"":[""altname"",""wsname_without_separator""],""base"":""XETH"",""quote"":""ZGBP""}"
"2521","ETHJPY_1.csv","ETHJPY","1536","official_exact","official_altname_exact","XETHZJPY","ETHJPY","ETH/JPY","XETH","ZJPY","ETH","JPY","online","True","{""pair_key"":""XETHZJPY"",""match_methods"":[""altname"",""wsname_without_separator""],""base"":""XETH"",""quote"":""ZJPY""}"
"2529","ETHPYUSD_1.csv","ETHPYUSD","386","official_exact","official_altname_exact","ETHPYUSD","ETHPYUSD","ETH/PYUSD","XETH","PYUSD","ETH","PYUSD","online","True","{""pair_key"":""ETHPYUSD"",""match_methods"":[""result_object_key"",""altname"",""wsname_without_separator""],""base"":""XETH"",""quote"":""PYUSD""}"
"2537","ETHUSDC_1.csv","ETHUSDC","55644","official_exact","official_altname_exact","ETHUSDC","ETHUSDC","ETH/USDC","XETH","USDC","ETH","USDC","online","True","{""pair_key"":""ETHUSDC"",""match_methods"":[""result_object_key"",""altname"",""wsname_without_separator""],""base"":""XETH"",""quote"":""USDC""}"
"2545","ETHUSDT_1.csv","ETHUSDT","50480","official_exact","official_altname_exact","ETHUSDT","ETHUSDT","ETH/USDT","XETH","USDT","ETH","USDT","online","True","{""pair_key"":""ETHUSDT"",""match_methods"":[""result_object_key"",""altname"",""wsname_without_separator""],""base"":""XETH"",""quote"":""USDT""}"
"2553","ETHUSD_1.csv","ETHUSD","126172","official_exact","official_altname_exact","XETHZUSD","ETHUSD","ETH/USD","XETH","ZUSD","ETH","USD","online","True","{""pair_key"":""XETHZUSD"",""match_methods"":[""altname"",""wsname_without_separator""],""base"":""XETH"",""quote"":""ZUSD""}"
"2561","ETHWETH_1.csv","ETHWETH","1540","reviewed_historical_identity","frozen_historical_registry_current_official_assets","","","ETHW/ETH","ETHW","XETH","ETHW","ETH","historical_pair_absent_from_captured_current_assetpairs","True","{""registry_sha256"":""65aaac5993ada762c8498f2fe9c298c00eb7f1f5a0deeea407f8c0cf10562408"",""resolution_method"":""frozen_historical_registry_current_official_assets"",""evidence_class"":""captured_current_official_asset_records_plus_official_archive_member"",""source_member_ordinal"":2561,""official_support_url"":""""}"
"2569","ETHWEUR_1.csv","ETHWEUR","3903","reviewed_historical_identity","frozen_historical_registry_current_official_assets","","","ETHW/EUR","ETHW","ZEUR","ETHW","EUR","historical_pair_absent_from_captured_current_assetpairs","True","{""registry_sha256"":""65aaac5993ada762c8498f2fe9c298c00eb7f1f5a0deeea407f8c0cf10562408"",""resolution_method"":""frozen_historical_registry_current_official_assets"",""evidence_class"":""captured_current_official_asset_records_plus_official_archive_member"",""source_member_ordinal"":2569,""official_support_url"":""""}"
"2577","ETHWUSD_1.csv","ETHWUSD","10019","reviewed_historical_identity","frozen_historical_registry_current_official_assets","","","ETHW/USD","ETHW","ZUSD","ETHW","USD","historical_pair_absent_from_captured_current_assetpairs","True","{""registry_sha256"":""65aaac5993ada762c8498f2fe9c298c00eb7f1f5a0deeea407f8c0cf10562408"",""resolution_method"":""frozen_historical_registry_current_official_assets"",""evidence_class"":""captured_current_official_asset_records_plus_official_archive_member"",""source_member_ordinal"":2577,""official_support_url"":""""}"
"2585","ETHXBT_1.csv","ETHXBT","48896","official_exact","official_altname_exact","XETHXXBT","ETHXBT","ETH/XBT","XETH","XXBT","ETH","XBT","online","True","{""pair_key"":""XETHXXBT"",""match_methods"":[""altname"",""wsname_without_separator""],""base"":""XETH"",""quote"":""XXBT""}"
"2593","EULEUR_1.csv","EULEUR","2928","official_exact","official_altname_exact","EULEUR","EULEUR","EUL/EUR","EUL","ZEUR","EUL","EUR","online","True","{""pair_key"":""EULEUR"",""match_methods"":[""result_object_key"",""altname"",""wsname_without_separator""],""base"":""EUL"",""quote"":""ZEUR""}"
"2601","EULUSD_1.csv","EULUSD","6421","official_exact","official_altname_exact","EULUSD","EULUSD","EUL/USD","EUL","ZUSD","EUL","USD","online","True","{""pair_key"":""EULUSD"",""match_methods"":[""result_object_key"",""altname"",""wsname_without_separator""],""base"":""EUL"",""quote"":""ZUSD""}"
"2609","EURAUD_1.csv","EURAUD","4185","official_exact","official_altname_exact","EURAUD","EURAUD","EUR/AUD","ZEUR","ZAUD","EUR","AUD","online","True","{""pair_key"":""EURAUD"",""match_methods"":[""result_object_key"",""altname"",""wsname_without_separator""],""base"":""ZEUR"",""quote"":""ZAUD""}"
"2617","EURCAD_1.csv","EURCAD","6028","official_exact","official_altname_exact","EURCAD","EURCAD","EUR/CAD","ZEUR","ZCAD","EUR","CAD","online","True","{""pair_key"":""EURCAD"",""match_methods"":[""result_object_key"",""altname"",""wsname_without_separator""],""base"":""ZEUR"",""quote"":""ZCAD""}"
"2625","EURCHF_1.csv","EURCHF","66374","official_exact","official_altname_exact","EURCHF","EURCHF","EUR/CHF","ZEUR","CHF","EUR","CHF","online","True","{""pair_key"":""EURCHF"",""match_methods"":[""result_object_key"",""altname"",""wsname_without_separator""],""base"":""ZEUR"",""quote"":""CHF""}"
"2633","EURGBP_1.csv","EURGBP","53269","official_exact","official_altname_exact","EURGBP","EURGBP","EUR/GBP","ZEUR","ZGBP","EUR","GBP","online","True","{""pair_key"":""EURGBP"",""match_methods"":[""result_object_key"",""altname"",""wsname_without_separator""],""base"":""ZEUR"",""quote"":""ZGBP""}"
"2641","EURJPY_1.csv","EURJPY","2846","official_exact","official_altname_exact","EURJPY","EURJPY","EUR/JPY","ZEUR","ZJPY","EUR","JPY","online","True","{""pair_key"":""EURJPY"",""match_methods"":[""result_object_key"",""altname"",""wsname_without_separator""],""base"":""ZEUR"",""quote"":""ZJPY""}"
"2649","EUROPEUR_1.csv","EUROPEUR","536","official_exact","official_altname_exact","EUROPEUR","EUROPEUR","EUROP/EUR","EUROP","ZEUR","EUROP","EUR","online","True","{""pair_key"":""EUROPEUR"",""match_methods"":[""result_object_key"",""altname"",""wsname_without_separator""],""base"":""EUROP"",""quote"":""ZEUR""}"
"2657","EUROPUSDC_1.csv","EUROPUSDC","124","official_exact","official_altname_exact","EUROPUSDC","EUROPUSDC","EUROP/USDC","EUROP","USDC","EUROP","USDC","online","True","{""pair_key"":""EUROPUSDC"",""match_methods"":[""result_object_key"",""altname"",""wsname_without_separator""],""base"":""EUROP"",""quote"":""USDC""}"
"2665","EUROPUSD_1.csv","EUROPUSD","735","official_exact","official_altname_exact","EUROPUSD","EUROPUSD","EUROP/USD","EUROP","ZUSD","EUROP","USD","online","True","{""pair_key"":""EUROPUSD"",""match_methods"":[""result_object_key"",""altname"",""wsname_without_separator""],""base"":""EUROP"",""quote"":""ZUSD""}"
"2673","EURQEUR_1.csv","EURQEUR","1009","official_exact","official_altname_exact","EURQEUR","EURQEUR","EURQ/EUR","EURQ","ZEUR","EURQ","EUR","online","True","{""pair_key"":""EURQEUR"",""match_methods"":[""result_object_key"",""altname"",""wsname_without_separator""],""base"":""EURQ"",""quote"":""ZEUR""}"
"2681","EURQUSD_1.csv","EURQUSD","1361","official_exact","official_altname_exact","EURQUSD","EURQUSD","EURQ/USD","EURQ","ZUSD","EURQ","USD","online","True","{""pair_key"":""EURQUSD"",""match_methods"":[""result_object_key"",""altname"",""wsname_without_separator""],""base"":""EURQ"",""quote"":""ZUSD""}"
"2689","EURREUR_1.csv","EURREUR","996","official_exact","official_altname_exact","EURREUR","EURREUR","EURR/EUR","EURR","ZEUR","EURR","EUR","post_only","True","{""pair_key"":""EURREUR"",""match_methods"":[""result_object_key"",""altname"",""wsname_without_separator""],""base"":""EURR"",""quote"":""ZEUR""}"
"2697","EURRUSDC_1.csv","EURRUSDC","490","official_exact","official_altname_exact","EURRUSDC","EURRUSDC","EURR/USDC","EURR","USDC","EURR","USDC","post_only","True","{""pair_key"":""EURRUSDC"",""match_methods"":[""result_object_key"",""altname"",""wsname_without_separator""],""base"":""EURR"",""quote"":""USDC""}"
"2705","EURRUSDT_1.csv","EURRUSDT","362","official_exact","official_altname_exact","EURRUSDT","EURRUSDT","EURR/USDT","EURR","USDT","EURR","USDT","post_only","True","{""pair_key"":""EURRUSDT"",""match_methods"":[""result_object_key"",""altname"",""wsname_without_separator""],""base"":""EURR"",""quote"":""USDT""}"
"2713","EURRUSD_1.csv","EURRUSD","1764","official_exact","official_altname_exact","EURRUSD","EURRUSD","EURR/USD","EURR","ZUSD","EURR","USD","post_only","True","{""pair_key"":""EURRUSD"",""match_methods"":[""result_object_key"",""altname"",""wsname_without_separator""],""base"":""EURR"",""quote"":""ZUSD""}"
"2721","EURUSD_1.csv","EURUSD","127692","official_exact","official_altname_exact","ZEURZUSD","EURUSD","EUR/USD","ZEUR","ZUSD","EUR","USD","online","True","{""pair_key"":""ZEURZUSD"",""match_methods"":[""altname"",""wsname_without_separator""],""base"":""ZEUR"",""quote"":""ZUSD""}"
"2729","EWTEUR_1.csv","EWTEUR","6107","official_exact","official_altname_exact","EWTEUR","EWTEUR","EWT/EUR","EWT","ZEUR","EWT","EUR","online","True","{""pair_key"":""EWTEUR"",""match_methods"":[""result_object_key"",""altname"",""wsname_without_separator""],""base"":""EWT"",""quote"":""ZEUR""}"
"2737","EWTUSD_1.csv","EWTUSD","12612","official_exact","official_altname_exact","EWTUSD","EWTUSD","EWT/USD","EWT","ZUSD","EWT","USD","online","True","{""pair_key"":""EWTUSD"",""match_methods"":[""result_object_key"",""altname"",""wsname_without_separator""],""base"":""EWT"",""quote"":""ZUSD""}"
"2745","FARMEUR_1.csv","FARMEUR","264","reviewed_historical_identity","frozen_historical_registry_current_official_assets","","","FARM/EUR","FARM","ZEUR","FARM","EUR","historical_pair_absent_from_captured_current_assetpairs","True","{""registry_sha256"":""65aaac5993ada762c8498f2fe9c298c00eb7f1f5a0deeea407f8c0cf10562408"",""resolution_method"":""frozen_historical_registry_current_official_assets"",""evidence_class"":""captured_current_official_asset_records_plus_official_archive_member"",""source_member_ordinal"":2745,""official_support_url"":""""}"
"2753","FARMUSD_1.csv","FARMUSD","3369","reviewed_historical_identity","frozen_historical_registry_current_official_assets","","","FARM/USD","FARM","ZUSD","FARM","USD","historical_pair_absent_from_captured_current_assetpairs","True","{""registry_sha256"":""65aaac5993ada762c8498f2fe9c298c00eb7f1f5a0deeea407f8c0cf10562408"",""resolution_method"":""frozen_historical_registry_current_official_assets"",""evidence_class"":""captured_current_official_asset_records_plus_official_archive_member"",""source_member_ordinal"":2753,""official_support_url"":""""}"
"2761","FARTCOINEUR_1.csv","FARTCOINEUR","20010","official_exact","official_altname_exact","FARTCOINEUR","FARTCOINEUR","FARTCOIN/EUR","FARTCOIN","ZEUR","FARTCOIN","EUR","online","True","{""pair_key"":""FARTCOINEUR"",""match_methods"":[""result_object_key"",""altname"",""wsname_without_separator""],""base"":""FARTCOIN"",""quote"":""ZEUR""}"
"2769","FARTCOINUSDC_1.csv","FARTCOINUSDC","8878","official_exact","official_altname_exact","FARTCOINUSDC","FARTCOINUSDC","FARTCOIN/USDC","FARTCOIN","USDC","FARTCOIN","USDC","online","True","{""pair_key"":""FARTCOINUSDC"",""match_methods"":[""result_object_key"",""altname"",""wsname_without_separator""],""base"":""FARTCOIN"",""quote"":""USDC""}"
"2777","FARTCOINUSDT_1.csv","FARTCOINUSDT","21016","official_exact","official_altname_exact","FARTCOINUSDT","FARTCOINUSDT","FARTCOIN/USDT","FARTCOIN","USDT","FARTCOIN","USDT","online","True","{""pair_key"":""FARTCOINUSDT"",""match_methods"":[""result_object_key"",""altname"",""wsname_without_separator""],""base"":""FARTCOIN"",""quote"":""USDT""}"
"2785","FARTCOINUSD_1.csv","FARTCOINUSD","93549","official_exact","official_altname_exact","FARTCOINUSD","FARTCOINUSD","FARTCOIN/USD","FARTCOIN","ZUSD","FARTCOIN","USD","online","True","{""pair_key"":""FARTCOINUSD"",""match_methods"":[""result_object_key"",""altname"",""wsname_without_separator""],""base"":""FARTCOIN"",""quote"":""ZUSD""}"
"2793","FETEUR_1.csv","FETEUR","19846","official_exact","official_altname_exact","FETEUR","FETEUR","FET/EUR","FET","ZEUR","FET","EUR","online","True","{""pair_key"":""FETEUR"",""match_methods"":[""result_object_key"",""altname"",""wsname_without_separator""],""base"":""FET"",""quote"":""ZEUR""}"
"2801","FETUSD_1.csv","FETUSD","53528","official_exact","official_altname_exact","FETUSD","FETUSD","FET/USD","FET","ZUSD","FET","USD","online","True","{""pair_key"":""FETUSD"",""match_methods"":[""result_object_key"",""altname"",""wsname_without_separator""],""base"":""FET"",""quote"":""ZUSD""}"
"2809","FHEEUR_1.csv","FHEEUR","2766","official_exact","official_altname_exact","FHEEUR","FHEEUR","FHE/EUR","FHE","ZEUR","FHE","EUR","online","True","{""pair_key"":""FHEEUR"",""match_methods"":[""result_object_key"",""altname"",""wsname_without_separator""],""base"":""FHE"",""quote"":""ZEUR""}"
"2817","FHEUSD_1.csv","FHEUSD","7784","official_exact","official_altname_exact","FHEUSD","FHEUSD","FHE/USD","FHE","ZUSD","FHE","USD","online","True","{""pair_key"":""FHEUSD"",""match_methods"":[""result_object_key"",""altname"",""wsname_without_separator""],""base"":""FHE"",""quote"":""ZUSD""}"
"2825","FIDAEUR_1.csv","FIDAEUR","1247","official_exact","official_altname_exact","FIDAEUR","FIDAEUR","FIDA/EUR","FIDA","ZEUR","FIDA","EUR","online","True","{""pair_key"":""FIDAEUR"",""match_methods"":[""result_object_key"",""altname"",""wsname_without_separator""],""base"":""FIDA"",""quote"":""ZEUR""}"
"2833","FIDAUSD_1.csv","FIDAUSD","7250","official_exact","official_altname_exact","FIDAUSD","FIDAUSD","FIDA/USD","FIDA","ZUSD","FIDA","USD","online","True","{""pair_key"":""FIDAUSD"",""match_methods"":[""result_object_key"",""altname"",""wsname_without_separator""],""base"":""FIDA"",""quote"":""ZUSD""}"
"2841","FILETH_1.csv","FILETH","708","official_exact","official_altname_exact","FILETH","FILETH","FIL/ETH","FIL","XETH","FIL","ETH","online","True","{""pair_key"":""FILETH"",""match_methods"":[""result_object_key"",""altname"",""wsname_without_separator""],""base"":""FIL"",""quote"":""XETH""}"
"2849","FILEUR_1.csv","FILEUR","4402","official_exact","official_altname_exact","FILEUR","FILEUR","FIL/EUR","FIL","ZEUR","FIL","EUR","online","True","{""pair_key"":""FILEUR"",""match_methods"":[""result_object_key"",""altname"",""wsname_without_separator""],""base"":""FIL"",""quote"":""ZEUR""}"
"2857","FILGBP_1.csv","FILGBP","1544","official_exact","official_altname_exact","FILGBP","FILGBP","FIL/GBP","FIL","ZGBP","FIL","GBP","online","True","{""pair_key"":""FILGBP"",""match_methods"":[""result_object_key"",""altname"",""wsname_without_separator""],""base"":""FIL"",""quote"":""ZGBP""}"
"2865","FILUSD_1.csv","FILUSD","23807","official_exact","official_altname_exact","FILUSD","FILUSD","FIL/USD","FIL","ZUSD","FIL","USD","online","True","{""pair_key"":""FILUSD"",""match_methods"":[""result_object_key"",""altname"",""wsname_without_separator""],""base"":""FIL"",""quote"":""ZUSD""}"
"2873","FILXBT_1.csv","FILXBT","1465","official_exact","official_altname_exact","FILXBT","FILXBT","FIL/XBT","FIL","XXBT","FIL","XBT","online","True","{""pair_key"":""FILXBT"",""match_methods"":[""result_object_key"",""altname"",""wsname_without_separator""],""base"":""FIL"",""quote"":""XXBT""}"
"2881","FISEUR_1.csv","FISEUR","1338","official_exact","official_altname_exact","FISEUR","FISEUR","FIS/EUR","FIS","ZEUR","FIS","EUR","online","True","{""pair_key"":""FISEUR"",""match_methods"":[""result_object_key"",""altname"",""wsname_without_separator""],""base"":""FIS"",""quote"":""ZEUR""}"
"2889","FISUSD_1.csv","FISUSD","4969","official_exact","official_altname_exact","FISUSD","FISUSD","FIS/USD","FIS","ZUSD","FIS","USD","online","True","{""pair_key"":""FISUSD"",""match_methods"":[""result_object_key"",""altname"",""wsname_without_separator""],""base"":""FIS"",""quote"":""ZUSD""}"
"2897","FLOKIEUR_1.csv","FLOKIEUR","4777","official_exact","official_altname_exact","FLOKIEUR","FLOKIEUR","FLOKI/EUR","FLOKI","ZEUR","FLOKI","EUR","online","True","{""pair_key"":""FLOKIEUR"",""match_methods"":[""result_object_key"",""altname"",""wsname_without_separator""],""base"":""FLOKI"",""quote"":""ZEUR""}"
"2905","FLOKIUSD_1.csv","FLOKIUSD","20546","official_exact","official_altname_exact","FLOKIUSD","FLOKIUSD","FLOKI/USD","FLOKI","ZUSD","FLOKI","USD","online","True","{""pair_key"":""FLOKIUSD"",""match_methods"":[""result_object_key"",""altname"",""wsname_without_separator""],""base"":""FLOKI"",""quote"":""ZUSD""}"
"2913","FLOWEUR_1.csv","FLOWEUR","2554","official_exact","official_altname_exact","FLOWEUR","FLOWEUR","FLOW/EUR","FLOW","ZEUR","FLOW","EUR","online","True","{""pair_key"":""FLOWEUR"",""match_methods"":[""result_object_key"",""altname"",""wsname_without_separator""],""base"":""FLOW"",""quote"":""ZEUR""}"
"2921","FLOWUSD_1.csv","FLOWUSD","18192","official_exact","official_altname_exact","FLOWUSD","FLOWUSD","FLOW/USD","FLOW","ZUSD","FLOW","USD","online","True","{""pair_key"":""FLOWUSD"",""match_methods"":[""result_object_key"",""altname"",""wsname_without_separator""],""base"":""FLOW"",""quote"":""ZUSD""}"
"2929","FLREUR_1.csv","FLREUR","10687","official_exact","official_altname_exact","FLREUR","FLREUR","FLR/EUR","FLR","ZEUR","FLR","EUR","online","True","{""pair_key"":""FLREUR"",""match_methods"":[""result_object_key"",""altname"",""wsname_without_separator""],""base"":""FLR"",""quote"":""ZEUR""}"
"2937","FLRUSD_1.csv","FLRUSD","37245","official_exact","official_altname_exact","FLRUSD","FLRUSD","FLR/USD","FLR","ZUSD","FLR","USD","online","True","{""pair_key"":""FLRUSD"",""match_methods"":[""result_object_key"",""altname"",""wsname_without_separator""],""base"":""FLR"",""quote"":""ZUSD""}"
"2945","FLUXEUR_1.csv","FLUXEUR","32752","official_exact","official_altname_exact","FLUXEUR","FLUXEUR","FLUX/EUR","FLUX","ZEUR","FLUX","EUR","online","True","{""pair_key"":""FLUXEUR"",""match_methods"":[""result_object_key"",""altname"",""wsname_without_separator""],""base"":""FLUX"",""quote"":""ZEUR""}"
"2953","FLUXUSD_1.csv","FLUXUSD","35250","official_exact","official_altname_exact","FLUXUSD","FLUXUSD","FLUX/USD","FLUX","ZUSD","FLUX","USD","online","True","{""pair_key"":""FLUXUSD"",""match_methods"":[""result_object_key"",""altname"",""wsname_without_separator""],""base"":""FLUX"",""quote"":""ZUSD""}"
"2961","FLYEUR_1.csv","FLYEUR","1127","reviewed_historical_identity","frozen_historical_registry_current_official_assets","","","FLY/EUR","FLY","ZEUR","FLY","EUR","historical_pair_absent_from_captured_current_assetpairs","True","{""registry_sha256"":""65aaac5993ada762c8498f2fe9c298c00eb7f1f5a0deeea407f8c0cf10562408"",""resolution_method"":""frozen_historical_registry_current_official_assets"",""evidence_class"":""captured_current_official_asset_records_plus_official_archive_member"",""source_member_ordinal"":2961,""official_support_url"":""""}"
"2969","FLYUSD_1.csv","FLYUSD","2377","reviewed_historical_identity","frozen_historical_registry_current_official_assets","","","FLY/USD","FLY","ZUSD","FLY","USD","historical_pair_absent_from_captured_current_assetpairs","True","{""registry_sha256"":""65aaac5993ada762c8498f2fe9c298c00eb7f1f5a0deeea407f8c0cf10562408"",""resolution_method"":""frozen_historical_registry_current_official_assets"",""evidence_class"":""captured_current_official_asset_records_plus_official_archive_member"",""source_member_ordinal"":2969,""official_support_url"":""""}"
"2977","FORTHEUR_1.csv","FORTHEUR","693","official_exact","official_altname_exact","FORTHEUR","FORTHEUR","FORTH/EUR","FORTH","ZEUR","FORTH","EUR","online","True","{""pair_key"":""FORTHEUR"",""match_methods"":[""result_object_key"",""altname"",""wsname_without_separator""],""base"":""FORTH"",""quote"":""ZEUR""}"
"2985","FORTHUSD_1.csv","FORTHUSD","7817","official_exact","official_altname_exact","FORTHUSD","FORTHUSD","FORTH/USD","FORTH","ZUSD","FORTH","USD","online","True","{""pair_key"":""FORTHUSD"",""match_methods"":[""result_object_key"",""altname"",""wsname_without_separator""],""base"":""FORTH"",""quote"":""ZUSD""}"
"2993","FWOGEUR_1.csv","FWOGEUR","15874","official_exact","official_altname_exact","FWOGEUR","FWOGEUR","FWOG/EUR","FWOG","ZEUR","FWOG","EUR","online","True","{""pair_key"":""FWOGEUR"",""match_methods"":[""result_object_key"",""altname"",""wsname_without_separator""],""base"":""FWOG"",""quote"":""ZEUR""}"
"3001","FWOGUSD_1.csv","FWOGUSD","55791","official_exact","official_altname_exact","FWOGUSD","FWOGUSD","FWOG/USD","FWOG","ZUSD","FWOG","USD","online","True","{""pair_key"":""FWOGUSD"",""match_methods"":[""result_object_key"",""altname"",""wsname_without_separator""],""base"":""FWOG"",""quote"":""ZUSD""}"
"3009","FXSEUR_1.csv","FXSEUR","1896","official_exact","official_altname_exact","FXSEUR","FXSEUR","FXS/EUR","FXS","ZEUR","FXS","EUR","online","True","{""pair_key"":""FXSEUR"",""match_methods"":[""result_object_key"",""altname"",""wsname_without_separator""],""base"":""FXS"",""quote"":""ZEUR""}"
"3017","FXSUSD_1.csv","FXSUSD","8309","official_exact","official_altname_exact","FXSUSD","FXSUSD","FXS/USD","FXS","ZUSD","FXS","USD","online","True","{""pair_key"":""FXSUSD"",""match_methods"":[""result_object_key"",""altname"",""wsname_without_separator""],""base"":""FXS"",""quote"":""ZUSD""}"
"3025","GALAEUR_1.csv","GALAEUR","6688","official_exact","official_altname_exact","GALAEUR","GALAEUR","GALA/EUR","GALA","ZEUR","GALA","EUR","online","True","{""pair_key"":""GALAEUR"",""match_methods"":[""result_object_key"",""altname"",""wsname_without_separator""],""base"":""GALA"",""quote"":""ZEUR""}"
"3033","GALAUSD_1.csv","GALAUSD","25441","official_exact","official_altname_exact","GALAUSD","GALAUSD","GALA/USD","GALA","ZUSD","GALA","USD","online","True","{""pair_key"":""GALAUSD"",""match_methods"":[""result_object_key"",""altname"",""wsname_without_separator""],""base"":""GALA"",""quote"":""ZUSD""}"
"3041","GALEUR_1.csv","GALEUR","1964","reviewed_historical_identity","frozen_historical_registry_current_official_assets","","","GAL/EUR","GAL","ZEUR","GAL","EUR","historical_pair_absent_from_captured_current_assetpairs","True","{""registry_sha256"":""65aaac5993ada762c8498f2fe9c298c00eb7f1f5a0deeea407f8c0cf10562408"",""resolution_method"":""frozen_historical_registry_current_official_assets"",""evidence_class"":""captured_current_official_asset_records_plus_official_archive_member"",""source_member_ordinal"":3041,""official_support_url"":""""}"
"3049","GALUSD_1.csv","GALUSD","4666","reviewed_historical_identity","frozen_historical_registry_current_official_assets","","","GAL/USD","GAL","ZUSD","GAL","USD","historical_pair_absent_from_captured_current_assetpairs","True","{""registry_sha256"":""65aaac5993ada762c8498f2fe9c298c00eb7f1f5a0deeea407f8c0cf10562408"",""resolution_method"":""frozen_historical_registry_current_official_assets"",""evidence_class"":""captured_current_official_asset_records_plus_official_archive_member"",""source_member_ordinal"":3049,""official_support_url"":""""}"
"3057","GARIEUR_1.csv","GARIEUR","1403","reviewed_historical_identity","frozen_historical_registry_current_official_assets","","","GARI/EUR","GARI","ZEUR","GARI","EUR","historical_pair_absent_from_captured_current_assetpairs","True","{""registry_sha256"":""65aaac5993ada762c8498f2fe9c298c00eb7f1f5a0deeea407f8c0cf10562408"",""resolution_method"":""frozen_historical_registry_current_official_assets"",""evidence_class"":""captured_current_official_asset_records_plus_official_archive_member"",""source_member_ordinal"":3057,""official_support_url"":""""}"
"3065","GARIUSD_1.csv","GARIUSD","9118","reviewed_historical_identity","frozen_historical_registry_current_official_assets","","","GARI/USD","GARI","ZUSD","GARI","USD","historical_pair_absent_from_captured_current_assetpairs","True","{""registry_sha256"":""65aaac5993ada762c8498f2fe9c298c00eb7f1f5a0deeea407f8c0cf10562408"",""resolution_method"":""frozen_historical_registry_current_official_assets"",""evidence_class"":""captured_current_official_asset_records_plus_official_archive_member"",""source_member_ordinal"":3065,""official_support_url"":""""}"
"3073","GBPUSD_1.csv","GBPUSD","100086","official_exact","official_altname_exact","ZGBPZUSD","GBPUSD","GBP/USD","ZGBP","ZUSD","GBP","USD","online","True","{""pair_key"":""ZGBPZUSD"",""match_methods"":[""altname"",""wsname_without_separator""],""base"":""ZGBP"",""quote"":""ZUSD""}"
"3081","GEUR_1.csv","GEUR","224","reviewed_historical_identity","frozen_historical_registry_current_official_assets","","","G/EUR","G","ZEUR","G","EUR","historical_pair_absent_from_captured_current_assetpairs","True","{""registry_sha256"":""65aaac5993ada762c8498f2fe9c298c00eb7f1f5a0deeea407f8c0cf10562408"",""resolution_method"":""frozen_historical_registry_current_official_assets"",""evidence_class"":""captured_current_official_asset_records_plus_official_archive_member"",""source_member_ordinal"":3081,""official_support_url"":""""}"
"3089","GFIEUR_1.csv","GFIEUR","7078","official_exact","official_altname_exact","GFIEUR","GFIEUR","GFI/EUR","GFI","ZEUR","GFI","EUR","online","True","{""pair_key"":""GFIEUR"",""match_methods"":[""result_object_key"",""altname"",""wsname_without_separator""],""base"":""GFI"",""quote"":""ZEUR""}"
"3097","GFIUSD_1.csv","GFIUSD","16130","official_exact","official_altname_exact","GFIUSD","GFIUSD","GFI/USD","GFI","ZUSD","GFI","USD","online","True","{""pair_key"":""GFIUSD"",""match_methods"":[""result_object_key"",""altname"",""wsname_without_separator""],""base"":""GFI"",""quote"":""ZUSD""}"
"3105","GHIBLIEUR_1.csv","GHIBLIEUR","2425","official_exact","official_altname_exact","GHIBLIEUR","GHIBLIEUR","GHIBLI/EUR","GHIBLI","ZEUR","GHIBLI","EUR","cancel_only","True","{""pair_key"":""GHIBLIEUR"",""match_methods"":[""result_object_key"",""altname"",""wsname_without_separator""],""base"":""GHIBLI"",""quote"":""ZEUR""}"
"3113","GHIBLIUSD_1.csv","GHIBLIUSD","33141","official_exact","official_altname_exact","GHIBLIUSD","GHIBLIUSD","GHIBLI/USD","GHIBLI","ZUSD","GHIBLI","USD","cancel_only","True","{""pair_key"":""GHIBLIUSD"",""match_methods"":[""result_object_key"",""altname"",""wsname_without_separator""],""base"":""GHIBLI"",""quote"":""ZUSD""}"
"3121","GHSTEUR_1.csv","GHSTEUR","492","official_exact","official_altname_exact","GHSTEUR","GHSTEUR","GHST/EUR","GHST","ZEUR","GHST","EUR","online","True","{""pair_key"":""GHSTEUR"",""match_methods"":[""result_object_key"",""altname"",""wsname_without_separator""],""base"":""GHST"",""quote"":""ZEUR""}"
"3129","GHSTUSD_1.csv","GHSTUSD","3665","official_exact","official_altname_exact","GHSTUSD","GHSTUSD","GHST/USD","GHST","ZUSD","GHST","USD","online","True","{""pair_key"":""GHSTUSD"",""match_methods"":[""result_object_key"",""altname"",""wsname_without_separator""],""base"":""GHST"",""quote"":""ZUSD""}"
"3137","GIGAEUR_1.csv","GIGAEUR","5666","official_exact","official_altname_exact","GIGAEUR","GIGAEUR","GIGA/EUR","GIGA","ZEUR","GIGA","EUR","online","True","{""pair_key"":""GIGAEUR"",""match_methods"":[""result_object_key"",""altname"",""wsname_without_separator""],""base"":""GIGA"",""quote"":""ZEUR""}"
"3145","GIGAUSD_1.csv","GIGAUSD","36146","official_exact","official_altname_exact","GIGAUSD","GIGAUSD","GIGA/USD","GIGA","ZUSD","GIGA","USD","online","True","{""pair_key"":""GIGAUSD"",""match_methods"":[""result_object_key"",""altname"",""wsname_without_separator""],""base"":""GIGA"",""quote"":""ZUSD""}"
"3153","GLMREUR_1.csv","GLMREUR","2155","official_exact","official_altname_exact","GLMREUR","GLMREUR","GLMR/EUR","GLMR","ZEUR","GLMR","EUR","online","True","{""pair_key"":""GLMREUR"",""match_methods"":[""result_object_key"",""altname"",""wsname_without_separator""],""base"":""GLMR"",""quote"":""ZEUR""}"
"3161","GLMRUSD_1.csv","GLMRUSD","5606","official_exact","official_altname_exact","GLMRUSD","GLMRUSD","GLMR/USD","GLMR","ZUSD","GLMR","USD","online","True","{""pair_key"":""GLMRUSD"",""match_methods"":[""result_object_key"",""altname"",""wsname_without_separator""],""base"":""GLMR"",""quote"":""ZUSD""}"
"3169","GMTEUR_1.csv","GMTEUR","2029","official_exact","official_altname_exact","GMTEUR","GMTEUR","GMT/EUR","GMT","ZEUR","GMT","EUR","online","True","{""pair_key"":""GMTEUR"",""match_methods"":[""result_object_key"",""altname"",""wsname_without_separator""],""base"":""GMT"",""quote"":""ZEUR""}"
"3177","GMTUSD_1.csv","GMTUSD","5195","official_exact","official_altname_exact","GMTUSD","GMTUSD","GMT/USD","GMT","ZUSD","GMT","USD","online","True","{""pair_key"":""GMTUSD"",""match_methods"":[""result_object_key"",""altname"",""wsname_without_separator""],""base"":""GMT"",""quote"":""ZUSD""}"
"3185","GMXEUR_1.csv","GMXEUR","1233","official_exact","official_altname_exact","GMXEUR","GMXEUR","GMX/EUR","GMX","ZEUR","GMX","EUR","online","True","{""pair_key"":""GMXEUR"",""match_methods"":[""result_object_key"",""altname"",""wsname_without_separator""],""base"":""GMX"",""quote"":""ZEUR""}"
"3193","GMXUSD_1.csv","GMXUSD","3896","official_exact","official_altname_exact","GMXUSD","GMXUSD","GMX/USD","GMX","ZUSD","GMX","USD","online","True","{""pair_key"":""GMXUSD"",""match_methods"":[""result_object_key"",""altname"",""wsname_without_separator""],""base"":""GMX"",""quote"":""ZUSD""}"
"3201","GNOEUR_1.csv","GNOEUR","1088","official_exact","official_altname_exact","GNOEUR","GNOEUR","GNO/EUR","GNO","ZEUR","GNO","EUR","online","True","{""pair_key"":""GNOEUR"",""match_methods"":[""result_object_key"",""altname"",""wsname_without_separator""],""base"":""GNO"",""quote"":""ZEUR""}"
"3209","GNOUSD_1.csv","GNOUSD","17712","official_exact","official_altname_exact","GNOUSD","GNOUSD","GNO/USD","GNO","ZUSD","GNO","USD","online","True","{""pair_key"":""GNOUSD"",""match_methods"":[""result_object_key"",""altname"",""wsname_without_separator""],""base"":""GNO"",""quote"":""ZUSD""}"
"3217","GOATEUR_1.csv","GOATEUR","4110","official_exact","official_altname_exact","GOATEUR","GOATEUR","GOAT/EUR","GOAT","ZEUR","GOAT","EUR","online","True","{""pair_key"":""GOATEUR"",""match_methods"":[""result_object_key"",""altname"",""wsname_without_separator""],""base"":""GOAT"",""quote"":""ZEUR""}"
"3225","GOATUSD_1.csv","GOATUSD","24805","official_exact","official_altname_exact","GOATUSD","GOATUSD","GOAT/USD","GOAT","ZUSD","GOAT","USD","online","True","{""pair_key"":""GOATUSD"",""match_methods"":[""result_object_key"",""altname"",""wsname_without_separator""],""base"":""GOAT"",""quote"":""ZUSD""}"
"3233","GRASSEUR_1.csv","GRASSEUR","1630","official_exact","official_altname_exact","GRASSEUR","GRASSEUR","GRASS/EUR","GRASS","ZEUR","GRASS","EUR","online","True","{""pair_key"":""GRASSEUR"",""match_methods"":[""result_object_key"",""altname"",""wsname_without_separator""],""base"":""GRASS"",""quote"":""ZEUR""}"
"3241","GRASSUSD_1.csv","GRASSUSD","6573","official_exact","official_altname_exact","GRASSUSD","GRASSUSD","GRASS/USD","GRASS","ZUSD","GRASS","USD","online","True","{""pair_key"":""GRASSUSD"",""match_methods"":[""result_object_key"",""altname"",""wsname_without_separator""],""base"":""GRASS"",""quote"":""ZUSD""}"
"3249","GRIFFAINEUR_1.csv","GRIFFAINEUR","5940","official_exact","official_altname_exact","GRIFFAINEUR","GRIFFAINEUR","GRIFFAIN/EUR","GRIFFAIN","ZEUR","GRIFFAIN","EUR","online","True","{""pair_key"":""GRIFFAINEUR"",""match_methods"":[""result_object_key"",""altname"",""wsname_without_separator""],""base"":""GRIFFAIN"",""quote"":""ZEUR""}"
"3257","GRIFFAINUSD_1.csv","GRIFFAINUSD","30376","official_exact","official_altname_exact","GRIFFAINUSD","GRIFFAINUSD","GRIFFAIN/USD","GRIFFAIN","ZUSD","GRIFFAIN","USD","online","True","{""pair_key"":""GRIFFAINUSD"",""match_methods"":[""result_object_key"",""altname"",""wsname_without_separator""],""base"":""GRIFFAIN"",""quote"":""ZUSD""}"
"3265","GRTEUR_1.csv","GRTEUR","11236","official_exact","official_altname_exact","GRTEUR","GRTEUR","GRT/EUR","GRT","ZEUR","GRT","EUR","online","True","{""pair_key"":""GRTEUR"",""match_methods"":[""result_object_key"",""altname"",""wsname_without_separator""],""base"":""GRT"",""quote"":""ZEUR""}"
"3273","GRTGBP_1.csv","GRTGBP","2211","official_exact","official_altname_exact","GRTGBP","GRTGBP","GRT/GBP","GRT","ZGBP","GRT","GBP","online","True","{""pair_key"":""GRTGBP"",""match_methods"":[""result_object_key"",""altname"",""wsname_without_separator""],""base"":""GRT"",""quote"":""ZGBP""}"
"3281","GRTUSD_1.csv","GRTUSD","23986","official_exact","official_altname_exact","GRTUSD","GRTUSD","GRT/USD","GRT","ZUSD","GRT","USD","online","True","{""pair_key"":""GRTUSD"",""match_methods"":[""result_object_key"",""altname"",""wsname_without_separator""],""base"":""GRT"",""quote"":""ZUSD""}"
"3289","GRTXBT_1.csv","GRTXBT","1302","official_exact","official_altname_exact","GRTXBT","GRTXBT","GRT/XBT","GRT","XXBT","GRT","XBT","online","True","{""pair_key"":""GRTXBT"",""match_methods"":[""result_object_key"",""altname"",""wsname_without_separator""],""base"":""GRT"",""quote"":""XXBT""}"
"3297","GSTEUR_1.csv","GSTEUR","2196","official_exact","official_altname_exact","GSTEUR","GSTEUR","GST/EUR","GST","ZEUR","GST","EUR","online","True","{""pair_key"":""GSTEUR"",""match_methods"":[""result_object_key"",""altname"",""wsname_without_separator""],""base"":""GST"",""quote"":""ZEUR""}"
"3305","GSTUSD_1.csv","GSTUSD","11684","official_exact","official_altname_exact","GSTUSD","GSTUSD","GST/USD","GST","ZUSD","GST","USD","online","True","{""pair_key"":""GSTUSD"",""match_methods"":[""result_object_key"",""altname"",""wsname_without_separator""],""base"":""GST"",""quote"":""ZUSD""}"
"3313","GTCEUR_1.csv","GTCEUR","515","official_exact","official_altname_exact","GTCEUR","GTCEUR","GTC/EUR","GTC","ZEUR","GTC","EUR","online","True","{""pair_key"":""GTCEUR"",""match_methods"":[""result_object_key"",""altname"",""wsname_without_separator""],""base"":""GTC"",""quote"":""ZEUR""}"
"3321","GTCUSD_1.csv","GTCUSD","3028","official_exact","official_altname_exact","GTCUSD","GTCUSD","GTC/USD","GTC","ZUSD","GTC","USD","online","True","{""pair_key"":""GTCUSD"",""match_methods"":[""result_object_key"",""altname"",""wsname_without_separator""],""base"":""GTC"",""quote"":""ZUSD""}"
"3329","GUNEUR_1.csv","GUNEUR","969","official_exact","official_altname_exact","GUNEUR","GUNEUR","GUN/EUR","GUN","ZEUR","GUN","EUR","online","True","{""pair_key"":""GUNEUR"",""match_methods"":[""result_object_key"",""altname"",""wsname_without_separator""],""base"":""GUN"",""quote"":""ZEUR""}"
"3337","GUNUSD_1.csv","GUNUSD","36728","official_exact","official_altname_exact","GUNUSD","GUNUSD","GUN/USD","GUN","ZUSD","GUN","USD","online","True","{""pair_key"":""GUNUSD"",""match_methods"":[""result_object_key"",""altname"",""wsname_without_separator""],""base"":""GUN"",""quote"":""ZUSD""}"
"3345","GUSD_1.csv","GUSD","3012","official_exact","official_altname_exact","GUSD","GUSD","G/USD","G","ZUSD","G","USD","online","True","{""pair_key"":""GUSD"",""match_methods"":[""result_object_key"",""altname"",""wsname_without_separator""],""base"":""G"",""quote"":""ZUSD""}"
"3353","HDXEUR_1.csv","HDXEUR","386","official_exact","official_altname_exact","HDXEUR","HDXEUR","HDX/EUR","HDX","ZEUR","HDX","EUR","online","True","{""pair_key"":""HDXEUR"",""match_methods"":[""result_object_key"",""altname"",""wsname_without_separator""],""base"":""HDX"",""quote"":""ZEUR""}"
"3361","HDXUSD_1.csv","HDXUSD","1982","official_exact","official_altname_exact","HDXUSD","HDXUSD","HDX/USD","HDX","ZUSD","HDX","USD","online","True","{""pair_key"":""HDXUSD"",""match_methods"":[""result_object_key"",""altname"",""wsname_without_separator""],""base"":""HDX"",""quote"":""ZUSD""}"
"3369","HFTEUR_1.csv","HFTEUR","1377","official_exact","official_altname_exact","HFTEUR","HFTEUR","HFT/EUR","HFT","ZEUR","HFT","EUR","online","True","{""pair_key"":""HFTEUR"",""match_methods"":[""result_object_key"",""altname"",""wsname_without_separator""],""base"":""HFT"",""quote"":""ZEUR""}"
"3377","HFTUSD_1.csv","HFTUSD","4945","official_exact","official_altname_exact","HFTUSD","HFTUSD","HFT/USD","HFT","ZUSD","HFT","USD","online","True","{""pair_key"":""HFTUSD"",""match_methods"":[""result_object_key"",""altname"",""wsname_without_separator""],""base"":""HFT"",""quote"":""ZUSD""}"
"3385","HIPPOEUR_1.csv","HIPPOEUR","322","official_exact","official_altname_exact","HIPPOEUR","HIPPOEUR","HIPPO/EUR","HIPPO","ZEUR","HIPPO","EUR","cancel_only","True","{""pair_key"":""HIPPOEUR"",""match_methods"":[""result_object_key"",""altname"",""wsname_without_separator""],""base"":""HIPPO"",""quote"":""ZEUR""}"
"3393","HIPPOUSD_1.csv","HIPPOUSD","2739","official_exact","official_altname_exact","HIPPOUSD","HIPPOUSD","HIPPO/USD","HIPPO","ZUSD","HIPPO","USD","cancel_only","True","{""pair_key"":""HIPPOUSD"",""match_methods"":[""result_object_key"",""altname"",""wsname_without_separator""],""base"":""HIPPO"",""quote"":""ZUSD""}"
"3401","HMSTREUR_1.csv","HMSTREUR","635","official_exact","official_altname_exact","HMSTREUR","HMSTREUR","HMSTR/EUR","HMSTR","ZEUR","HMSTR","EUR","online","True","{""pair_key"":""HMSTREUR"",""match_methods"":[""result_object_key"",""altname"",""wsname_without_separator""],""base"":""HMSTR"",""quote"":""ZEUR""}"
"3409","HMSTRUSD_1.csv","HMSTRUSD","1324","official_exact","official_altname_exact","HMSTRUSD","HMSTRUSD","HMSTR/USD","HMSTR","ZUSD","HMSTR","USD","online","True","{""pair_key"":""HMSTRUSD"",""match_methods"":[""result_object_key"",""altname"",""wsname_without_separator""],""base"":""HMSTR"",""quote"":""ZUSD""}"
"3417","HNTEUR_1.csv","HNTEUR","2798","official_exact","official_altname_exact","HNTEUR","HNTEUR","HNT/EUR","HNT","ZEUR","HNT","EUR","online","True","{""pair_key"":""HNTEUR"",""match_methods"":[""result_object_key"",""altname"",""wsname_without_separator""],""base"":""HNT"",""quote"":""ZEUR""}"
"3425","HNTUSD_1.csv","HNTUSD","19715","official_exact","official_altname_exact","HNTUSD","HNTUSD","HNT/USD","HNT","ZUSD","HNT","USD","online","True","{""pair_key"":""HNTUSD"",""match_methods"":[""result_object_key"",""altname"",""wsname_without_separator""],""base"":""HNT"",""quote"":""ZUSD""}"
"3433","HONEYEUR_1.csv","HONEYEUR","8738","official_exact","official_altname_exact","HONEYEUR","HONEYEUR","HONEY/EUR","HONEY","ZEUR","HONEY","EUR","online","True","{""pair_key"":""HONEYEUR"",""match_methods"":[""result_object_key"",""altname"",""wsname_without_separator""],""base"":""HONEY"",""quote"":""ZEUR""}"
"3441","HONEYUSD_1.csv","HONEYUSD","19341","official_exact","official_altname_exact","HONEYUSD","HONEYUSD","HONEY/USD","HONEY","ZUSD","HONEY","USD","online","True","{""pair_key"":""HONEYUSD"",""match_methods"":[""result_object_key"",""altname"",""wsname_without_separator""],""base"":""HONEY"",""quote"":""ZUSD""}"
"3449","HPOS10IEUR_1.csv","HPOS10IEUR","821","official_exact","official_altname_exact","HPOS10IEUR","HPOS10IEUR","HPOS10I/EUR","HPOS10I","ZEUR","HPOS10I","EUR","online","True","{""pair_key"":""HPOS10IEUR"",""match_methods"":[""result_object_key"",""altname"",""wsname_without_separator""],""base"":""HPOS10I"",""quote"":""ZEUR""}"
"3457","HPOS10IUSD_1.csv","HPOS10IUSD","3937","official_exact","official_altname_exact","HPOS10IUSD","HPOS10IUSD","HPOS10I/USD","HPOS10I","ZUSD","HPOS10I","USD","online","True","{""pair_key"":""HPOS10IUSD"",""match_methods"":[""result_object_key"",""altname"",""wsname_without_separator""],""base"":""HPOS10I"",""quote"":""ZUSD""}"
"3465","ICPEUR_1.csv","ICPEUR","7772","official_exact","official_altname_exact","ICPEUR","ICPEUR","ICP/EUR","ICP","ZEUR","ICP","EUR","online","True","{""pair_key"":""ICPEUR"",""match_methods"":[""result_object_key"",""altname"",""wsname_without_separator""],""base"":""ICP"",""quote"":""ZEUR""}"
"3473","ICPUSD_1.csv","ICPUSD","37120","official_exact","official_altname_exact","ICPUSD","ICPUSD","ICP/USD","ICP","ZUSD","ICP","USD","online","True","{""pair_key"":""ICPUSD"",""match_methods"":[""result_object_key"",""altname"",""wsname_without_separator""],""base"":""ICP"",""quote"":""ZUSD""}"
"3481","ICXEUR_1.csv","ICXEUR","19552","reviewed_historical_identity","frozen_historical_registry_official_pair_support_record","","","ICX/EUR","ICX","ZEUR","ICX","EUR","historical_pair_absent_from_captured_current_assetpairs","True","{""registry_sha256"":""65aaac5993ada762c8498f2fe9c298c00eb7f1f5a0deeea407f8c0cf10562408"",""resolution_method"":""frozen_historical_registry_official_pair_support_record"",""evidence_class"":""official_archive_member_plus_kraken_support_pair_listing"",""source_member_ordinal"":3481,""official_support_url"":""https://support.kraken.com/articles/4521313131540-price-decimal-precision""}"
"3489","ICXUSD_1.csv","ICXUSD","21667","reviewed_historical_identity","frozen_historical_registry_official_pair_support_record","","","ICX/USD","ICX","ZUSD","ICX","USD","historical_pair_absent_from_captured_current_assetpairs","True","{""registry_sha256"":""65aaac5993ada762c8498f2fe9c298c00eb7f1f5a0deeea407f8c0cf10562408"",""resolution_method"":""frozen_historical_registry_official_pair_support_record"",""evidence_class"":""official_archive_member_plus_kraken_support_pair_listing"",""source_member_ordinal"":3489,""official_support_url"":""https://support.kraken.com/articles/4521313131540-price-decimal-precision""}"
"3497","IDEXEUR_1.csv","IDEXEUR","193","official_exact","official_altname_exact","IDEXEUR","IDEXEUR","IDEX/EUR","IDEX","ZEUR","IDEX","EUR","online","True","{""pair_key"":""IDEXEUR"",""match_methods"":[""result_object_key"",""altname"",""wsname_without_separator""],""base"":""IDEX"",""quote"":""ZEUR""}"
"3505","IDEXUSD_1.csv","IDEXUSD","2527","official_exact","official_altname_exact","IDEXUSD","IDEXUSD","IDEX/USD","IDEX","ZUSD","IDEX","USD","online","True","{""pair_key"":""IDEXUSD"",""match_methods"":[""result_object_key"",""altname"",""wsname_without_separator""],""base"":""IDEX"",""quote"":""ZUSD""}"
"3513","IMXEUR_1.csv","IMXEUR","14018","official_exact","official_altname_exact","IMXEUR","IMXEUR","IMX/EUR","IMX","ZEUR","IMX","EUR","online","True","{""pair_key"":""IMXEUR"",""match_methods"":[""result_object_key"",""altname"",""wsname_without_separator""],""base"":""IMX"",""quote"":""ZEUR""}"
"3521","IMXUSD_1.csv","IMXUSD","28256","official_exact","official_altname_exact","IMXUSD","IMXUSD","IMX/USD","IMX","ZUSD","IMX","USD","online","True","{""pair_key"":""IMXUSD"",""match_methods"":[""result_object_key"",""altname"",""wsname_without_separator""],""base"":""IMX"",""quote"":""ZUSD""}"
"3529","INITEUR_1.csv","INITEUR","2279","official_exact","official_altname_exact","INITEUR","INITEUR","INIT/EUR","INIT","ZEUR","INIT","EUR","online","True","{""pair_key"":""INITEUR"",""match_methods"":[""result_object_key"",""altname"",""wsname_without_separator""],""base"":""INIT"",""quote"":""ZEUR""}"
"3537","INITUSD_1.csv","INITUSD","22953","official_exact","official_altname_exact","INITUSD","INITUSD","INIT/USD","INIT","ZUSD","INIT","USD","online","True","{""pair_key"":""INITUSD"",""match_methods"":[""result_object_key"",""altname"",""wsname_without_separator""],""base"":""INIT"",""quote"":""ZUSD""}"
"3545","INJEUR_1.csv","INJEUR","13256","official_exact","official_altname_exact","INJEUR","INJEUR","INJ/EUR","INJ","ZEUR","INJ","EUR","online","True","{""pair_key"":""INJEUR"",""match_methods"":[""result_object_key"",""altname"",""wsname_without_separator""],""base"":""INJ"",""quote"":""ZEUR""}"
"3553","INJUSD_1.csv","INJUSD","39696","official_exact","official_altname_exact","INJUSD","INJUSD","INJ/USD","INJ","ZUSD","INJ","USD","online","True","{""pair_key"":""INJUSD"",""match_methods"":[""result_object_key"",""altname"",""wsname_without_separator""],""base"":""INJ"",""quote"":""ZUSD""}"
"3561","INTREUR_1.csv","INTREUR","296","reviewed_historical_identity","frozen_historical_registry_current_official_assets","","","INTR/EUR","INTR","ZEUR","INTR","EUR","historical_pair_absent_from_captured_current_assetpairs","True","{""registry_sha256"":""65aaac5993ada762c8498f2fe9c298c00eb7f1f5a0deeea407f8c0cf10562408"",""resolution_method"":""frozen_historical_registry_current_official_assets"",""evidence_class"":""captured_current_official_asset_records_plus_official_archive_member"",""source_member_ordinal"":3561,""official_support_url"":""""}"
"3569","INTRUSD_1.csv","INTRUSD","536","reviewed_historical_identity","frozen_historical_registry_current_official_assets","","","INTR/USD","INTR","ZUSD","INTR","USD","historical_pair_absent_from_captured_current_assetpairs","True","{""registry_sha256"":""65aaac5993ada762c8498f2fe9c298c00eb7f1f5a0deeea407f8c0cf10562408"",""resolution_method"":""frozen_historical_registry_current_official_assets"",""evidence_class"":""captured_current_official_asset_records_plus_official_archive_member"",""source_member_ordinal"":3569,""official_support_url"":""""}"
"3577","IPEUR_1.csv","IPEUR","1696","official_exact","official_altname_exact","IPEUR","IPEUR","IP/EUR","IP","ZEUR","IP","EUR","online","True","{""pair_key"":""IPEUR"",""match_methods"":[""result_object_key"",""altname"",""wsname_without_separator""],""base"":""IP"",""quote"":""ZEUR""}"
"3585","IPUSD_1.csv","IPUSD","6040","official_exact","official_altname_exact","IPUSD","IPUSD","IP/USD","IP","ZUSD","IP","USD","online","True","{""pair_key"":""IPUSD"",""match_methods"":[""result_object_key"",""altname"",""wsname_without_separator""],""base"":""IP"",""quote"":""ZUSD""}"
"3593","JAILSTOOLEUR_1.csv","JAILSTOOLEUR","1134","reviewed_historical_identity","frozen_historical_registry_current_official_assets","","","JAILSTOOL/EUR","JAILSTOOL","ZEUR","JAILSTOOL","EUR","historical_pair_absent_from_captured_current_assetpairs","True","{""registry_sha256"":""65aaac5993ada762c8498f2fe9c298c00eb7f1f5a0deeea407f8c0cf10562408"",""resolution_method"":""frozen_historical_registry_current_official_assets"",""evidence_class"":""captured_current_official_asset_records_plus_official_archive_member"",""source_member_ordinal"":3593,""official_support_url"":""""}"
"3601","JAILSTOOLUSD_1.csv","JAILSTOOLUSD","19021","official_exact","official_altname_exact","JAILSTOOLUSD","JAILSTOOLUSD","JAILSTOOL/USD","JAILSTOOL","ZUSD","JAILSTOOL","USD","online","True","{""pair_key"":""JAILSTOOLUSD"",""match_methods"":[""result_object_key"",""altname"",""wsname_without_separator""],""base"":""JAILSTOOL"",""quote"":""ZUSD""}"
"3609","JASMYEUR_1.csv","JASMYEUR","8349","official_exact","official_altname_exact","JASMYEUR","JASMYEUR","JASMY/EUR","JASMY","ZEUR","JASMY","EUR","online","True","{""pair_key"":""JASMYEUR"",""match_methods"":[""result_object_key"",""altname"",""wsname_without_separator""],""base"":""JASMY"",""quote"":""ZEUR""}"
"3617","JASMYUSD_1.csv","JASMYUSD","32464","official_exact","official_altname_exact","JASMYUSD","JASMYUSD","JASMY/USD","JASMY","ZUSD","JASMY","USD","online","True","{""pair_key"":""JASMYUSD"",""match_methods"":[""result_object_key"",""altname"",""wsname_without_separator""],""base"":""JASMY"",""quote"":""ZUSD""}"
"3625","JITOSOLEUR_1.csv","JITOSOLEUR","44","official_exact","official_altname_exact","JITOSOLEUR","JITOSOLEUR","JITOSOL/EUR","JITOSOL","ZEUR","JITOSOL","EUR","online","True","{""pair_key"":""JITOSOLEUR"",""match_methods"":[""result_object_key"",""altname"",""wsname_without_separator""],""base"":""JITOSOL"",""quote"":""ZEUR""}"
"3633","JITOSOLSOL_1.csv","JITOSOLSOL","17","official_exact","official_altname_exact","JITOSOLSOL","JITOSOLSOL","JITOSOL/SOL","JITOSOL","SOL","JITOSOL","SOL","online","True","{""pair_key"":""JITOSOLSOL"",""match_methods"":[""result_object_key"",""altname"",""wsname_without_separator""],""base"":""JITOSOL"",""quote"":""SOL""}"
"3641","JITOSOLUSD_1.csv","JITOSOLUSD","86","official_exact","official_altname_exact","JITOSOLUSD","JITOSOLUSD","JITOSOL/USD","JITOSOL","ZUSD","JITOSOL","USD","online","True","{""pair_key"":""JITOSOLUSD"",""match_methods"":[""result_object_key"",""altname"",""wsname_without_separator""],""base"":""JITOSOL"",""quote"":""ZUSD""}"
"3649","JSTEUR_1.csv","JSTEUR","1696","official_exact","official_altname_exact","JSTEUR","JSTEUR","JST/EUR","JST","ZEUR","JST","EUR","online","True","{""pair_key"":""JSTEUR"",""match_methods"":[""result_object_key"",""altname"",""wsname_without_separator""],""base"":""JST"",""quote"":""ZEUR""}"
"3657","JSTUSD_1.csv","JSTUSD","3616","official_exact","official_altname_exact","JSTUSD","JSTUSD","JST/USD","JST","ZUSD","JST","USD","online","True","{""pair_key"":""JSTUSD"",""match_methods"":[""result_object_key"",""altname"",""wsname_without_separator""],""base"":""JST"",""quote"":""ZUSD""}"
"3665","JTOEUR_1.csv","JTOEUR","1899","official_exact","official_altname_exact","JTOEUR","JTOEUR","JTO/EUR","JTO","ZEUR","JTO","EUR","online","True","{""pair_key"":""JTOEUR"",""match_methods"":[""result_object_key"",""altname"",""wsname_without_separator""],""base"":""JTO"",""quote"":""ZEUR""}"
"3673","JTOUSD_1.csv","JTOUSD","8256","official_exact","official_altname_exact","JTOUSD","JTOUSD","JTO/USD","JTO","ZUSD","JTO","USD","online","True","{""pair_key"":""JTOUSD"",""match_methods"":[""result_object_key"",""altname"",""wsname_without_separator""],""base"":""JTO"",""quote"":""ZUSD""}"
"3681","JUNOEUR_1.csv","JUNOEUR","1561","official_exact","official_altname_exact","JUNOEUR","JUNOEUR","JUNO/EUR","JUNO","ZEUR","JUNO","EUR","online","True","{""pair_key"":""JUNOEUR"",""match_methods"":[""result_object_key"",""altname"",""wsname_without_separator""],""base"":""JUNO"",""quote"":""ZEUR""}"
"3689","JUNOUSD_1.csv","JUNOUSD","10003","official_exact","official_altname_exact","JUNOUSD","JUNOUSD","JUNO/USD","JUNO","ZUSD","JUNO","USD","online","True","{""pair_key"":""JUNOUSD"",""match_methods"":[""result_object_key"",""altname"",""wsname_without_separator""],""base"":""JUNO"",""quote"":""ZUSD""}"
"3697","JUPEUR_1.csv","JUPEUR","6437","official_exact","official_altname_exact","JUPEUR","JUPEUR","JUP/EUR","JUP","ZEUR","JUP","EUR","online","True","{""pair_key"":""JUPEUR"",""match_methods"":[""result_object_key"",""altname"",""wsname_without_separator""],""base"":""JUP"",""quote"":""ZEUR""}"
"3705","JUPUSD_1.csv","JUPUSD","30402","official_exact","official_altname_exact","JUPUSD","JUPUSD","JUP/USD","JUP","ZUSD","JUP","USD","online","True","{""pair_key"":""JUPUSD"",""match_methods"":[""result_object_key"",""altname"",""wsname_without_separator""],""base"":""JUP"",""quote"":""ZUSD""}"
"3713","KAITOEUR_1.csv","KAITOEUR","34549","official_exact","official_altname_exact","KAITOEUR","KAITOEUR","KAITO/EUR","KAITO","ZEUR","KAITO","EUR","online","True","{""pair_key"":""KAITOEUR"",""match_methods"":[""result_object_key"",""altname"",""wsname_without_separator""],""base"":""KAITO"",""quote"":""ZEUR""}"
"3721","KAITOUSD_1.csv","KAITOUSD","41251","official_exact","official_altname_exact","KAITOUSD","KAITOUSD","KAITO/USD","KAITO","ZUSD","KAITO","USD","online","True","{""pair_key"":""KAITOUSD"",""match_methods"":[""result_object_key"",""altname"",""wsname_without_separator""],""base"":""KAITO"",""quote"":""ZUSD""}"
"3729","KAREUR_1.csv","KAREUR","1998","reviewed_historical_identity","frozen_historical_registry_current_official_assets","","","KAR/EUR","KAR","ZEUR","KAR","EUR","historical_pair_absent_from_captured_current_assetpairs","True","{""registry_sha256"":""65aaac5993ada762c8498f2fe9c298c00eb7f1f5a0deeea407f8c0cf10562408"",""resolution_method"":""frozen_historical_registry_current_official_assets"",""evidence_class"":""captured_current_official_asset_records_plus_official_archive_member"",""source_member_ordinal"":3729,""official_support_url"":""""}"
"3737","KARUSD_1.csv","KARUSD","5663","reviewed_historical_identity","frozen_historical_registry_current_official_assets","","","KAR/USD","KAR","ZUSD","KAR","USD","historical_pair_absent_from_captured_current_assetpairs","True","{""registry_sha256"":""65aaac5993ada762c8498f2fe9c298c00eb7f1f5a0deeea407f8c0cf10562408"",""resolution_method"":""frozen_historical_registry_current_official_assets"",""evidence_class"":""captured_current_official_asset_records_plus_official_archive_member"",""source_member_ordinal"":3737,""official_support_url"":""""}"
"3745","KASEUR_1.csv","KASEUR","21526","official_exact","official_altname_exact","KASEUR","KASEUR","KAS/EUR","KAS","ZEUR","KAS","EUR","online","True","{""pair_key"":""KASEUR"",""match_methods"":[""result_object_key"",""altname"",""wsname_without_separator""],""base"":""KAS"",""quote"":""ZEUR""}"
"3753","KASUSD_1.csv","KASUSD","79768","official_exact","official_altname_exact","KASUSD","KASUSD","KAS/USD","KAS","ZUSD","KAS","USD","online","True","{""pair_key"":""KASUSD"",""match_methods"":[""result_object_key"",""altname"",""wsname_without_separator""],""base"":""KAS"",""quote"":""ZUSD""}"
"3761","KAVAEUR_1.csv","KAVAEUR","4633","official_exact","official_altname_exact","KAVAEUR","KAVAEUR","KAVA/EUR","KAVA","ZEUR","KAVA","EUR","online","True","{""pair_key"":""KAVAEUR"",""match_methods"":[""result_object_key"",""altname"",""wsname_without_separator""],""base"":""KAVA"",""quote"":""ZEUR""}"
"3769","KAVAUSD_1.csv","KAVAUSD","11718","official_exact","official_altname_exact","KAVAUSD","KAVAUSD","KAVA/USD","KAVA","ZUSD","KAVA","USD","online","True","{""pair_key"":""KAVAUSD"",""match_methods"":[""result_object_key"",""altname"",""wsname_without_separator""],""base"":""KAVA"",""quote"":""ZUSD""}"
"3777","KERNELEUR_1.csv","KERNELEUR","3508","official_exact","official_altname_exact","KERNELEUR","KERNELEUR","KERNEL/EUR","KERNEL","ZEUR","KERNEL","EUR","online","True","{""pair_key"":""KERNELEUR"",""match_methods"":[""result_object_key"",""altname"",""wsname_without_separator""],""base"":""KERNEL"",""quote"":""ZEUR""}"
"3785","KERNELUSD_1.csv","KERNELUSD","7104","official_exact","official_altname_exact","KERNELUSD","KERNELUSD","KERNEL/USD","KERNEL","ZUSD","KERNEL","USD","online","True","{""pair_key"":""KERNELUSD"",""match_methods"":[""result_object_key"",""altname"",""wsname_without_separator""],""base"":""KERNEL"",""quote"":""ZUSD""}"
"3793","KEUR_1.csv","KEUR","224","reviewed_historical_identity","frozen_historical_registry_current_official_assets","","","K/EUR","K","ZEUR","K","EUR","historical_pair_absent_from_captured_current_assetpairs","True","{""registry_sha256"":""65aaac5993ada762c8498f2fe9c298c00eb7f1f5a0deeea407f8c0cf10562408"",""resolution_method"":""frozen_historical_registry_current_official_assets"",""evidence_class"":""captured_current_official_asset_records_plus_official_archive_member"",""source_member_ordinal"":3793,""official_support_url"":""""}"
"3801","KEYEUR_1.csv","KEYEUR","3396","official_exact","official_altname_exact","KEYEUR","KEYEUR","KEY/EUR","KEY","ZEUR","KEY","EUR","cancel_only","True","{""pair_key"":""KEYEUR"",""match_methods"":[""result_object_key"",""altname"",""wsname_without_separator""],""base"":""KEY"",""quote"":""ZEUR""}"
"3809","KEYUSD_1.csv","KEYUSD","15806","official_exact","official_altname_exact","KEYUSD","KEYUSD","KEY/USD","KEY","ZUSD","KEY","USD","cancel_only","True","{""pair_key"":""KEYUSD"",""match_methods"":[""result_object_key"",""altname"",""wsname_without_separator""],""base"":""KEY"",""quote"":""ZUSD""}"
"3817","KILTEUR_1.csv","KILTEUR","1618","reviewed_historical_identity","frozen_historical_registry_current_official_assets","","","KILT/EUR","KILT","ZEUR","KILT","EUR","historical_pair_absent_from_captured_current_assetpairs","True","{""registry_sha256"":""65aaac5993ada762c8498f2fe9c298c00eb7f1f5a0deeea407f8c0cf10562408"",""resolution_method"":""frozen_historical_registry_current_official_assets"",""evidence_class"":""captured_current_official_asset_records_plus_official_archive_member"",""source_member_ordinal"":3817,""official_support_url"":""""}"
"3825","KILTUSD_1.csv","KILTUSD","2773","reviewed_historical_identity","frozen_historical_registry_current_official_assets","","","KILT/USD","KILT","ZUSD","KILT","USD","historical_pair_absent_from_captured_current_assetpairs","True","{""registry_sha256"":""65aaac5993ada762c8498f2fe9c298c00eb7f1f5a0deeea407f8c0cf10562408"",""resolution_method"":""frozen_historical_registry_current_official_assets"",""evidence_class"":""captured_current_official_asset_records_plus_official_archive_member"",""source_member_ordinal"":3825,""official_support_url"":""""}"
"3833","KINEUR_1.csv","KINEUR","5321","official_exact","official_altname_exact","KINEUR","KINEUR","KIN/EUR","KIN","ZEUR","KIN","EUR","cancel_only","True","{""pair_key"":""KINEUR"",""match_methods"":[""result_object_key"",""altname"",""wsname_without_separator""],""base"":""KIN"",""quote"":""ZEUR""}"
"3841","KINTEUR_1.csv","KINTEUR","1026","reviewed_historical_identity","frozen_historical_registry_current_official_assets","","","KINT/EUR","KINT","ZEUR","KINT","EUR","historical_pair_absent_from_captured_current_assetpairs","True","{""registry_sha256"":""65aaac5993ada762c8498f2fe9c298c00eb7f1f5a0deeea407f8c0cf10562408"",""resolution_method"":""frozen_historical_registry_current_official_assets"",""evidence_class"":""captured_current_official_asset_records_plus_official_archive_member"",""source_member_ordinal"":3841,""official_support_url"":""""}"
"3849","KINTUSD_1.csv","KINTUSD","4010","reviewed_historical_identity","frozen_historical_registry_current_official_assets","","","KINT/USD","KINT","ZUSD","KINT","USD","historical_pair_absent_from_captured_current_assetpairs","True","{""registry_sha256"":""65aaac5993ada762c8498f2fe9c298c00eb7f1f5a0deeea407f8c0cf10562408"",""resolution_method"":""frozen_historical_registry_current_official_assets"",""evidence_class"":""captured_current_official_asset_records_plus_official_archive_member"",""source_member_ordinal"":3849,""official_support_url"":""""}"
"3857","KINUSD_1.csv","KINUSD","7957","official_exact","official_altname_exact","KINUSD","KINUSD","KIN/USD","KIN","ZUSD","KIN","USD","cancel_only","True","{""pair_key"":""KINUSD"",""match_methods"":[""result_object_key"",""altname"",""wsname_without_separator""],""base"":""KIN"",""quote"":""ZUSD""}"
"3865","KMNOEUR_1.csv","KMNOEUR","2478","official_exact","official_altname_exact","KMNOEUR","KMNOEUR","KMNO/EUR","KMNO","ZEUR","KMNO","EUR","online","True","{""pair_key"":""KMNOEUR"",""match_methods"":[""result_object_key"",""altname"",""wsname_without_separator""],""base"":""KMNO"",""quote"":""ZEUR""}"
"3873","KMNOUSD_1.csv","KMNOUSD","5941","official_exact","official_altname_exact","KMNOUSD","KMNOUSD","KMNO/USD","KMNO","ZUSD","KMNO","USD","online","True","{""pair_key"":""KMNOUSD"",""match_methods"":[""result_object_key"",""altname"",""wsname_without_separator""],""base"":""KMNO"",""quote"":""ZUSD""}"
"3881","KNCEUR_1.csv","KNCEUR","1235","official_exact","official_altname_exact","KNCEUR","KNCEUR","KNC/EUR","KNC","ZEUR","KNC","EUR","online","True","{""pair_key"":""KNCEUR"",""match_methods"":[""result_object_key"",""altname"",""wsname_without_separator""],""base"":""KNC"",""quote"":""ZEUR""}"
"3889","KNCUSD_1.csv","KNCUSD","2501","official_exact","official_altname_exact","KNCUSD","KNCUSD","KNC/USD","KNC","ZUSD","KNC","USD","online","True","{""pair_key"":""KNCUSD"",""match_methods"":[""result_object_key"",""altname"",""wsname_without_separator""],""base"":""KNC"",""quote"":""ZUSD""}"
"3897","KOBANEUR_1.csv","KOBANEUR","256","official_exact","official_altname_exact","KOBANEUR","KOBANEUR","KOBAN/EUR","KOBAN","ZEUR","KOBAN","EUR","cancel_only","True","{""pair_key"":""KOBANEUR"",""match_methods"":[""result_object_key"",""altname"",""wsname_without_separator""],""base"":""KOBAN"",""quote"":""ZEUR""}"
"3905","KOBANUSD_1.csv","KOBANUSD","2111","official_exact","official_altname_exact","KOBANUSD","KOBANUSD","KOBAN/USD","KOBAN","ZUSD","KOBAN","USD","cancel_only","True","{""pair_key"":""KOBANUSD"",""match_methods"":[""result_object_key"",""altname"",""wsname_without_separator""],""base"":""KOBAN"",""quote"":""ZUSD""}"
"3913","KP3REUR_1.csv","KP3REUR","1157","official_exact","official_altname_exact","KP3REUR","KP3REUR","KP3R/EUR","KP3R","ZEUR","KP3R","EUR","cancel_only","True","{""pair_key"":""KP3REUR"",""match_methods"":[""result_object_key"",""altname"",""wsname_without_separator""],""base"":""KP3R"",""quote"":""ZEUR""}"
"3921","KP3RUSD_1.csv","KP3RUSD","4299","official_exact","official_altname_exact","KP3RUSD","KP3RUSD","KP3R/USD","KP3R","ZUSD","KP3R","USD","cancel_only","True","{""pair_key"":""KP3RUSD"",""match_methods"":[""result_object_key"",""altname"",""wsname_without_separator""],""base"":""KP3R"",""quote"":""ZUSD""}"
"3929","KSMEUR_1.csv","KSMEUR","9453","official_exact","official_altname_exact","KSMEUR","KSMEUR","KSM/EUR","KSM","ZEUR","KSM","EUR","online","True","{""pair_key"":""KSMEUR"",""match_methods"":[""result_object_key"",""altname"",""wsname_without_separator""],""base"":""KSM"",""quote"":""ZEUR""}"
"3937","KSMGBP_1.csv","KSMGBP","1487","official_exact","official_altname_exact","KSMGBP","KSMGBP","KSM/GBP","KSM","ZGBP","KSM","GBP","online","True","{""pair_key"":""KSMGBP"",""match_methods"":[""result_object_key"",""altname"",""wsname_without_separator""],""base"":""KSM"",""quote"":""ZGBP""}"
"3945","KSMUSD_1.csv","KSMUSD","24784","official_exact","official_altname_exact","KSMUSD","KSMUSD","KSM/USD","KSM","ZUSD","KSM","USD","online","True","{""pair_key"":""KSMUSD"",""match_methods"":[""result_object_key"",""altname"",""wsname_without_separator""],""base"":""KSM"",""quote"":""ZUSD""}"
"3953","KUSD_1.csv","KUSD","1264","reviewed_historical_identity","frozen_historical_registry_current_official_assets","","","K/USD","K","ZUSD","K","USD","historical_pair_absent_from_captured_current_assetpairs","True","{""registry_sha256"":""65aaac5993ada762c8498f2fe9c298c00eb7f1f5a0deeea407f8c0cf10562408"",""resolution_method"":""frozen_historical_registry_current_official_assets"",""evidence_class"":""captured_current_official_asset_records_plus_official_archive_member"",""source_member_ordinal"":3953,""official_support_url"":""""}"
"3961","L3EUR_1.csv","L3EUR","1095","reviewed_historical_identity","frozen_historical_registry_current_official_assets","","","L3/EUR","L3","ZEUR","L3","EUR","historical_pair_absent_from_captured_current_assetpairs","True","{""registry_sha256"":""65aaac5993ada762c8498f2fe9c298c00eb7f1f5a0deeea407f8c0cf10562408"",""resolution_method"":""frozen_historical_registry_current_official_assets"",""evidence_class"":""captured_current_official_asset_records_plus_official_archive_member"",""source_member_ordinal"":3961,""official_support_url"":""""}"
"3969","L3USD_1.csv","L3USD","13279","official_exact","official_altname_exact","L3USD","L3USD","L3/USD","L3","ZUSD","L3","USD","online","True","{""pair_key"":""L3USD"",""match_methods"":[""result_object_key"",""altname"",""wsname_without_separator""],""base"":""L3"",""quote"":""ZUSD""}"
"3977","LAYEREUR_1.csv","LAYEREUR","1844","official_exact","official_altname_exact","LAYEREUR","LAYEREUR","LAYER/EUR","LAYER","ZEUR","LAYER","EUR","online","True","{""pair_key"":""LAYEREUR"",""match_methods"":[""result_object_key"",""altname"",""wsname_without_separator""],""base"":""LAYER"",""quote"":""ZEUR""}"
"3985","LAYERUSD_1.csv","LAYERUSD","8976","official_exact","official_altname_exact","LAYERUSD","LAYERUSD","LAYER/USD","LAYER","ZUSD","LAYER","USD","online","True","{""pair_key"":""LAYERUSD"",""match_methods"":[""result_object_key"",""altname"",""wsname_without_separator""],""base"":""LAYER"",""quote"":""ZUSD""}"
"3993","LCXEUR_1.csv","LCXEUR","4283","official_exact","official_altname_exact","LCXEUR","LCXEUR","LCX/EUR","LCX","ZEUR","LCX","EUR","online","True","{""pair_key"":""LCXEUR"",""match_methods"":[""result_object_key"",""altname"",""wsname_without_separator""],""base"":""LCX"",""quote"":""ZEUR""}"
"4001","LCXUSD_1.csv","LCXUSD","14764","official_exact","official_altname_exact","LCXUSD","LCXUSD","LCX/USD","LCX","ZUSD","LCX","USD","online","True","{""pair_key"":""LCXUSD"",""match_methods"":[""result_object_key"",""altname"",""wsname_without_separator""],""base"":""LCX"",""quote"":""ZUSD""}"
"4009","LDOEUR_1.csv","LDOEUR","5925","official_exact","official_altname_exact","LDOEUR","LDOEUR","LDO/EUR","LDO","ZEUR","LDO","EUR","online","True","{""pair_key"":""LDOEUR"",""match_methods"":[""result_object_key"",""altname"",""wsname_without_separator""],""base"":""LDO"",""quote"":""ZEUR""}"
"4017","LDOUSD_1.csv","LDOUSD","19514","official_exact","official_altname_exact","LDOUSD","LDOUSD","LDO/USD","LDO","ZUSD","LDO","USD","online","True","{""pair_key"":""LDOUSD"",""match_methods"":[""result_object_key"",""altname"",""wsname_without_separator""],""base"":""LDO"",""quote"":""ZUSD""}"
"4025","LINKAUD_1.csv","LINKAUD","1853","official_exact","official_altname_exact","LINKAUD","LINKAUD","LINK/AUD","LINK","ZAUD","LINK","AUD","online","True","{""pair_key"":""LINKAUD"",""match_methods"":[""result_object_key"",""altname"",""wsname_without_separator""],""base"":""LINK"",""quote"":""ZAUD""}"
"4033","LINKETH_1.csv","LINKETH","2792","official_exact","official_altname_exact","LINKETH","LINKETH","LINK/ETH","LINK","XETH","LINK","ETH","online","True","{""pair_key"":""LINKETH"",""match_methods"":[""result_object_key"",""altname"",""wsname_without_separator""],""base"":""LINK"",""quote"":""XETH""}"
"4041","LINKEUR_1.csv","LINKEUR","40417","official_exact","official_altname_exact","LINKEUR","LINKEUR","LINK/EUR","LINK","ZEUR","LINK","EUR","online","True","{""pair_key"":""LINKEUR"",""match_methods"":[""result_object_key"",""altname"",""wsname_without_separator""],""base"":""LINK"",""quote"":""ZEUR""}"
"4049","LINKGBP_1.csv","LINKGBP","8444","official_exact","official_altname_exact","LINKGBP","LINKGBP","LINK/GBP","LINK","ZGBP","LINK","GBP","online","True","{""pair_key"":""LINKGBP"",""match_methods"":[""result_object_key"",""altname"",""wsname_without_separator""],""base"":""LINK"",""quote"":""ZGBP""}"
"4057","LINKJPY_1.csv","LINKJPY","115","official_exact","official_altname_exact","LINKJPY","LINKJPY","LINK/JPY","LINK","ZJPY","LINK","JPY","online","True","{""pair_key"":""LINKJPY"",""match_methods"":[""result_object_key"",""altname"",""wsname_without_separator""],""base"":""LINK"",""quote"":""ZJPY""}"
"4065","LINKUSDC_1.csv","LINKUSDC","8432","official_exact","official_altname_exact","LINKUSDC","LINKUSDC","LINK/USDC","LINK","USDC","LINK","USDC","online","True","{""pair_key"":""LINKUSDC"",""match_methods"":[""result_object_key"",""altname"",""wsname_without_separator""],""base"":""LINK"",""quote"":""USDC""}"
"4073","LINKUSDT_1.csv","LINKUSDT","19024","official_exact","official_altname_exact","LINKUSDT","LINKUSDT","LINK/USDT","LINK","USDT","LINK","USDT","online","True","{""pair_key"":""LINKUSDT"",""match_methods"":[""result_object_key"",""altname"",""wsname_without_separator""],""base"":""LINK"",""quote"":""USDT""}"
"4081","LINKUSD_1.csv","LINKUSD","70725","official_exact","official_altname_exact","LINKUSD","LINKUSD","LINK/USD","LINK","ZUSD","LINK","USD","online","True","{""pair_key"":""LINKUSD"",""match_methods"":[""result_object_key"",""altname"",""wsname_without_separator""],""base"":""LINK"",""quote"":""ZUSD""}"
"4089","LINKXBT_1.csv","LINKXBT","6843","official_exact","official_altname_exact","LINKXBT","LINKXBT","LINK/XBT","LINK","XXBT","LINK","XBT","online","True","{""pair_key"":""LINKXBT"",""match_methods"":[""result_object_key"",""altname"",""wsname_without_separator""],""base"":""LINK"",""quote"":""XXBT""}"
"4097","LITEUR_1.csv","LITEUR","1587","official_exact","official_altname_exact","LITEUR","LITEUR","LIT/EUR","LIT","ZEUR","LIT","EUR","online","True","{""pair_key"":""LITEUR"",""match_methods"":[""result_object_key"",""altname"",""wsname_without_separator""],""base"":""LIT"",""quote"":""ZEUR""}"
"4105","LITUSD_1.csv","LITUSD","6402","official_exact","official_altname_exact","LITUSD","LITUSD","LIT/USD","LIT","ZUSD","LIT","USD","online","True","{""pair_key"":""LITUSD"",""match_methods"":[""result_object_key"",""altname"",""wsname_without_separator""],""base"":""LIT"",""quote"":""ZUSD""}"
"4113","LMWREUR_1.csv","LMWREUR","12386","official_exact","official_altname_exact","LMWREUR","LMWREUR","LMWR/EUR","LMWR","ZEUR","LMWR","EUR","online","True","{""pair_key"":""LMWREUR"",""match_methods"":[""result_object_key"",""altname"",""wsname_without_separator""],""base"":""LMWR"",""quote"":""ZEUR""}"
"4121","LMWRUSD_1.csv","LMWRUSD","13208","official_exact","official_altname_exact","LMWRUSD","LMWRUSD","LMWR/USD","LMWR","ZUSD","LMWR","USD","online","True","{""pair_key"":""LMWRUSD"",""match_methods"":[""result_object_key"",""altname"",""wsname_without_separator""],""base"":""LMWR"",""quote"":""ZUSD""}"
"4129","LOCKINEUR_1.csv","LOCKINEUR","17104","official_exact","official_altname_exact","LOCKINEUR","LOCKINEUR","LOCKIN/EUR","LOCKIN","ZEUR","LOCKIN","EUR","cancel_only","True","{""pair_key"":""LOCKINEUR"",""match_methods"":[""result_object_key"",""altname"",""wsname_without_separator""],""base"":""LOCKIN"",""quote"":""ZEUR""}"
"4137","LOCKINUSD_1.csv","LOCKINUSD","22460","official_exact","official_altname_exact","LOCKINUSD","LOCKINUSD","LOCKIN/USD","LOCKIN","ZUSD","LOCKIN","USD","cancel_only","True","{""pair_key"":""LOCKINUSD"",""match_methods"":[""result_object_key"",""altname"",""wsname_without_separator""],""base"":""LOCKIN"",""quote"":""ZUSD""}"
"4145","LOFIEUR_1.csv","LOFIEUR","6810","official_exact","official_altname_exact","LOFIEUR","LOFIEUR","LOFI/EUR","LOFI","ZEUR","LOFI","EUR","online","True","{""pair_key"":""LOFIEUR"",""match_methods"":[""result_object_key"",""altname"",""wsname_without_separator""],""base"":""LOFI"",""quote"":""ZEUR""}"
"4153","LOFIUSD_1.csv","LOFIUSD","15534","official_exact","official_altname_exact","LOFIUSD","LOFIUSD","LOFI/USD","LOFI","ZUSD","LOFI","USD","online","True","{""pair_key"":""LOFIUSD"",""match_methods"":[""result_object_key"",""altname"",""wsname_without_separator""],""base"":""LOFI"",""quote"":""ZUSD""}"
"4161","LPTEUR_1.csv","LPTEUR","9520","official_exact","official_altname_exact","LPTEUR","LPTEUR","LPT/EUR","LPT","ZEUR","LPT","EUR","online","True","{""pair_key"":""LPTEUR"",""match_methods"":[""result_object_key"",""altname"",""wsname_without_separator""],""base"":""LPT"",""quote"":""ZEUR""}"
"4169","LPTUSD_1.csv","LPTUSD","17052","official_exact","official_altname_exact","LPTUSD","LPTUSD","LPT/USD","LPT","ZUSD","LPT","USD","online","True","{""pair_key"":""LPTUSD"",""match_methods"":[""result_object_key"",""altname"",""wsname_without_separator""],""base"":""LPT"",""quote"":""ZUSD""}"
"4177","LQTYEUR_1.csv","LQTYEUR","574","official_exact","official_altname_exact","LQTYEUR","LQTYEUR","LQTY/EUR","LQTY","ZEUR","LQTY","EUR","online","True","{""pair_key"":""LQTYEUR"",""match_methods"":[""result_object_key"",""altname"",""wsname_without_separator""],""base"":""LQTY"",""quote"":""ZEUR""}"
"4185","LQTYUSD_1.csv","LQTYUSD","5223","official_exact","official_altname_exact","LQTYUSD","LQTYUSD","LQTY/USD","LQTY","ZUSD","LQTY","USD","online","True","{""pair_key"":""LQTYUSD"",""match_methods"":[""result_object_key"",""altname"",""wsname_without_separator""],""base"":""LQTY"",""quote"":""ZUSD""}"
"4193","LRCEUR_1.csv","LRCEUR","2796","official_exact","official_altname_exact","LRCEUR","LRCEUR","LRC/EUR","LRC","ZEUR","LRC","EUR","online","True","{""pair_key"":""LRCEUR"",""match_methods"":[""result_object_key"",""altname"",""wsname_without_separator""],""base"":""LRC"",""quote"":""ZEUR""}"
"4201","LRCUSD_1.csv","LRCUSD","7485","official_exact","official_altname_exact","LRCUSD","LRCUSD","LRC/USD","LRC","ZUSD","LRC","USD","online","True","{""pair_key"":""LRCUSD"",""match_methods"":[""result_object_key"",""altname"",""wsname_without_separator""],""base"":""LRC"",""quote"":""ZUSD""}"
"4209","LSETHETH_1.csv","LSETHETH","650","official_exact","official_altname_exact","LSETHETH","LSETHETH","LSETH/ETH","LSETH","XETH","LSETH","ETH","online","True","{""pair_key"":""LSETHETH"",""match_methods"":[""result_object_key"",""altname"",""wsname_without_separator""],""base"":""LSETH"",""quote"":""XETH""}"
"4217","LSETHEUR_1.csv","LSETHEUR","360","reviewed_historical_identity","frozen_historical_registry_current_official_assets","","","LSETH/EUR","LSETH","ZEUR","LSETH","EUR","historical_pair_absent_from_captured_current_assetpairs","True","{""registry_sha256"":""65aaac5993ada762c8498f2fe9c298c00eb7f1f5a0deeea407f8c0cf10562408"",""resolution_method"":""frozen_historical_registry_current_official_assets"",""evidence_class"":""captured_current_official_asset_records_plus_official_archive_member"",""source_member_ordinal"":4217,""official_support_url"":""""}"
"4225","LSETHUSD_1.csv","LSETHUSD","1177","official_exact","official_altname_exact","LSETHUSD","LSETHUSD","LSETH/USD","LSETH","ZUSD","LSETH","USD","online","True","{""pair_key"":""LSETHUSD"",""match_methods"":[""result_object_key"",""altname"",""wsname_without_separator""],""base"":""LSETH"",""quote"":""ZUSD""}"
"4233","LSKEUR_1.csv","LSKEUR","878","official_exact","official_altname_exact","LSKEUR","LSKEUR","LSK/EUR","LSK","ZEUR","LSK","EUR","online","True","{""pair_key"":""LSKEUR"",""match_methods"":[""result_object_key"",""altname"",""wsname_without_separator""],""base"":""LSK"",""quote"":""ZEUR""}"
"4241","LSKUSD_1.csv","LSKUSD","3803","official_exact","official_altname_exact","LSKUSD","LSKUSD","LSK/USD","LSK","ZUSD","LSK","USD","online","True","{""pair_key"":""LSKUSD"",""match_methods"":[""result_object_key"",""altname"",""wsname_without_separator""],""base"":""LSK"",""quote"":""ZUSD""}"
"4249","LTCAUD_1.csv","LTCAUD","7290","official_exact","official_altname_exact","LTCAUD","LTCAUD","LTC/AUD","XLTC","ZAUD","LTC","AUD","online","True","{""pair_key"":""LTCAUD"",""match_methods"":[""result_object_key"",""altname"",""wsname_without_separator""],""base"":""XLTC"",""quote"":""ZAUD""}"
"4257","LTCETH_1.csv","LTCETH","6220","official_exact","official_altname_exact","LTCETH","LTCETH","LTC/ETH","XLTC","XETH","LTC","ETH","online","True","{""pair_key"":""LTCETH"",""match_methods"":[""result_object_key"",""altname"",""wsname_without_separator""],""base"":""XLTC"",""quote"":""XETH""}"
"4265","LTCEUR_1.csv","LTCEUR","109077","official_exact","official_altname_exact","XLTCZEUR","LTCEUR","LTC/EUR","XLTC","ZEUR","LTC","EUR","online","True","{""pair_key"":""XLTCZEUR"",""match_methods"":[""altname"",""wsname_without_separator""],""base"":""XLTC"",""quote"":""ZEUR""}"
"4273","LTCGBP_1.csv","LTCGBP","62533","official_exact","official_altname_exact","LTCGBP","LTCGBP","LTC/GBP","XLTC","ZGBP","LTC","GBP","online","True","{""pair_key"":""LTCGBP"",""match_methods"":[""result_object_key"",""altname"",""wsname_without_separator""],""base"":""XLTC"",""quote"":""ZGBP""}"
"4281","LTCJPY_1.csv","LTCJPY","530","official_exact","official_altname_exact","XLTCZJPY","LTCJPY","LTC/JPY","XLTC","ZJPY","LTC","JPY","online","True","{""pair_key"":""XLTCZJPY"",""match_methods"":[""altname"",""wsname_without_separator""],""base"":""XLTC"",""quote"":""ZJPY""}"
"4289","LTCUSDC_1.csv","LTCUSDC","13353","official_exact","official_altname_exact","LTCUSDC","LTCUSDC","LTC/USDC","XLTC","USDC","LTC","USDC","online","True","{""pair_key"":""LTCUSDC"",""match_methods"":[""result_object_key"",""altname"",""wsname_without_separator""],""base"":""XLTC"",""quote"":""USDC""}"
"4297","LTCUSDT_1.csv","LTCUSDT","36296","official_exact","official_altname_exact","LTCUSDT","LTCUSDT","LTC/USDT","XLTC","USDT","LTC","USDT","online","True","{""pair_key"":""LTCUSDT"",""match_methods"":[""result_object_key"",""altname"",""wsname_without_separator""],""base"":""XLTC"",""quote"":""USDT""}"
"4305","LTCUSD_1.csv","LTCUSD","96373","official_exact","official_altname_exact","XLTCZUSD","LTCUSD","LTC/USD","XLTC","ZUSD","LTC","USD","online","True","{""pair_key"":""XLTCZUSD"",""match_methods"":[""altname"",""wsname_without_separator""],""base"":""XLTC"",""quote"":""ZUSD""}"
"4313","LTCXBT_1.csv","LTCXBT","21313","official_exact","official_altname_exact","XLTCXXBT","LTCXBT","LTC/XBT","XLTC","XXBT","LTC","XBT","online","True","{""pair_key"":""XLTCXXBT"",""match_methods"":[""altname"",""wsname_without_separator""],""base"":""XLTC"",""quote"":""XXBT""}"
"4321","LUNA2EUR_1.csv","LUNA2EUR","3394","reviewed_historical_identity","frozen_historical_registry_current_official_assets","","","LUNA2/EUR","LUNA2","ZEUR","LUNA2","EUR","historical_pair_absent_from_captured_current_assetpairs","True","{""registry_sha256"":""65aaac5993ada762c8498f2fe9c298c00eb7f1f5a0deeea407f8c0cf10562408"",""resolution_method"":""frozen_historical_registry_current_official_assets"",""evidence_class"":""captured_current_official_asset_records_plus_official_archive_member"",""source_member_ordinal"":4321,""official_support_url"":""""}"
"4329","LUNA2USD_1.csv","LUNA2USD","6673","reviewed_historical_identity","frozen_historical_registry_current_official_assets","","","LUNA2/USD","LUNA2","ZUSD","LUNA2","USD","historical_pair_absent_from_captured_current_assetpairs","True","{""registry_sha256"":""65aaac5993ada762c8498f2fe9c298c00eb7f1f5a0deeea407f8c0cf10562408"",""resolution_method"":""frozen_historical_registry_current_official_assets"",""evidence_class"":""captured_current_official_asset_records_plus_official_archive_member"",""source_member_ordinal"":4329,""official_support_url"":""""}"
"4337","LUNAEUR_1.csv","LUNAEUR","5336","official_exact","official_altname_exact","LUNAEUR","LUNAEUR","LUNA/EUR","LUNA","ZEUR","LUNA","EUR","online","True","{""pair_key"":""LUNAEUR"",""match_methods"":[""result_object_key"",""altname"",""wsname_without_separator""],""base"":""LUNA"",""quote"":""ZEUR""}"
"4345","LUNAUSD_1.csv","LUNAUSD","31422","official_exact","official_altname_exact","LUNAUSD","LUNAUSD","LUNA/USD","LUNA","ZUSD","LUNA","USD","online","True","{""pair_key"":""LUNAUSD"",""match_methods"":[""result_object_key"",""altname"",""wsname_without_separator""],""base"":""LUNA"",""quote"":""ZUSD""}"
"4353","MANAEUR_1.csv","MANAEUR","15442","official_exact","official_altname_exact","MANAEUR","MANAEUR","MANA/EUR","MANA","ZEUR","MANA","EUR","online","True","{""pair_key"":""MANAEUR"",""match_methods"":[""result_object_key"",""altname"",""wsname_without_separator""],""base"":""MANA"",""quote"":""ZEUR""}"
"4361","MANAUSDC_1.csv","MANAUSDC","2038","official_exact","official_altname_exact","MANAUSDC","MANAUSDC","MANA/USDC","MANA","USDC","MANA","USDC","online","True","{""pair_key"":""MANAUSDC"",""match_methods"":[""result_object_key"",""altname"",""wsname_without_separator""],""base"":""MANA"",""quote"":""USDC""}"
"4369","MANAUSDT_1.csv","MANAUSDT","6056","official_exact","official_altname_exact","MANAUSDT","MANAUSDT","MANA/USDT","MANA","USDT","MANA","USDT","online","True","{""pair_key"":""MANAUSDT"",""match_methods"":[""result_object_key"",""altname"",""wsname_without_separator""],""base"":""MANA"",""quote"":""USDT""}"
"4377","MANAUSD_1.csv","MANAUSD","26215","official_exact","official_altname_exact","MANAUSD","MANAUSD","MANA/USD","MANA","ZUSD","MANA","USD","online","True","{""pair_key"":""MANAUSD"",""match_methods"":[""result_object_key"",""altname"",""wsname_without_separator""],""base"":""MANA"",""quote"":""ZUSD""}"
"4385","MANAXBT_1.csv","MANAXBT","5211","official_exact","official_altname_exact","MANAXBT","MANAXBT","MANA/XBT","MANA","XXBT","MANA","XBT","online","True","{""pair_key"":""MANAXBT"",""match_methods"":[""result_object_key"",""altname"",""wsname_without_separator""],""base"":""MANA"",""quote"":""XXBT""}"
"4393","MASKEUR_1.csv","MASKEUR","3865","official_exact","official_altname_exact","MASKEUR","MASKEUR","MASK/EUR","MASK","ZEUR","MASK","EUR","online","True","{""pair_key"":""MASKEUR"",""match_methods"":[""result_object_key"",""altname"",""wsname_without_separator""],""base"":""MASK"",""quote"":""ZEUR""}"
"4401","MASKUSD_1.csv","MASKUSD","19591","official_exact","official_altname_exact","MASKUSD","MASKUSD","MASK/USD","MASK","ZUSD","MASK","USD","online","True","{""pair_key"":""MASKUSD"",""match_methods"":[""result_object_key"",""altname"",""wsname_without_separator""],""base"":""MASK"",""quote"":""ZUSD""}"
"4409","MATEUR_1.csv","MATEUR","1295","official_exact","official_altname_exact","MATEUR","MATEUR","MAT/EUR","MAT","ZEUR","MAT","EUR","online","True","{""pair_key"":""MATEUR"",""match_methods"":[""result_object_key"",""altname"",""wsname_without_separator""],""base"":""MAT"",""quote"":""ZEUR""}"
"4417","MATUSD_1.csv","MATUSD","3157","official_exact","official_altname_exact","MATUSD","MATUSD","MAT/USD","MAT","ZUSD","MAT","USD","online","True","{""pair_key"":""MATUSD"",""match_methods"":[""result_object_key"",""altname"",""wsname_without_separator""],""base"":""MAT"",""quote"":""ZUSD""}"
"4425","MCEUR_1.csv","MCEUR","539","reviewed_historical_identity","frozen_historical_registry_current_official_assets","","","MC/EUR","MC","ZEUR","MC","EUR","historical_pair_absent_from_captured_current_assetpairs","True","{""registry_sha256"":""65aaac5993ada762c8498f2fe9c298c00eb7f1f5a0deeea407f8c0cf10562408"",""resolution_method"":""frozen_historical_registry_current_official_assets"",""evidence_class"":""captured_current_official_asset_records_plus_official_archive_member"",""source_member_ordinal"":4425,""official_support_url"":""""}"
"4433","MCUSD_1.csv","MCUSD","340","reviewed_historical_identity","frozen_historical_registry_current_official_assets","","","MC/USD","MC","ZUSD","MC","USD","historical_pair_absent_from_captured_current_assetpairs","True","{""registry_sha256"":""65aaac5993ada762c8498f2fe9c298c00eb7f1f5a0deeea407f8c0cf10562408"",""resolution_method"":""frozen_historical_registry_current_official_assets"",""evidence_class"":""captured_current_official_asset_records_plus_official_archive_member"",""source_member_ordinal"":4433,""official_support_url"":""""}"
"4441","MEEUR_1.csv","MEEUR","145","official_exact","official_altname_exact","MEEUR","MEEUR","ME/EUR","ME","ZEUR","ME","EUR","online","True","{""pair_key"":""MEEUR"",""match_methods"":[""result_object_key"",""altname"",""wsname_without_separator""],""base"":""ME"",""quote"":""ZEUR""}"
"4449","MELANIAEUR_1.csv","MELANIAEUR","7027","official_exact","official_altname_exact","MELANIAEUR","MELANIAEUR","MELANIA/EUR","MELANIA","ZEUR","MELANIA","EUR","online","True","{""pair_key"":""MELANIAEUR"",""match_methods"":[""result_object_key"",""altname"",""wsname_without_separator""],""base"":""MELANIA"",""quote"":""ZEUR""}"
"4457","MELANIAUSDC_1.csv","MELANIAUSDC","1664","official_exact","official_altname_exact","MELANIAUSDC","MELANIAUSDC","MELANIA/USDC","MELANIA","USDC","MELANIA","USDC","online","True","{""pair_key"":""MELANIAUSDC"",""match_methods"":[""result_object_key"",""altname"",""wsname_without_separator""],""base"":""MELANIA"",""quote"":""USDC""}"
"4465","MELANIAUSDT_1.csv","MELANIAUSDT","8950","official_exact","official_altname_exact","MELANIAUSDT","MELANIAUSDT","MELANIA/USDT","MELANIA","USDT","MELANIA","USDT","online","True","{""pair_key"":""MELANIAUSDT"",""match_methods"":[""result_object_key"",""altname"",""wsname_without_separator""],""base"":""MELANIA"",""quote"":""USDT""}"
"4473","MELANIAUSD_1.csv","MELANIAUSD","24258","official_exact","official_altname_exact","MELANIAUSD","MELANIAUSD","MELANIA/USD","MELANIA","ZUSD","MELANIA","USD","online","True","{""pair_key"":""MELANIAUSD"",""match_methods"":[""result_object_key"",""altname"",""wsname_without_separator""],""base"":""MELANIA"",""quote"":""ZUSD""}"
"4481","MEMEEUR_1.csv","MEMEEUR","2075","official_exact","official_altname_exact","MEMEEUR","MEMEEUR","MEME/EUR","MEME","ZEUR","MEME","EUR","online","True","{""pair_key"":""MEMEEUR"",""match_methods"":[""result_object_key"",""altname"",""wsname_without_separator""],""base"":""MEME"",""quote"":""ZEUR""}"
"4489","MEMEUSD_1.csv","MEMEUSD","7856","official_exact","official_altname_exact","MEMEUSD","MEMEUSD","MEME/USD","MEME","ZUSD","MEME","USD","online","True","{""pair_key"":""MEMEUSD"",""match_methods"":[""result_object_key"",""altname"",""wsname_without_separator""],""base"":""MEME"",""quote"":""ZUSD""}"
"4497","METHETH_1.csv","METHETH","18","official_exact","official_altname_exact","METHETH","METHETH","METH/ETH","METH","XETH","METH","ETH","online","True","{""pair_key"":""METHETH"",""match_methods"":[""result_object_key"",""altname"",""wsname_without_separator""],""base"":""METH"",""quote"":""XETH""}"
"4505","METHUSD_1.csv","METHUSD","22","official_exact","official_altname_exact","METHUSD","METHUSD","METH/USD","METH","ZUSD","METH","USD","online","True","{""pair_key"":""METHUSD"",""match_methods"":[""result_object_key"",""altname"",""wsname_without_separator""],""base"":""METH"",""quote"":""ZUSD""}"
"4513","METISEUR_1.csv","METISEUR","154","official_exact","official_altname_exact","METISEUR","METISEUR","METIS/EUR","METIS","ZEUR","METIS","EUR","online","True","{""pair_key"":""METISEUR"",""match_methods"":[""result_object_key"",""altname"",""wsname_without_separator""],""base"":""METIS"",""quote"":""ZEUR""}"
"4521","METISUSD_1.csv","METISUSD","4919","official_exact","official_altname_exact","METISUSD","METISUSD","METIS/USD","METIS","ZUSD","METIS","USD","online","True","{""pair_key"":""METISUSD"",""match_methods"":[""result_object_key"",""altname"",""wsname_without_separator""],""base"":""METIS"",""quote"":""ZUSD""}"
"4529","MEUSD_1.csv","MEUSD","3713","official_exact","official_altname_exact","MEUSD","MEUSD","ME/USD","ME","ZUSD","ME","USD","online","True","{""pair_key"":""MEUSD"",""match_methods"":[""result_object_key"",""altname"",""wsname_without_separator""],""base"":""ME"",""quote"":""ZUSD""}"
"4537","MEWEUR_1.csv","MEWEUR","3395","official_exact","official_altname_exact","MEWEUR","MEWEUR","MEW/EUR","MEW","ZEUR","MEW","EUR","online","True","{""pair_key"":""MEWEUR"",""match_methods"":[""result_object_key"",""altname"",""wsname_without_separator""],""base"":""MEW"",""quote"":""ZEUR""}"
"4545","MEWUSD_1.csv","MEWUSD","12858","official_exact","official_altname_exact","MEWUSD","MEWUSD","MEW/USD","MEW","ZUSD","MEW","USD","online","True","{""pair_key"":""MEWUSD"",""match_methods"":[""result_object_key"",""altname"",""wsname_without_separator""],""base"":""MEW"",""quote"":""ZUSD""}"
"4553","MICHIEUR_1.csv","MICHIEUR","1251","reviewed_historical_identity","frozen_historical_registry_current_official_assets","","","MICHI/EUR","MICHI","ZEUR","MICHI","EUR","historical_pair_absent_from_captured_current_assetpairs","True","{""registry_sha256"":""65aaac5993ada762c8498f2fe9c298c00eb7f1f5a0deeea407f8c0cf10562408"",""resolution_method"":""frozen_historical_registry_current_official_assets"",""evidence_class"":""captured_current_official_asset_records_plus_official_archive_member"",""source_member_ordinal"":4553,""official_support_url"":""""}"
"4561","MICHIUSD_1.csv","MICHIUSD","10422","reviewed_historical_identity","frozen_historical_registry_current_official_assets","","","MICHI/USD","MICHI","ZUSD","MICHI","USD","historical_pair_absent_from_captured_current_assetpairs","True","{""registry_sha256"":""65aaac5993ada762c8498f2fe9c298c00eb7f1f5a0deeea407f8c0cf10562408"",""resolution_method"":""frozen_historical_registry_current_official_assets"",""evidence_class"":""captured_current_official_asset_records_plus_official_archive_member"",""source_member_ordinal"":4561,""official_support_url"":""""}"
"4569","MINAEUR_1.csv","MINAEUR","6386","official_exact","official_altname_exact","MINAEUR","MINAEUR","MINA/EUR","MINA","ZEUR","MINA","EUR","online","True","{""pair_key"":""MINAEUR"",""match_methods"":[""result_object_key"",""altname"",""wsname_without_separator""],""base"":""MINA"",""quote"":""ZEUR""}"
"4577","MINAGBP_1.csv","MINAGBP","2488","official_exact","official_altname_exact","MINAGBP","MINAGBP","MINA/GBP","MINA","ZGBP","MINA","GBP","online","True","{""pair_key"":""MINAGBP"",""match_methods"":[""result_object_key"",""altname"",""wsname_without_separator""],""base"":""MINA"",""quote"":""ZGBP""}"
"4585","MINAUSD_1.csv","MINAUSD","15619","official_exact","official_altname_exact","MINAUSD","MINAUSD","MINA/USD","MINA","ZUSD","MINA","USD","online","True","{""pair_key"":""MINAUSD"",""match_methods"":[""result_object_key"",""altname"",""wsname_without_separator""],""base"":""MINA"",""quote"":""ZUSD""}"
"4593","MINAXBT_1.csv","MINAXBT","1101","official_exact","official_altname_exact","MINAXBT","MINAXBT","MINA/XBT","MINA","XXBT","MINA","XBT","online","True","{""pair_key"":""MINAXBT"",""match_methods"":[""result_object_key"",""altname"",""wsname_without_separator""],""base"":""MINA"",""quote"":""XXBT""}"
"4601","MIREUR_1.csv","MIREUR","1287","official_exact","official_altname_exact","MIREUR","MIREUR","MIR/EUR","MIR","ZEUR","MIR","EUR","online","True","{""pair_key"":""MIREUR"",""match_methods"":[""result_object_key"",""altname"",""wsname_without_separator""],""base"":""MIR"",""quote"":""ZEUR""}"
"4609","MIRUSD_1.csv","MIRUSD","6943","official_exact","official_altname_exact","MIRUSD","MIRUSD","MIR/USD","MIR","ZUSD","MIR","USD","online","True","{""pair_key"":""MIRUSD"",""match_methods"":[""result_object_key"",""altname"",""wsname_without_separator""],""base"":""MIR"",""quote"":""ZUSD""}"
"4617","MKREUR_1.csv","MKREUR","6817","reviewed_historical_identity","frozen_historical_registry_current_official_assets","","","MKR/EUR","MKR","ZEUR","MKR","EUR","historical_pair_absent_from_captured_current_assetpairs","True","{""registry_sha256"":""65aaac5993ada762c8498f2fe9c298c00eb7f1f5a0deeea407f8c0cf10562408"",""resolution_method"":""frozen_historical_registry_current_official_assets"",""evidence_class"":""captured_current_official_asset_records_plus_official_archive_member"",""source_member_ordinal"":4617,""official_support_url"":""""}"
"4625","MKRUSD_1.csv","MKRUSD","25814","reviewed_historical_identity","frozen_historical_registry_current_official_assets","","","MKR/USD","MKR","ZUSD","MKR","USD","historical_pair_absent_from_captured_current_assetpairs","True","{""registry_sha256"":""65aaac5993ada762c8498f2fe9c298c00eb7f1f5a0deeea407f8c0cf10562408"",""resolution_method"":""frozen_historical_registry_current_official_assets"",""evidence_class"":""captured_current_official_asset_records_plus_official_archive_member"",""source_member_ordinal"":4625,""official_support_url"":""""}"
"4633","MKRXBT_1.csv","MKRXBT","2225","reviewed_historical_identity","frozen_historical_registry_current_official_assets","","","MKR/XBT","MKR","XXBT","MKR","XBT","historical_pair_absent_from_captured_current_assetpairs","True","{""registry_sha256"":""65aaac5993ada762c8498f2fe9c298c00eb7f1f5a0deeea407f8c0cf10562408"",""resolution_method"":""frozen_historical_registry_current_official_assets"",""evidence_class"":""captured_current_official_asset_records_plus_official_archive_member"",""source_member_ordinal"":4633,""official_support_url"":""""}"
"4641","MLNEUR_1.csv","MLNEUR","1595","official_exact","official_altname_exact","XMLNZEUR","MLNEUR","MLN/EUR","XMLN","ZEUR","MLN","EUR","online","True","{""pair_key"":""XMLNZEUR"",""match_methods"":[""altname"",""wsname_without_separator""],""base"":""XMLN"",""quote"":""ZEUR""}"
"4649","MLNUSD_1.csv","MLNUSD","12036","official_exact","official_altname_exact","XMLNZUSD","MLNUSD","MLN/USD","XMLN","ZUSD","MLN","USD","online","True","{""pair_key"":""XMLNZUSD"",""match_methods"":[""altname"",""wsname_without_separator""],""base"":""XMLN"",""quote"":""ZUSD""}"
"4657","MLNXBT_1.csv","MLNXBT","939","official_exact","official_altname_exact","XMLNXXBT","MLNXBT","MLN/XBT","XMLN","XXBT","MLN","XBT","online","True","{""pair_key"":""XMLNXXBT"",""match_methods"":[""altname"",""wsname_without_separator""],""base"":""XMLN"",""quote"":""XXBT""}"
"4665","MNGOEUR_1.csv","MNGOEUR","521","official_exact","official_altname_exact","MNGOEUR","MNGOEUR","MNGO/EUR","MNGO","ZEUR","MNGO","EUR","cancel_only","True","{""pair_key"":""MNGOEUR"",""match_methods"":[""result_object_key"",""altname"",""wsname_without_separator""],""base"":""MNGO"",""quote"":""ZEUR""}"
"4673","MNGOUSD_1.csv","MNGOUSD","2008","official_exact","official_altname_exact","MNGOUSD","MNGOUSD","MNGO/USD","MNGO","ZUSD","MNGO","USD","cancel_only","True","{""pair_key"":""MNGOUSD"",""match_methods"":[""result_object_key"",""altname"",""wsname_without_separator""],""base"":""MNGO"",""quote"":""ZUSD""}"
"4681","MNTEUR_1.csv","MNTEUR","493","official_exact","official_altname_exact","MNTEUR","MNTEUR","MNT/EUR","MNT","ZEUR","MNT","EUR","online","True","{""pair_key"":""MNTEUR"",""match_methods"":[""result_object_key"",""altname"",""wsname_without_separator""],""base"":""MNT"",""quote"":""ZEUR""}"
"4689","MNTUSD_1.csv","MNTUSD","4047","official_exact","official_altname_exact","MNTUSD","MNTUSD","MNT/USD","MNT","ZUSD","MNT","USD","online","True","{""pair_key"":""MNTUSD"",""match_methods"":[""result_object_key"",""altname"",""wsname_without_separator""],""base"":""MNT"",""quote"":""ZUSD""}"
"4697","MOGEUR_1.csv","MOGEUR","7552","official_exact","official_altname_exact","MOGEUR","MOGEUR","MOG/EUR","MOG","ZEUR","MOG","EUR","online","True","{""pair_key"":""MOGEUR"",""match_methods"":[""result_object_key"",""altname"",""wsname_without_separator""],""base"":""MOG"",""quote"":""ZEUR""}"
"4705","MOGUSD_1.csv","MOGUSD","48063","official_exact","official_altname_exact","MOGUSD","MOGUSD","MOG/USD","MOG","ZUSD","MOG","USD","online","True","{""pair_key"":""MOGUSD"",""match_methods"":[""result_object_key"",""altname"",""wsname_without_separator""],""base"":""MOG"",""quote"":""ZUSD""}"
"4713","MOODENGEUR_1.csv","MOODENGEUR","10010","official_exact","official_altname_exact","MOODENGEUR","MOODENGEUR","MOODENG/EUR","MOODENG","ZEUR","MOODENG","EUR","online","True","{""pair_key"":""MOODENGEUR"",""match_methods"":[""result_object_key"",""altname"",""wsname_without_separator""],""base"":""MOODENG"",""quote"":""ZEUR""}"
"4721","MOODENGUSD_1.csv","MOODENGUSD","38339","official_exact","official_altname_exact","MOODENGUSD","MOODENGUSD","MOODENG/USD","MOODENG","ZUSD","MOODENG","USD","online","True","{""pair_key"":""MOODENGUSD"",""match_methods"":[""result_object_key"",""altname"",""wsname_without_separator""],""base"":""MOODENG"",""quote"":""ZUSD""}"
"4729","MOONEUR_1.csv","MOONEUR","615","reviewed_historical_identity","frozen_historical_registry_current_official_assets","","","MOON/EUR","MOON","ZEUR","MOON","EUR","historical_pair_absent_from_captured_current_assetpairs","True","{""registry_sha256"":""65aaac5993ada762c8498f2fe9c298c00eb7f1f5a0deeea407f8c0cf10562408"",""resolution_method"":""frozen_historical_registry_current_official_assets"",""evidence_class"":""captured_current_official_asset_records_plus_official_archive_member"",""source_member_ordinal"":4729,""official_support_url"":""""}"
"4737","MOONUSD_1.csv","MOONUSD","4138","reviewed_historical_identity","frozen_historical_registry_current_official_assets","","","MOON/USD","MOON","ZUSD","MOON","USD","historical_pair_absent_from_captured_current_assetpairs","True","{""registry_sha256"":""65aaac5993ada762c8498f2fe9c298c00eb7f1f5a0deeea407f8c0cf10562408"",""resolution_method"":""frozen_historical_registry_current_official_assets"",""evidence_class"":""captured_current_official_asset_records_plus_official_archive_member"",""source_member_ordinal"":4737,""official_support_url"":""""}"
"4745","MORPHOEUR_1.csv","MORPHOEUR","17443","official_exact","official_altname_exact","MORPHOEUR","MORPHOEUR","MORPHO/EUR","MORPHO","ZEUR","MORPHO","EUR","online","True","{""pair_key"":""MORPHOEUR"",""match_methods"":[""result_object_key"",""altname"",""wsname_without_separator""],""base"":""MORPHO"",""quote"":""ZEUR""}"
"4753","MORPHOUSD_1.csv","MORPHOUSD","31372","official_exact","official_altname_exact","MORPHOUSD","MORPHOUSD","MORPHO/USD","MORPHO","ZUSD","MORPHO","USD","online","True","{""pair_key"":""MORPHOUSD"",""match_methods"":[""result_object_key"",""altname"",""wsname_without_separator""],""base"":""MORPHO"",""quote"":""ZUSD""}"
"4761","MOVEEUR_1.csv","MOVEEUR","2655","reviewed_historical_identity","frozen_historical_registry_current_official_assets","","","MOVE/EUR","MOVE","ZEUR","MOVE","EUR","historical_pair_absent_from_captured_current_assetpairs","True","{""registry_sha256"":""65aaac5993ada762c8498f2fe9c298c00eb7f1f5a0deeea407f8c0cf10562408"",""resolution_method"":""frozen_historical_registry_current_official_assets"",""evidence_class"":""captured_current_official_asset_records_plus_official_archive_member"",""source_member_ordinal"":4761,""official_support_url"":""""}"
"4769","MOVEUSD_1.csv","MOVEUSD","15746","reviewed_historical_identity","frozen_historical_registry_current_official_assets","","","MOVE/USD","MOVE","ZUSD","MOVE","USD","historical_pair_absent_from_captured_current_assetpairs","True","{""registry_sha256"":""65aaac5993ada762c8498f2fe9c298c00eb7f1f5a0deeea407f8c0cf10562408"",""resolution_method"":""frozen_historical_registry_current_official_assets"",""evidence_class"":""captured_current_official_asset_records_plus_official_archive_member"",""source_member_ordinal"":4769,""official_support_url"":""""}"
"4777","MOVREUR_1.csv","MOVREUR","1500","official_exact","official_altname_exact","MOVREUR","MOVREUR","MOVR/EUR","MOVR","ZEUR","MOVR","EUR","online","True","{""pair_key"":""MOVREUR"",""match_methods"":[""result_object_key"",""altname"",""wsname_without_separator""],""base"":""MOVR"",""quote"":""ZEUR""}"
"4785","MOVRUSD_1.csv","MOVRUSD","4575","official_exact","official_altname_exact","MOVRUSD","MOVRUSD","MOVR/USD","MOVR","ZUSD","MOVR","USD","online","True","{""pair_key"":""MOVRUSD"",""match_methods"":[""result_object_key"",""altname"",""wsname_without_separator""],""base"":""MOVR"",""quote"":""ZUSD""}"
"4793","MSOLEUR_1.csv","MSOLEUR","216","official_exact","official_altname_exact","MSOLEUR","MSOLEUR","MSOL/EUR","MSOL","ZEUR","MSOL","EUR","online","True","{""pair_key"":""MSOLEUR"",""match_methods"":[""result_object_key"",""altname"",""wsname_without_separator""],""base"":""MSOL"",""quote"":""ZEUR""}"
"4801","MSOLUSD_1.csv","MSOLUSD","5807","official_exact","official_altname_exact","MSOLUSD","MSOLUSD","MSOL/USD","MSOL","ZUSD","MSOL","USD","online","True","{""pair_key"":""MSOLUSD"",""match_methods"":[""result_object_key"",""altname"",""wsname_without_separator""],""base"":""MSOL"",""quote"":""ZUSD""}"
"4809","MUBARAKEUR_1.csv","MUBARAKEUR","332","reviewed_historical_identity","frozen_historical_registry_current_official_assets","","","MUBARAK/EUR","MUBARAK","ZEUR","MUBARAK","EUR","historical_pair_absent_from_captured_current_assetpairs","True","{""registry_sha256"":""65aaac5993ada762c8498f2fe9c298c00eb7f1f5a0deeea407f8c0cf10562408"",""resolution_method"":""frozen_historical_registry_current_official_assets"",""evidence_class"":""captured_current_official_asset_records_plus_official_archive_member"",""source_member_ordinal"":4809,""official_support_url"":""""}"
"4817","MUBARAKUSD_1.csv","MUBARAKUSD","5489","official_exact","official_altname_exact","MUBARAKUSD","MUBARAKUSD","MUBARAK/USD","MUBARAK","ZUSD","MUBARAK","USD","online","True","{""pair_key"":""MUBARAKUSD"",""match_methods"":[""result_object_key"",""altname"",""wsname_without_separator""],""base"":""MUBARAK"",""quote"":""ZUSD""}"
"4825","MULTIEUR_1.csv","MULTIEUR","2430","official_exact","official_altname_exact","MULTIEUR","MULTIEUR","MULTI/EUR","MULTI","ZEUR","MULTI","EUR","online","True","{""pair_key"":""MULTIEUR"",""match_methods"":[""result_object_key"",""altname"",""wsname_without_separator""],""base"":""MULTI"",""quote"":""ZEUR""}"
"4833","MULTIUSD_1.csv","MULTIUSD","8634","official_exact","official_altname_exact","MULTIUSD","MULTIUSD","MULTI/USD","MULTI","ZUSD","MULTI","USD","online","True","{""pair_key"":""MULTIUSD"",""match_methods"":[""result_object_key"",""altname"",""wsname_without_separator""],""base"":""MULTI"",""quote"":""ZUSD""}"
"4841","MVEUR_1.csv","MVEUR","1261","reviewed_historical_identity","frozen_historical_registry_current_official_assets","","","MV/EUR","MV","ZEUR","MV","EUR","historical_pair_absent_from_captured_current_assetpairs","True","{""registry_sha256"":""65aaac5993ada762c8498f2fe9c298c00eb7f1f5a0deeea407f8c0cf10562408"",""resolution_method"":""frozen_historical_registry_current_official_assets"",""evidence_class"":""captured_current_official_asset_records_plus_official_archive_member"",""source_member_ordinal"":4841,""official_support_url"":""""}"
"4849","MVUSD_1.csv","MVUSD","3881","reviewed_historical_identity","frozen_historical_registry_current_official_assets","","","MV/USD","MV","ZUSD","MV","USD","historical_pair_absent_from_captured_current_assetpairs","True","{""registry_sha256"":""65aaac5993ada762c8498f2fe9c298c00eb7f1f5a0deeea407f8c0cf10562408"",""resolution_method"":""frozen_historical_registry_current_official_assets"",""evidence_class"":""captured_current_official_asset_records_plus_official_archive_member"",""source_member_ordinal"":4849,""official_support_url"":""""}"
"4857","MXCEUR_1.csv","MXCEUR","6511","reviewed_historical_identity","frozen_historical_registry_current_official_assets","","","MXC/EUR","MXC","ZEUR","MXC","EUR","historical_pair_absent_from_captured_current_assetpairs","True","{""registry_sha256"":""65aaac5993ada762c8498f2fe9c298c00eb7f1f5a0deeea407f8c0cf10562408"",""resolution_method"":""frozen_historical_registry_current_official_assets"",""evidence_class"":""captured_current_official_asset_records_plus_official_archive_member"",""source_member_ordinal"":4857,""official_support_url"":""""}"
"4865","MXCUSD_1.csv","MXCUSD","21494","reviewed_historical_identity","frozen_historical_registry_current_official_assets","","","MXC/USD","MXC","ZUSD","MXC","USD","historical_pair_absent_from_captured_current_assetpairs","True","{""registry_sha256"":""65aaac5993ada762c8498f2fe9c298c00eb7f1f5a0deeea407f8c0cf10562408"",""resolution_method"":""frozen_historical_registry_current_official_assets"",""evidence_class"":""captured_current_official_asset_records_plus_official_archive_member"",""source_member_ordinal"":4865,""official_support_url"":""""}"
"4873","NANOEUR_1.csv","NANOEUR","4177","official_exact","official_altname_exact","NANOEUR","NANOEUR","NANO/EUR","NANO","ZEUR","NANO","EUR","online","True","{""pair_key"":""NANOEUR"",""match_methods"":[""result_object_key"",""altname"",""wsname_without_separator""],""base"":""NANO"",""quote"":""ZEUR""}"
"4881","NANOUSD_1.csv","NANOUSD","17529","official_exact","official_altname_exact","NANOUSD","NANOUSD","NANO/USD","NANO","ZUSD","NANO","USD","online","True","{""pair_key"":""NANOUSD"",""match_methods"":[""result_object_key"",""altname"",""wsname_without_separator""],""base"":""NANO"",""quote"":""ZUSD""}"
"4889","NEAREUR_1.csv","NEAREUR","12806","official_exact","official_altname_exact","NEAREUR","NEAREUR","NEAR/EUR","NEAR","ZEUR","NEAR","EUR","online","True","{""pair_key"":""NEAREUR"",""match_methods"":[""result_object_key"",""altname"",""wsname_without_separator""],""base"":""NEAR"",""quote"":""ZEUR""}"
"4897","NEARUSD_1.csv","NEARUSD","39141","official_exact","official_altname_exact","NEARUSD","NEARUSD","NEAR/USD","NEAR","ZUSD","NEAR","USD","online","True","{""pair_key"":""NEARUSD"",""match_methods"":[""result_object_key"",""altname"",""wsname_without_separator""],""base"":""NEAR"",""quote"":""ZUSD""}"
"4905","NEIROEUR_1.csv","NEIROEUR","2923","official_exact","official_altname_exact","NEIROEUR","NEIROEUR","NEIRO/EUR","NEIRO","ZEUR","NEIRO","EUR","online","True","{""pair_key"":""NEIROEUR"",""match_methods"":[""result_object_key"",""altname"",""wsname_without_separator""],""base"":""NEIRO"",""quote"":""ZEUR""}"
"4913","NEIROUSD_1.csv","NEIROUSD","16415","official_exact","official_altname_exact","NEIROUSD","NEIROUSD","NEIRO/USD","NEIRO","ZUSD","NEIRO","USD","online","True","{""pair_key"":""NEIROUSD"",""match_methods"":[""result_object_key"",""altname"",""wsname_without_separator""],""base"":""NEIRO"",""quote"":""ZUSD""}"
"4921","NILEUR_1.csv","NILEUR","673","official_exact","official_altname_exact","NILEUR","NILEUR","NIL/EUR","NIL","ZEUR","NIL","EUR","online","True","{""pair_key"":""NILEUR"",""match_methods"":[""result_object_key"",""altname"",""wsname_without_separator""],""base"":""NIL"",""quote"":""ZEUR""}"
"4929","NILUSD_1.csv","NILUSD","4553","official_exact","official_altname_exact","NILUSD","NILUSD","NIL/USD","NIL","ZUSD","NIL","USD","online","True","{""pair_key"":""NILUSD"",""match_methods"":[""result_object_key"",""altname"",""wsname_without_separator""],""base"":""NIL"",""quote"":""ZUSD""}"
"4937","NMREUR_1.csv","NMREUR","1789","official_exact","official_altname_exact","NMREUR","NMREUR","NMR/EUR","NMR","ZEUR","NMR","EUR","online","True","{""pair_key"":""NMREUR"",""match_methods"":[""result_object_key"",""altname"",""wsname_without_separator""],""base"":""NMR"",""quote"":""ZEUR""}"
"4945","NMRUSD_1.csv","NMRUSD","4116","official_exact","official_altname_exact","NMRUSD","NMRUSD","NMR/USD","NMR","ZUSD","NMR","USD","online","True","{""pair_key"":""NMRUSD"",""match_methods"":[""result_object_key"",""altname"",""wsname_without_separator""],""base"":""NMR"",""quote"":""ZUSD""}"
"4953","NODLEUR_1.csv","NODLEUR","857","reviewed_historical_identity","frozen_historical_registry_current_official_assets","","","NODL/EUR","NODL","ZEUR","NODL","EUR","historical_pair_absent_from_captured_current_assetpairs","True","{""registry_sha256"":""65aaac5993ada762c8498f2fe9c298c00eb7f1f5a0deeea407f8c0cf10562408"",""resolution_method"":""frozen_historical_registry_current_official_assets"",""evidence_class"":""captured_current_official_asset_records_plus_official_archive_member"",""source_member_ordinal"":4953,""official_support_url"":""""}"
"4961","NODLUSD_1.csv","NODLUSD","1707","reviewed_historical_identity","frozen_historical_registry_current_official_assets","","","NODL/USD","NODL","ZUSD","NODL","USD","historical_pair_absent_from_captured_current_assetpairs","True","{""registry_sha256"":""65aaac5993ada762c8498f2fe9c298c00eb7f1f5a0deeea407f8c0cf10562408"",""resolution_method"":""frozen_historical_registry_current_official_assets"",""evidence_class"":""captured_current_official_asset_records_plus_official_archive_member"",""source_member_ordinal"":4961,""official_support_url"":""""}"
"4969","NOSEUR_1.csv","NOSEUR","5335","official_exact","official_altname_exact","NOSEUR","NOSEUR","NOS/EUR","NOS","ZEUR","NOS","EUR","online","True","{""pair_key"":""NOSEUR"",""match_methods"":[""result_object_key"",""altname"",""wsname_without_separator""],""base"":""NOS"",""quote"":""ZEUR""}"
"4977","NOSUSD_1.csv","NOSUSD","11857","official_exact","official_altname_exact","NOSUSD","NOSUSD","NOS/USD","NOS","ZUSD","NOS","USD","online","True","{""pair_key"":""NOSUSD"",""match_methods"":[""result_object_key"",""altname"",""wsname_without_separator""],""base"":""NOS"",""quote"":""ZUSD""}"
"4985","NOTEUR_1.csv","NOTEUR","1230","official_exact","official_altname_exact","NOTEUR","NOTEUR","NOT/EUR","NOT","ZEUR","NOT","EUR","online","True","{""pair_key"":""NOTEUR"",""match_methods"":[""result_object_key"",""altname"",""wsname_without_separator""],""base"":""NOT"",""quote"":""ZEUR""}"
"4993","NOTUSD_1.csv","NOTUSD","6212","official_exact","official_altname_exact","NOTUSD","NOTUSD","NOT/USD","NOT","ZUSD","NOT","USD","online","True","{""pair_key"":""NOTUSD"",""match_methods"":[""result_object_key"",""altname"",""wsname_without_separator""],""base"":""NOT"",""quote"":""ZUSD""}"
"5001","NPCEUR_1.csv","NPCEUR","281","official_exact","official_altname_exact","NPCEUR","NPCEUR","NPC/EUR","NPC","ZEUR","NPC","EUR","online","True","{""pair_key"":""NPCEUR"",""match_methods"":[""result_object_key"",""altname"",""wsname_without_separator""],""base"":""NPC"",""quote"":""ZEUR""}"
"5009","NPCUSD_1.csv","NPCUSD","1207","official_exact","official_altname_exact","NPCUSD","NPCUSD","NPC/USD","NPC","ZUSD","NPC","USD","online","True","{""pair_key"":""NPCUSD"",""match_methods"":[""result_object_key"",""altname"",""wsname_without_separator""],""base"":""NPC"",""quote"":""ZUSD""}"
"5017","NTRNEUR_1.csv","NTRNEUR","304","official_exact","official_altname_exact","NTRNEUR","NTRNEUR","NTRN/EUR","NTRN","ZEUR","NTRN","EUR","cancel_only","True","{""pair_key"":""NTRNEUR"",""match_methods"":[""result_object_key"",""altname"",""wsname_without_separator""],""base"":""NTRN"",""quote"":""ZEUR""}"
"5025","NTRNUSD_1.csv","NTRNUSD","5507","official_exact","official_altname_exact","NTRNUSD","NTRNUSD","NTRN/USD","NTRN","ZUSD","NTRN","USD","cancel_only","True","{""pair_key"":""NTRNUSD"",""match_methods"":[""result_object_key"",""altname"",""wsname_without_separator""],""base"":""NTRN"",""quote"":""ZUSD""}"
"5033","NYMEUR_1.csv","NYMEUR","625","reviewed_historical_identity","frozen_historical_registry_current_official_assets","","","NYM/EUR","NYM","ZEUR","NYM","EUR","historical_pair_absent_from_captured_current_assetpairs","True","{""registry_sha256"":""65aaac5993ada762c8498f2fe9c298c00eb7f1f5a0deeea407f8c0cf10562408"",""resolution_method"":""frozen_historical_registry_current_official_assets"",""evidence_class"":""captured_current_official_asset_records_plus_official_archive_member"",""source_member_ordinal"":5033,""official_support_url"":""""}"
"5041","NYMUSD_1.csv","NYMUSD","4233","reviewed_historical_identity","frozen_historical_registry_current_official_assets","","","NYM/USD","NYM","ZUSD","NYM","USD","historical_pair_absent_from_captured_current_assetpairs","True","{""registry_sha256"":""65aaac5993ada762c8498f2fe9c298c00eb7f1f5a0deeea407f8c0cf10562408"",""resolution_method"":""frozen_historical_registry_current_official_assets"",""evidence_class"":""captured_current_official_asset_records_plus_official_archive_member"",""source_member_ordinal"":5041,""official_support_url"":""""}"
"5049","OCEANEUR_1.csv","OCEANEUR","3554","official_exact","official_altname_exact","OCEANEUR","OCEANEUR","OCEAN/EUR","OCEAN","ZEUR","OCEAN","EUR","online","True","{""pair_key"":""OCEANEUR"",""match_methods"":[""result_object_key"",""altname"",""wsname_without_separator""],""base"":""OCEAN"",""quote"":""ZEUR""}"
"5057","OCEANUSD_1.csv","OCEANUSD","16501","official_exact","official_altname_exact","OCEANUSD","OCEANUSD","OCEAN/USD","OCEAN","ZUSD","OCEAN","USD","online","True","{""pair_key"":""OCEANUSD"",""match_methods"":[""result_object_key"",""altname"",""wsname_without_separator""],""base"":""OCEAN"",""quote"":""ZUSD""}"
"5065","ODOSEUR_1.csv","ODOSEUR","252","reviewed_historical_identity","frozen_historical_registry_current_official_assets","","","ODOS/EUR","ODOS","ZEUR","ODOS","EUR","historical_pair_absent_from_captured_current_assetpairs","True","{""registry_sha256"":""65aaac5993ada762c8498f2fe9c298c00eb7f1f5a0deeea407f8c0cf10562408"",""resolution_method"":""frozen_historical_registry_current_official_assets"",""evidence_class"":""captured_current_official_asset_records_plus_official_archive_member"",""source_member_ordinal"":5065,""official_support_url"":""""}"
"5073","ODOSUSD_1.csv","ODOSUSD","5048","official_exact","official_altname_exact","ODOSUSD","ODOSUSD","ODOS/USD","ODOS","ZUSD","ODOS","USD","online","True","{""pair_key"":""ODOSUSD"",""match_methods"":[""result_object_key"",""altname"",""wsname_without_separator""],""base"":""ODOS"",""quote"":""ZUSD""}"
"5081","OGNEUR_1.csv","OGNEUR","7487","official_exact","official_altname_exact","OGNEUR","OGNEUR","OGN/EUR","OGN","ZEUR","OGN","EUR","online","True","{""pair_key"":""OGNEUR"",""match_methods"":[""result_object_key"",""altname"",""wsname_without_separator""],""base"":""OGN"",""quote"":""ZEUR""}"
"5089","OGNUSD_1.csv","OGNUSD","7135","official_exact","official_altname_exact","OGNUSD","OGNUSD","OGN/USD","OGN","ZUSD","OGN","USD","online","True","{""pair_key"":""OGNUSD"",""match_methods"":[""result_object_key"",""altname"",""wsname_without_separator""],""base"":""OGN"",""quote"":""ZUSD""}"
"5097","OMEUR_1.csv","OMEUR","10793","reviewed_historical_identity","frozen_historical_registry_current_official_assets","","","OM/EUR","OM","ZEUR","OM","EUR","historical_pair_absent_from_captured_current_assetpairs","True","{""registry_sha256"":""65aaac5993ada762c8498f2fe9c298c00eb7f1f5a0deeea407f8c0cf10562408"",""resolution_method"":""frozen_historical_registry_current_official_assets"",""evidence_class"":""captured_current_official_asset_records_plus_official_archive_member"",""source_member_ordinal"":5097,""official_support_url"":""""}"
"5105","OMGEUR_1.csv","OMGEUR","2453","official_exact","official_altname_exact","OMGEUR","OMGEUR","OMG/EUR","OMG","ZEUR","OMG","EUR","online","True","{""pair_key"":""OMGEUR"",""match_methods"":[""result_object_key"",""altname"",""wsname_without_separator""],""base"":""OMG"",""quote"":""ZEUR""}"
"5113","OMGUSD_1.csv","OMGUSD","9376","official_exact","official_altname_exact","OMGUSD","OMGUSD","OMG/USD","OMG","ZUSD","OMG","USD","online","True","{""pair_key"":""OMGUSD"",""match_methods"":[""result_object_key"",""altname"",""wsname_without_separator""],""base"":""OMG"",""quote"":""ZUSD""}"
"5121","OMNIEUR_1.csv","OMNIEUR","292","reviewed_historical_identity","frozen_historical_registry_current_official_assets","","","OMNI/EUR","OMNI","ZEUR","OMNI","EUR","historical_pair_absent_from_captured_current_assetpairs","True","{""registry_sha256"":""65aaac5993ada762c8498f2fe9c298c00eb7f1f5a0deeea407f8c0cf10562408"",""resolution_method"":""frozen_historical_registry_current_official_assets"",""evidence_class"":""captured_current_official_asset_records_plus_official_archive_member"",""source_member_ordinal"":5121,""official_support_url"":""""}"
"5129","OMNIUSD_1.csv","OMNIUSD","205","official_exact","official_altname_exact","OMNIUSD","OMNIUSD","OMNI/USD","OMNI","ZUSD","OMNI","USD","cancel_only","True","{""pair_key"":""OMNIUSD"",""match_methods"":[""result_object_key"",""altname"",""wsname_without_separator""],""base"":""OMNI"",""quote"":""ZUSD""}"
"5137","OMUSD_1.csv","OMUSD","37468","reviewed_historical_identity","frozen_historical_registry_current_official_assets","","","OM/USD","OM","ZUSD","OM","USD","historical_pair_absent_from_captured_current_assetpairs","True","{""registry_sha256"":""65aaac5993ada762c8498f2fe9c298c00eb7f1f5a0deeea407f8c0cf10562408"",""resolution_method"":""frozen_historical_registry_current_official_assets"",""evidence_class"":""captured_current_official_asset_records_plus_official_archive_member"",""source_member_ordinal"":5137,""official_support_url"":""""}"
"5145","ONDOEUR_1.csv","ONDOEUR","21776","official_exact","official_altname_exact","ONDOEUR","ONDOEUR","ONDO/EUR","ONDO","ZEUR","ONDO","EUR","online","True","{""pair_key"":""ONDOEUR"",""match_methods"":[""result_object_key"",""altname"",""wsname_without_separator""],""base"":""ONDO"",""quote"":""ZEUR""}"
"5153","ONDOUSD_1.csv","ONDOUSD","70093","official_exact","official_altname_exact","ONDOUSD","ONDOUSD","ONDO/USD","ONDO","ZUSD","ONDO","USD","online","True","{""pair_key"":""ONDOUSD"",""match_methods"":[""result_object_key"",""altname"",""wsname_without_separator""],""base"":""ONDO"",""quote"":""ZUSD""}"
"5161","OPEUR_1.csv","OPEUR","5644","official_exact","official_altname_exact","OPEUR","OPEUR","OP/EUR","OP","ZEUR","OP","EUR","online","True","{""pair_key"":""OPEUR"",""match_methods"":[""result_object_key"",""altname"",""wsname_without_separator""],""base"":""OP"",""quote"":""ZEUR""}"
"5169","OPUSD_1.csv","OPUSD","19048","official_exact","official_altname_exact","OPUSD","OPUSD","OP/USD","OP","ZUSD","OP","USD","online","True","{""pair_key"":""OPUSD"",""match_methods"":[""result_object_key"",""altname"",""wsname_without_separator""],""base"":""OP"",""quote"":""ZUSD""}"
"5177","ORCAEUR_1.csv","ORCAEUR","4542","official_exact","official_altname_exact","ORCAEUR","ORCAEUR","ORCA/EUR","ORCA","ZEUR","ORCA","EUR","online","True","{""pair_key"":""ORCAEUR"",""match_methods"":[""result_object_key"",""altname"",""wsname_without_separator""],""base"":""ORCA"",""quote"":""ZEUR""}"
"5185","ORCAUSD_1.csv","ORCAUSD","13029","official_exact","official_altname_exact","ORCAUSD","ORCAUSD","ORCA/USD","ORCA","ZUSD","ORCA","USD","online","True","{""pair_key"":""ORCAUSD"",""match_methods"":[""result_object_key"",""altname"",""wsname_without_separator""],""base"":""ORCA"",""quote"":""ZUSD""}"
"5193","ORDEREUR_1.csv","ORDEREUR","131","reviewed_historical_identity","frozen_historical_registry_current_official_assets","","","ORDER/EUR","ORDER","ZEUR","ORDER","EUR","historical_pair_absent_from_captured_current_assetpairs","True","{""registry_sha256"":""65aaac5993ada762c8498f2fe9c298c00eb7f1f5a0deeea407f8c0cf10562408"",""resolution_method"":""frozen_historical_registry_current_official_assets"",""evidence_class"":""captured_current_official_asset_records_plus_official_archive_member"",""source_member_ordinal"":5193,""official_support_url"":""""}"
"5201","ORDERUSD_1.csv","ORDERUSD","398","official_exact","official_altname_exact","ORDERUSD","ORDERUSD","ORDER/USD","ORDER","ZUSD","ORDER","USD","online","True","{""pair_key"":""ORDERUSD"",""match_methods"":[""result_object_key"",""altname"",""wsname_without_separator""],""base"":""ORDER"",""quote"":""ZUSD""}"
"5209","OSMOEUR_1.csv","OSMOEUR","834","official_exact","official_altname_exact","OSMOEUR","OSMOEUR","OSMO/EUR","OSMO","ZEUR","OSMO","EUR","online","True","{""pair_key"":""OSMOEUR"",""match_methods"":[""result_object_key"",""altname"",""wsname_without_separator""],""base"":""OSMO"",""quote"":""ZEUR""}"
"5217","OSMOUSD_1.csv","OSMOUSD","6672","official_exact","official_altname_exact","OSMOUSD","OSMOUSD","OSMO/USD","OSMO","ZUSD","OSMO","USD","online","True","{""pair_key"":""OSMOUSD"",""match_methods"":[""result_object_key"",""altname"",""wsname_without_separator""],""base"":""OSMO"",""quote"":""ZUSD""}"
"5225","OXTEUR_1.csv","OXTEUR","2234","official_exact","official_altname_exact","OXTEUR","OXTEUR","OXT/EUR","OXT","ZEUR","OXT","EUR","online","True","{""pair_key"":""OXTEUR"",""match_methods"":[""result_object_key"",""altname"",""wsname_without_separator""],""base"":""OXT"",""quote"":""ZEUR""}"
"5233","OXTUSD_1.csv","OXTUSD","5205","official_exact","official_altname_exact","OXTUSD","OXTUSD","OXT/USD","OXT","ZUSD","OXT","USD","online","True","{""pair_key"":""OXTUSD"",""match_methods"":[""result_object_key"",""altname"",""wsname_without_separator""],""base"":""OXT"",""quote"":""ZUSD""}"
"5241","OXYEUR_1.csv","OXYEUR","1159","reviewed_historical_identity","frozen_historical_registry_current_official_assets","","","OXY/EUR","OXY","ZEUR","OXY","EUR","historical_pair_absent_from_captured_current_assetpairs","True","{""registry_sha256"":""65aaac5993ada762c8498f2fe9c298c00eb7f1f5a0deeea407f8c0cf10562408"",""resolution_method"":""frozen_historical_registry_current_official_assets"",""evidence_class"":""captured_current_official_asset_records_plus_official_archive_member"",""source_member_ordinal"":5241,""official_support_url"":""""}"
"5249","OXYUSD_1.csv","OXYUSD","1551","reviewed_historical_identity","frozen_historical_registry_current_official_assets","","","OXY/USD","OXY","ZUSD","OXY","USD","historical_pair_absent_from_captured_current_assetpairs","True","{""registry_sha256"":""65aaac5993ada762c8498f2fe9c298c00eb7f1f5a0deeea407f8c0cf10562408"",""resolution_method"":""frozen_historical_registry_current_official_assets"",""evidence_class"":""captured_current_official_asset_records_plus_official_archive_member"",""source_member_ordinal"":5249,""official_support_url"":""""}"
"5257","PAXGETH_1.csv","PAXGETH","3616","official_exact","official_altname_exact","PAXGETH","PAXGETH","PAXG/ETH","PAXG","XETH","PAXG","ETH","online","True","{""pair_key"":""PAXGETH"",""match_methods"":[""result_object_key"",""altname"",""wsname_without_separator""],""base"":""PAXG"",""quote"":""XETH""}"
"5265","PAXGEUR_1.csv","PAXGEUR","12926","official_exact","official_altname_exact","PAXGEUR","PAXGEUR","PAXG/EUR","PAXG","ZEUR","PAXG","EUR","online","True","{""pair_key"":""PAXGEUR"",""match_methods"":[""result_object_key"",""altname"",""wsname_without_separator""],""base"":""PAXG"",""quote"":""ZEUR""}"
"5273","PAXGUSD_1.csv","PAXGUSD","32181","official_exact","official_altname_exact","PAXGUSD","PAXGUSD","PAXG/USD","PAXG","ZUSD","PAXG","USD","online","True","{""pair_key"":""PAXGUSD"",""match_methods"":[""result_object_key"",""altname"",""wsname_without_separator""],""base"":""PAXG"",""quote"":""ZUSD""}"
"5281","PAXGXBT_1.csv","PAXGXBT","12327","official_exact","official_altname_exact","PAXGXBT","PAXGXBT","PAXG/XBT","PAXG","XXBT","PAXG","XBT","online","True","{""pair_key"":""PAXGXBT"",""match_methods"":[""result_object_key"",""altname"",""wsname_without_separator""],""base"":""PAXG"",""quote"":""XXBT""}"
"5289","PDAEUR_1.csv","PDAEUR","2929","reviewed_historical_identity","frozen_historical_registry_current_official_assets","","","PDA/EUR","PDA","ZEUR","PDA","EUR","historical_pair_absent_from_captured_current_assetpairs","True","{""registry_sha256"":""65aaac5993ada762c8498f2fe9c298c00eb7f1f5a0deeea407f8c0cf10562408"",""resolution_method"":""frozen_historical_registry_current_official_assets"",""evidence_class"":""captured_current_official_asset_records_plus_official_archive_member"",""source_member_ordinal"":5289,""official_support_url"":""""}"
"5297","PDAUSD_1.csv","PDAUSD","6952","reviewed_historical_identity","frozen_historical_registry_current_official_assets","","","PDA/USD","PDA","ZUSD","PDA","USD","historical_pair_absent_from_captured_current_assetpairs","True","{""registry_sha256"":""65aaac5993ada762c8498f2fe9c298c00eb7f1f5a0deeea407f8c0cf10562408"",""resolution_method"":""frozen_historical_registry_current_official_assets"",""evidence_class"":""captured_current_official_asset_records_plus_official_archive_member"",""source_member_ordinal"":5297,""official_support_url"":""""}"
"5305","PENDLEEUR_1.csv","PENDLEEUR","3613","official_exact","official_altname_exact","PENDLEEUR","PENDLEEUR","PENDLE/EUR","PENDLE","ZEUR","PENDLE","EUR","online","True","{""pair_key"":""PENDLEEUR"",""match_methods"":[""result_object_key"",""altname"",""wsname_without_separator""],""base"":""PENDLE"",""quote"":""ZEUR""}"
"5313","PENDLEUSD_1.csv","PENDLEUSD","16146","official_exact","official_altname_exact","PENDLEUSD","PENDLEUSD","PENDLE/USD","PENDLE","ZUSD","PENDLE","USD","online","True","{""pair_key"":""PENDLEUSD"",""match_methods"":[""result_object_key"",""altname"",""wsname_without_separator""],""base"":""PENDLE"",""quote"":""ZUSD""}"
"5321","PENGUEUR_1.csv","PENGUEUR","11625","official_exact","official_altname_exact","PENGUEUR","PENGUEUR","PENGU/EUR","PENGU","ZEUR","PENGU","EUR","online","True","{""pair_key"":""PENGUEUR"",""match_methods"":[""result_object_key"",""altname"",""wsname_without_separator""],""base"":""PENGU"",""quote"":""ZEUR""}"
"5329","PENGUUSDC_1.csv","PENGUUSDC","1385","official_exact","official_altname_exact","PENGUUSDC","PENGUUSDC","PENGU/USDC","PENGU","USDC","PENGU","USDC","online","True","{""pair_key"":""PENGUUSDC"",""match_methods"":[""result_object_key"",""altname"",""wsname_without_separator""],""base"":""PENGU"",""quote"":""USDC""}"
"5337","PENGUUSDT_1.csv","PENGUUSDT","13369","official_exact","official_altname_exact","PENGUUSDT","PENGUUSDT","PENGU/USDT","PENGU","USDT","PENGU","USDT","online","True","{""pair_key"":""PENGUUSDT"",""match_methods"":[""result_object_key"",""altname"",""wsname_without_separator""],""base"":""PENGU"",""quote"":""USDT""}"
"5345","PENGUUSD_1.csv","PENGUUSD","73057","official_exact","official_altname_exact","PENGUUSD","PENGUUSD","PENGU/USD","PENGU","ZUSD","PENGU","USD","online","True","{""pair_key"":""PENGUUSD"",""match_methods"":[""result_object_key"",""altname"",""wsname_without_separator""],""base"":""PENGU"",""quote"":""ZUSD""}"
"5353","PEPEAUD_1.csv","PEPEAUD","1523","official_exact","official_altname_exact","PEPEAUD","PEPEAUD","PEPE/AUD","PEPE","ZAUD","PEPE","AUD","online","True","{""pair_key"":""PEPEAUD"",""match_methods"":[""result_object_key"",""altname"",""wsname_without_separator""],""base"":""PEPE"",""quote"":""ZAUD""}"
"5361","PEPECAD_1.csv","PEPECAD","6667","official_exact","official_altname_exact","PEPECAD","PEPECAD","PEPE/CAD","PEPE","ZCAD","PEPE","CAD","online","True","{""pair_key"":""PEPECAD"",""match_methods"":[""result_object_key"",""altname"",""wsname_without_separator""],""base"":""PEPE"",""quote"":""ZCAD""}"
"5369","PEPEEUR_1.csv","PEPEEUR","44985","official_exact","official_altname_exact","PEPEEUR","PEPEEUR","PEPE/EUR","PEPE","ZEUR","PEPE","EUR","online","True","{""pair_key"":""PEPEEUR"",""match_methods"":[""result_object_key"",""altname"",""wsname_without_separator""],""base"":""PEPE"",""quote"":""ZEUR""}"
"5377","PEPEGBP_1.csv","PEPEGBP","8944","official_exact","official_altname_exact","PEPEGBP","PEPEGBP","PEPE/GBP","PEPE","ZGBP","PEPE","GBP","online","True","{""pair_key"":""PEPEGBP"",""match_methods"":[""result_object_key"",""altname"",""wsname_without_separator""],""base"":""PEPE"",""quote"":""ZGBP""}"
"5385","PEPEUSD_1.csv","PEPEUSD","92373","official_exact","official_altname_exact","PEPEUSD","PEPEUSD","PEPE/USD","PEPE","ZUSD","PEPE","USD","online","True","{""pair_key"":""PEPEUSD"",""match_methods"":[""result_object_key"",""altname"",""wsname_without_separator""],""base"":""PEPE"",""quote"":""ZUSD""}"
"5393","PERPEUR_1.csv","PERPEUR","2902","official_exact","official_altname_exact","PERPEUR","PERPEUR","PERP/EUR","PERP","ZEUR","PERP","EUR","online","True","{""pair_key"":""PERPEUR"",""match_methods"":[""result_object_key"",""altname"",""wsname_without_separator""],""base"":""PERP"",""quote"":""ZEUR""}"
"5401","PERPUSD_1.csv","PERPUSD","6027","official_exact","official_altname_exact","PERPUSD","PERPUSD","PERP/USD","PERP","ZUSD","PERP","USD","online","True","{""pair_key"":""PERPUSD"",""match_methods"":[""result_object_key"",""altname"",""wsname_without_separator""],""base"":""PERP"",""quote"":""ZUSD""}"
"5409","PHAEUR_1.csv","PHAEUR","2261","official_exact","official_altname_exact","PHAEUR","PHAEUR","PHA/EUR","PHA","ZEUR","PHA","EUR","online","True","{""pair_key"":""PHAEUR"",""match_methods"":[""result_object_key"",""altname"",""wsname_without_separator""],""base"":""PHA"",""quote"":""ZEUR""}"
"5417","PHAUSD_1.csv","PHAUSD","14270","official_exact","official_altname_exact","PHAUSD","PHAUSD","PHA/USD","PHA","ZUSD","PHA","USD","online","True","{""pair_key"":""PHAUSD"",""match_methods"":[""result_object_key"",""altname"",""wsname_without_separator""],""base"":""PHA"",""quote"":""ZUSD""}"
"5425","PLUMEEUR_1.csv","PLUMEEUR","2384","official_exact","official_altname_exact","PLUMEEUR","PLUMEEUR","PLUME/EUR","PLUME","ZEUR","PLUME","EUR","online","True","{""pair_key"":""PLUMEEUR"",""match_methods"":[""result_object_key"",""altname"",""wsname_without_separator""],""base"":""PLUME"",""quote"":""ZEUR""}"
"5433","PLUMEUSD_1.csv","PLUMEUSD","18252","official_exact","official_altname_exact","PLUMEUSD","PLUMEUSD","PLUME/USD","PLUME","ZUSD","PLUME","USD","online","True","{""pair_key"":""PLUMEUSD"",""match_methods"":[""result_object_key"",""altname"",""wsname_without_separator""],""base"":""PLUME"",""quote"":""ZUSD""}"
"5441","PNUTEUR_1.csv","PNUTEUR","4234","official_exact","official_altname_exact","PNUTEUR","PNUTEUR","PNUT/EUR","PNUT","ZEUR","PNUT","EUR","online","True","{""pair_key"":""PNUTEUR"",""match_methods"":[""result_object_key"",""altname"",""wsname_without_separator""],""base"":""PNUT"",""quote"":""ZEUR""}"
"5449","PNUTUSD_1.csv","PNUTUSD","25050","official_exact","official_altname_exact","PNUTUSD","PNUTUSD","PNUT/USD","PNUT","ZUSD","PNUT","USD","online","True","{""pair_key"":""PNUTUSD"",""match_methods"":[""result_object_key"",""altname"",""wsname_without_separator""],""base"":""PNUT"",""quote"":""ZUSD""}"
"5457","POLEUR_1.csv","POLEUR","25667","official_exact","official_altname_exact","POLEUR","POLEUR","POL/EUR","POL","ZEUR","POL","EUR","online","True","{""pair_key"":""POLEUR"",""match_methods"":[""result_object_key"",""altname"",""wsname_without_separator""],""base"":""POL"",""quote"":""ZEUR""}"
"5465","POLISEUR_1.csv","POLISEUR","2069","official_exact","official_altname_exact","POLISEUR","POLISEUR","POLIS/EUR","POLIS","ZEUR","POLIS","EUR","online","True","{""pair_key"":""POLISEUR"",""match_methods"":[""result_object_key"",""altname"",""wsname_without_separator""],""base"":""POLIS"",""quote"":""ZEUR""}"
"5473","POLISUSD_1.csv","POLISUSD","4796","official_exact","official_altname_exact","POLISUSD","POLISUSD","POLIS/USD","POLIS","ZUSD","POLIS","USD","online","True","{""pair_key"":""POLISUSD"",""match_methods"":[""result_object_key"",""altname"",""wsname_without_separator""],""base"":""POLIS"",""quote"":""ZUSD""}"
"5481","POLSEUR_1.csv","POLSEUR","523","official_exact","official_altname_exact","POLSEUR","POLSEUR","POLS/EUR","POLS","ZEUR","POLS","EUR","online","True","{""pair_key"":""POLSEUR"",""match_methods"":[""result_object_key"",""altname"",""wsname_without_separator""],""base"":""POLS"",""quote"":""ZEUR""}"
"5489","POLSUSD_1.csv","POLSUSD","3217","official_exact","official_altname_exact","POLSUSD","POLSUSD","POLS/USD","POLS","ZUSD","POLS","USD","online","True","{""pair_key"":""POLSUSD"",""match_methods"":[""result_object_key"",""altname"",""wsname_without_separator""],""base"":""POLS"",""quote"":""ZUSD""}"
"5497","POLUSD_1.csv","POLUSD","38430","official_exact","official_altname_exact","POLUSD","POLUSD","POL/USD","POL","ZUSD","POL","USD","online","True","{""pair_key"":""POLUSD"",""match_methods"":[""result_object_key"",""altname"",""wsname_without_separator""],""base"":""POL"",""quote"":""ZUSD""}"
"5505","PONDEUR_1.csv","PONDEUR","397","official_exact","official_altname_exact","PONDEUR","PONDEUR","POND/EUR","POND","ZEUR","POND","EUR","online","True","{""pair_key"":""PONDEUR"",""match_methods"":[""result_object_key"",""altname"",""wsname_without_separator""],""base"":""POND"",""quote"":""ZEUR""}"
"5513","PONDUSD_1.csv","PONDUSD","3126","official_exact","official_altname_exact","PONDUSD","PONDUSD","POND/USD","POND","ZUSD","POND","USD","online","True","{""pair_key"":""PONDUSD"",""match_methods"":[""result_object_key"",""altname"",""wsname_without_separator""],""base"":""POND"",""quote"":""ZUSD""}"
"5521","PONKEEUR_1.csv","PONKEEUR","2704","official_exact","official_altname_exact","PONKEEUR","PONKEEUR","PONKE/EUR","PONKE","ZEUR","PONKE","EUR","online","True","{""pair_key"":""PONKEEUR"",""match_methods"":[""result_object_key"",""altname"",""wsname_without_separator""],""base"":""PONKE"",""quote"":""ZEUR""}"
"5529","PONKEUSD_1.csv","PONKEUSD","10997","official_exact","official_altname_exact","PONKEUSD","PONKEUSD","PONKE/USD","PONKE","ZUSD","PONKE","USD","online","True","{""pair_key"":""PONKEUSD"",""match_methods"":[""result_object_key"",""altname"",""wsname_without_separator""],""base"":""PONKE"",""quote"":""ZUSD""}"
"5537","POPCATEUR_1.csv","POPCATEUR","17650","official_exact","official_altname_exact","POPCATEUR","POPCATEUR","POPCAT/EUR","POPCAT","ZEUR","POPCAT","EUR","online","True","{""pair_key"":""POPCATEUR"",""match_methods"":[""result_object_key"",""altname"",""wsname_without_separator""],""base"":""POPCAT"",""quote"":""ZEUR""}"
"5545","POPCATGBP_1.csv","POPCATGBP","4955","official_exact","official_altname_exact","POPCATGBP","POPCATGBP","POPCAT/GBP","POPCAT","ZGBP","POPCAT","GBP","online","True","{""pair_key"":""POPCATGBP"",""match_methods"":[""result_object_key"",""altname"",""wsname_without_separator""],""base"":""POPCAT"",""quote"":""ZGBP""}"
"5553","POPCATUSD_1.csv","POPCATUSD","60523","official_exact","official_altname_exact","POPCATUSD","POPCATUSD","POPCAT/USD","POPCAT","ZUSD","POPCAT","USD","online","True","{""pair_key"":""POPCATUSD"",""match_methods"":[""result_object_key"",""altname"",""wsname_without_separator""],""base"":""POPCAT"",""quote"":""ZUSD""}"
"5561","PORTALEUR_1.csv","PORTALEUR","1309","official_exact","official_altname_exact","PORTALEUR","PORTALEUR","PORTAL/EUR","PORTAL","ZEUR","PORTAL","EUR","online","True","{""pair_key"":""PORTALEUR"",""match_methods"":[""result_object_key"",""altname"",""wsname_without_separator""],""base"":""PORTAL"",""quote"":""ZEUR""}"
"5569","PORTALUSD_1.csv","PORTALUSD","2105","official_exact","official_altname_exact","PORTALUSD","PORTALUSD","PORTAL/USD","PORTAL","ZUSD","PORTAL","USD","online","True","{""pair_key"":""PORTALUSD"",""match_methods"":[""result_object_key"",""altname"",""wsname_without_separator""],""base"":""PORTAL"",""quote"":""ZUSD""}"
"5577","POWREUR_1.csv","POWREUR","1115","official_exact","official_altname_exact","POWREUR","POWREUR","POWR/EUR","POWR","ZEUR","POWR","EUR","online","True","{""pair_key"":""POWREUR"",""match_methods"":[""result_object_key"",""altname"",""wsname_without_separator""],""base"":""POWR"",""quote"":""ZEUR""}"
"5585","POWRUSD_1.csv","POWRUSD","2754","official_exact","official_altname_exact","POWRUSD","POWRUSD","POWR/USD","POWR","ZUSD","POWR","USD","online","True","{""pair_key"":""POWRUSD"",""match_methods"":[""result_object_key"",""altname"",""wsname_without_separator""],""base"":""POWR"",""quote"":""ZUSD""}"
"5593","PRCLEUR_1.csv","PRCLEUR","5972","official_exact","official_altname_exact","PRCLEUR","PRCLEUR","PRCL/EUR","PRCL","ZEUR","PRCL","EUR","online","True","{""pair_key"":""PRCLEUR"",""match_methods"":[""result_object_key"",""altname"",""wsname_without_separator""],""base"":""PRCL"",""quote"":""ZEUR""}"
"5601","PRCLUSD_1.csv","PRCLUSD","7538","official_exact","official_altname_exact","PRCLUSD","PRCLUSD","PRCL/USD","PRCL","ZUSD","PRCL","USD","online","True","{""pair_key"":""PRCLUSD"",""match_methods"":[""result_object_key"",""altname"",""wsname_without_separator""],""base"":""PRCL"",""quote"":""ZUSD""}"
"5609","PRIMEEUR_1.csv","PRIMEEUR","12925","official_exact","official_altname_exact","PRIMEEUR","PRIMEEUR","PRIME/EUR","PRIME","ZEUR","PRIME","EUR","online","True","{""pair_key"":""PRIMEEUR"",""match_methods"":[""result_object_key"",""altname"",""wsname_without_separator""],""base"":""PRIME"",""quote"":""ZEUR""}"
"5617","PRIMEUSD_1.csv","PRIMEUSD","31332","official_exact","official_altname_exact","PRIMEUSD","PRIMEUSD","PRIME/USD","PRIME","ZUSD","PRIME","USD","online","True","{""pair_key"":""PRIMEUSD"",""match_methods"":[""result_object_key"",""altname"",""wsname_without_separator""],""base"":""PRIME"",""quote"":""ZUSD""}"
"5625","PROMPTEUR_1.csv","PROMPTEUR","8821","official_exact","official_altname_exact","PROMPTEUR","PROMPTEUR","PROMPT/EUR","PROMPT","ZEUR","PROMPT","EUR","online","True","{""pair_key"":""PROMPTEUR"",""match_methods"":[""result_object_key"",""altname"",""wsname_without_separator""],""base"":""PROMPT"",""quote"":""ZEUR""}"
"5633","PROMPTUSD_1.csv","PROMPTUSD","32406","official_exact","official_altname_exact","PROMPTUSD","PROMPTUSD","PROMPT/USD","PROMPT","ZUSD","PROMPT","USD","online","True","{""pair_key"":""PROMPTUSD"",""match_methods"":[""result_object_key"",""altname"",""wsname_without_separator""],""base"":""PROMPT"",""quote"":""ZUSD""}"
"5641","PSTAKEEUR_1.csv","PSTAKEEUR","3440","reviewed_historical_identity","frozen_historical_registry_current_official_assets","","","PSTAKE/EUR","PSTAKE","ZEUR","PSTAKE","EUR","historical_pair_absent_from_captured_current_assetpairs","True","{""registry_sha256"":""65aaac5993ada762c8498f2fe9c298c00eb7f1f5a0deeea407f8c0cf10562408"",""resolution_method"":""frozen_historical_registry_current_official_assets"",""evidence_class"":""captured_current_official_asset_records_plus_official_archive_member"",""source_member_ordinal"":5641,""official_support_url"":""""}"
"5649","PSTAKEUSD_1.csv","PSTAKEUSD","7313","reviewed_historical_identity","frozen_historical_registry_current_official_assets","","","PSTAKE/USD","PSTAKE","ZUSD","PSTAKE","USD","historical_pair_absent_from_captured_current_assetpairs","True","{""registry_sha256"":""65aaac5993ada762c8498f2fe9c298c00eb7f1f5a0deeea407f8c0cf10562408"",""resolution_method"":""frozen_historical_registry_current_official_assets"",""evidence_class"":""captured_current_official_asset_records_plus_official_archive_member"",""source_member_ordinal"":5649,""official_support_url"":""""}"
"5657","PUFFEREUR_1.csv","PUFFEREUR","718","official_exact","official_altname_exact","PUFFEREUR","PUFFEREUR","PUFFER/EUR","PUFFER","ZEUR","PUFFER","EUR","online","True","{""pair_key"":""PUFFEREUR"",""match_methods"":[""result_object_key"",""altname"",""wsname_without_separator""],""base"":""PUFFER"",""quote"":""ZEUR""}"
"5665","PUFFERUSD_1.csv","PUFFERUSD","19698","official_exact","official_altname_exact","PUFFERUSD","PUFFERUSD","PUFFER/USD","PUFFER","ZUSD","PUFFER","USD","online","True","{""pair_key"":""PUFFERUSD"",""match_methods"":[""result_object_key"",""altname"",""wsname_without_separator""],""base"":""PUFFER"",""quote"":""ZUSD""}"
"5673","PYTHEUR_1.csv","PYTHEUR","5892","official_exact","official_altname_exact","PYTHEUR","PYTHEUR","PYTH/EUR","PYTH","ZEUR","PYTH","EUR","online","True","{""pair_key"":""PYTHEUR"",""match_methods"":[""result_object_key"",""altname"",""wsname_without_separator""],""base"":""PYTH"",""quote"":""ZEUR""}"
"5681","PYTHUSD_1.csv","PYTHUSD","24671","official_exact","official_altname_exact","PYTHUSD","PYTHUSD","PYTH/USD","PYTH","ZUSD","PYTH","USD","online","True","{""pair_key"":""PYTHUSD"",""match_methods"":[""result_object_key"",""altname"",""wsname_without_separator""],""base"":""PYTH"",""quote"":""ZUSD""}"
"5689","PYUSDEUR_1.csv","PYUSDEUR","127","reviewed_historical_identity","frozen_historical_registry_current_official_assets","","","PYUSD/EUR","PYUSD","ZEUR","PYUSD","EUR","historical_pair_absent_from_captured_current_assetpairs","True","{""registry_sha256"":""65aaac5993ada762c8498f2fe9c298c00eb7f1f5a0deeea407f8c0cf10562408"",""resolution_method"":""frozen_historical_registry_current_official_assets"",""evidence_class"":""captured_current_official_asset_records_plus_official_archive_member"",""source_member_ordinal"":5689,""official_support_url"":""""}"
"5697","PYUSDUSD_1.csv","PYUSDUSD","10548","official_exact","official_altname_exact","PYUSDUSD","PYUSDUSD","PYUSD/USD","PYUSD","ZUSD","PYUSD","USD","online","True","{""pair_key"":""PYUSDUSD"",""match_methods"":[""result_object_key"",""altname"",""wsname_without_separator""],""base"":""PYUSD"",""quote"":""ZUSD""}"
"5705","QNTEUR_1.csv","QNTEUR","14316","official_exact","official_altname_exact","QNTEUR","QNTEUR","QNT/EUR","QNT","ZEUR","QNT","EUR","online","True","{""pair_key"":""QNTEUR"",""match_methods"":[""result_object_key"",""altname"",""wsname_without_separator""],""base"":""QNT"",""quote"":""ZEUR""}"
"5713","QNTUSD_1.csv","QNTUSD","29700","official_exact","official_altname_exact","QNTUSD","QNTUSD","QNT/USD","QNT","ZUSD","QNT","USD","online","True","{""pair_key"":""QNTUSD"",""match_methods"":[""result_object_key"",""altname"",""wsname_without_separator""],""base"":""QNT"",""quote"":""ZUSD""}"
"5721","QTUMEUR_1.csv","QTUMEUR","1024","official_exact","official_altname_exact","QTUMEUR","QTUMEUR","QTUM/EUR","QTUM","ZEUR","QTUM","EUR","online","True","{""pair_key"":""QTUMEUR"",""match_methods"":[""result_object_key"",""altname"",""wsname_without_separator""],""base"":""QTUM"",""quote"":""ZEUR""}"
"5729","QTUMUSD_1.csv","QTUMUSD","3273","official_exact","official_altname_exact","QTUMUSD","QTUMUSD","QTUM/USD","QTUM","ZUSD","QTUM","USD","online","True","{""pair_key"":""QTUMUSD"",""match_methods"":[""result_object_key"",""altname"",""wsname_without_separator""],""base"":""QTUM"",""quote"":""ZUSD""}"
"5737","RADEUR_1.csv","RADEUR","766","official_exact","official_altname_exact","RADEUR","RADEUR","RAD/EUR","RAD","ZEUR","RAD","EUR","online","True","{""pair_key"":""RADEUR"",""match_methods"":[""result_object_key"",""altname"",""wsname_without_separator""],""base"":""RAD"",""quote"":""ZEUR""}"
"5745","RADUSD_1.csv","RADUSD","6617","official_exact","official_altname_exact","RADUSD","RADUSD","RAD/USD","RAD","ZUSD","RAD","USD","online","True","{""pair_key"":""RADUSD"",""match_methods"":[""result_object_key"",""altname"",""wsname_without_separator""],""base"":""RAD"",""quote"":""ZUSD""}"
"5753","RAREEUR_1.csv","RAREEUR","2092","official_exact","official_altname_exact","RAREEUR","RAREEUR","RARE/EUR","RARE","ZEUR","RARE","EUR","online","True","{""pair_key"":""RAREEUR"",""match_methods"":[""result_object_key"",""altname"",""wsname_without_separator""],""base"":""RARE"",""quote"":""ZEUR""}"
"5761","RAREUSD_1.csv","RAREUSD","26492","official_exact","official_altname_exact","RAREUSD","RAREUSD","RARE/USD","RARE","ZUSD","RARE","USD","online","True","{""pair_key"":""RAREUSD"",""match_methods"":[""result_object_key"",""altname"",""wsname_without_separator""],""base"":""RARE"",""quote"":""ZUSD""}"
"5769","RARIEUR_1.csv","RARIEUR","1882","official_exact","official_altname_exact","RARIEUR","RARIEUR","RARI/EUR","RARI","ZEUR","RARI","EUR","online","True","{""pair_key"":""RARIEUR"",""match_methods"":[""result_object_key"",""altname"",""wsname_without_separator""],""base"":""RARI"",""quote"":""ZEUR""}"
"5777","RARIUSD_1.csv","RARIUSD","5537","official_exact","official_altname_exact","RARIUSD","RARIUSD","RARI/USD","RARI","ZUSD","RARI","USD","online","True","{""pair_key"":""RARIUSD"",""match_methods"":[""result_object_key"",""altname"",""wsname_without_separator""],""base"":""RARI"",""quote"":""ZUSD""}"
"5785","RAYEUR_1.csv","RAYEUR","7277","official_exact","official_altname_exact","RAYEUR","RAYEUR","RAY/EUR","RAY","ZEUR","RAY","EUR","online","True","{""pair_key"":""RAYEUR"",""match_methods"":[""result_object_key"",""altname"",""wsname_without_separator""],""base"":""RAY"",""quote"":""ZEUR""}"
"5793","RAYUSD_1.csv","RAYUSD","20998","official_exact","official_altname_exact","RAYUSD","RAYUSD","RAY/USD","RAY","ZUSD","RAY","USD","online","True","{""pair_key"":""RAYUSD"",""match_methods"":[""result_object_key"",""altname"",""wsname_without_separator""],""base"":""RAY"",""quote"":""ZUSD""}"
"5801","RBCEUR_1.csv","RBCEUR","994","reviewed_historical_identity","frozen_historical_registry_current_official_assets","","","RBC/EUR","RBC","ZEUR","RBC","EUR","historical_pair_absent_from_captured_current_assetpairs","True","{""registry_sha256"":""65aaac5993ada762c8498f2fe9c298c00eb7f1f5a0deeea407f8c0cf10562408"",""resolution_method"":""frozen_historical_registry_current_official_assets"",""evidence_class"":""captured_current_official_asset_records_plus_official_archive_member"",""source_member_ordinal"":5801,""official_support_url"":""""}"
"5809","RBCUSD_1.csv","RBCUSD","3513","official_exact","official_altname_exact","RBCUSD","RBCUSD","RBC/USD","RBC","ZUSD","RBC","USD","online","True","{""pair_key"":""RBCUSD"",""match_methods"":[""result_object_key"",""altname"",""wsname_without_separator""],""base"":""RBC"",""quote"":""ZUSD""}"
"5817","REDEUR_1.csv","REDEUR","3000","official_exact","official_altname_exact","REDEUR","REDEUR","RED/EUR","RED","ZEUR","RED","EUR","online","True","{""pair_key"":""REDEUR"",""match_methods"":[""result_object_key"",""altname"",""wsname_without_separator""],""base"":""RED"",""quote"":""ZEUR""}"
"5825","REDUSD_1.csv","REDUSD","7754","official_exact","official_altname_exact","REDUSD","REDUSD","RED/USD","RED","ZUSD","RED","USD","online","True","{""pair_key"":""REDUSD"",""match_methods"":[""result_object_key"",""altname"",""wsname_without_separator""],""base"":""RED"",""quote"":""ZUSD""}"
"5833","RENDEREUR_1.csv","RENDEREUR","17753","official_exact","official_altname_exact","RENDEREUR","RENDEREUR","RENDER/EUR","RENDER","ZEUR","RENDER","EUR","online","True","{""pair_key"":""RENDEREUR"",""match_methods"":[""result_object_key"",""altname"",""wsname_without_separator""],""base"":""RENDER"",""quote"":""ZEUR""}"
"5841","RENDERUSD_1.csv","RENDERUSD","52289","official_exact","official_altname_exact","RENDERUSD","RENDERUSD","RENDER/USD","RENDER","ZUSD","RENDER","USD","online","True","{""pair_key"":""RENDERUSD"",""match_methods"":[""result_object_key"",""altname"",""wsname_without_separator""],""base"":""RENDER"",""quote"":""ZUSD""}"
"5849","RENEUR_1.csv","RENEUR","3654","official_exact","official_altname_exact","RENEUR","RENEUR","REN/EUR","REN","ZEUR","REN","EUR","online","True","{""pair_key"":""RENEUR"",""match_methods"":[""result_object_key"",""altname"",""wsname_without_separator""],""base"":""REN"",""quote"":""ZEUR""}"
"5857","RENUSD_1.csv","RENUSD","21168","official_exact","official_altname_exact","RENUSD","RENUSD","REN/USD","REN","ZUSD","REN","USD","online","True","{""pair_key"":""RENUSD"",""match_methods"":[""result_object_key"",""altname"",""wsname_without_separator""],""base"":""REN"",""quote"":""ZUSD""}"
"5865","REPUSD_1.csv","REPUSD","2744","reviewed_historical_identity","frozen_historical_registry_current_official_assets","","","REP/USD","XREP","ZUSD","REP","USD","historical_pair_absent_from_captured_current_assetpairs","True","{""registry_sha256"":""65aaac5993ada762c8498f2fe9c298c00eb7f1f5a0deeea407f8c0cf10562408"",""resolution_method"":""frozen_historical_registry_current_official_assets"",""evidence_class"":""captured_current_official_asset_records_plus_official_archive_member"",""source_member_ordinal"":5865,""official_support_url"":""""}"
"5873","REPV2EUR_1.csv","REPV2EUR","1907","reviewed_historical_identity","frozen_historical_registry_current_official_assets","","","REPV2/EUR","REPV2","ZEUR","REPV2","EUR","historical_pair_absent_from_captured_current_assetpairs","True","{""registry_sha256"":""65aaac5993ada762c8498f2fe9c298c00eb7f1f5a0deeea407f8c0cf10562408"",""resolution_method"":""frozen_historical_registry_current_official_assets"",""evidence_class"":""captured_current_official_asset_records_plus_official_archive_member"",""source_member_ordinal"":5873,""official_support_url"":""""}"
"5881","REPV2USD_1.csv","REPV2USD","8806","reviewed_historical_identity","frozen_historical_registry_current_official_assets","","","REPV2/USD","REPV2","ZUSD","REPV2","USD","historical_pair_absent_from_captured_current_assetpairs","True","{""registry_sha256"":""65aaac5993ada762c8498f2fe9c298c00eb7f1f5a0deeea407f8c0cf10562408"",""resolution_method"":""frozen_historical_registry_current_official_assets"",""evidence_class"":""captured_current_official_asset_records_plus_official_archive_member"",""source_member_ordinal"":5881,""official_support_url"":""""}"
"5889","REQEUR_1.csv","REQEUR","434","official_exact","official_altname_exact","REQEUR","REQEUR","REQ/EUR","REQ","ZEUR","REQ","EUR","online","True","{""pair_key"":""REQEUR"",""match_methods"":[""result_object_key"",""altname"",""wsname_without_separator""],""base"":""REQ"",""quote"":""ZEUR""}"
"5897","REQUSD_1.csv","REQUSD","2851","official_exact","official_altname_exact","REQUSD","REQUSD","REQ/USD","REQ","ZUSD","REQ","USD","online","True","{""pair_key"":""REQUSD"",""match_methods"":[""result_object_key"",""altname"",""wsname_without_separator""],""base"":""REQ"",""quote"":""ZUSD""}"
"5905","REZEUR_1.csv","REZEUR","712","official_exact","official_altname_exact","REZEUR","REZEUR","REZ/EUR","REZ","ZEUR","REZ","EUR","online","True","{""pair_key"":""REZEUR"",""match_methods"":[""result_object_key"",""altname"",""wsname_without_separator""],""base"":""REZ"",""quote"":""ZEUR""}"
"5913","REZUSD_1.csv","REZUSD","16295","official_exact","official_altname_exact","REZUSD","REZUSD","REZ/USD","REZ","ZUSD","REZ","USD","online","True","{""pair_key"":""REZUSD"",""match_methods"":[""result_object_key"",""altname"",""wsname_without_separator""],""base"":""REZ"",""quote"":""ZUSD""}"
"5921","RIZEEUR_1.csv","RIZEEUR","6542","official_exact","official_altname_exact","RIZEEUR","RIZEEUR","RIZE/EUR","RIZE","ZEUR","RIZE","EUR","online","True","{""pair_key"":""RIZEEUR"",""match_methods"":[""result_object_key"",""altname"",""wsname_without_separator""],""base"":""RIZE"",""quote"":""ZEUR""}"
"5929","RIZEUSD_1.csv","RIZEUSD","17644","official_exact","official_altname_exact","RIZEUSD","RIZEUSD","RIZE/USD","RIZE","ZUSD","RIZE","USD","online","True","{""pair_key"":""RIZEUSD"",""match_methods"":[""result_object_key"",""altname"",""wsname_without_separator""],""base"":""RIZE"",""quote"":""ZUSD""}"
"5937","RLCEUR_1.csv","RLCEUR","723","official_exact","official_altname_exact","RLCEUR","RLCEUR","RLC/EUR","RLC","ZEUR","RLC","EUR","online","True","{""pair_key"":""RLCEUR"",""match_methods"":[""result_object_key"",""altname"",""wsname_without_separator""],""base"":""RLC"",""quote"":""ZEUR""}"
"5945","RLCUSD_1.csv","RLCUSD","3471","official_exact","official_altname_exact","RLCUSD","RLCUSD","RLC/USD","RLC","ZUSD","RLC","USD","online","True","{""pair_key"":""RLCUSD"",""match_methods"":[""result_object_key"",""altname"",""wsname_without_separator""],""base"":""RLC"",""quote"":""ZUSD""}"
"5953","RLUSDUSDC_1.csv","RLUSDUSDC","2328","official_exact","official_altname_exact","RLUSDUSDC","RLUSDUSDC","RLUSD/USDC","RLUSD","USDC","RLUSD","USDC","online","True","{""pair_key"":""RLUSDUSDC"",""match_methods"":[""result_object_key"",""altname"",""wsname_without_separator""],""base"":""RLUSD"",""quote"":""USDC""}"
"5961","RLUSDUSDT_1.csv","RLUSDUSDT","1924","official_exact","official_altname_exact","RLUSDUSDT","RLUSDUSDT","RLUSD/USDT","RLUSD","USDT","RLUSD","USDT","online","True","{""pair_key"":""RLUSDUSDT"",""match_methods"":[""result_object_key"",""altname"",""wsname_without_separator""],""base"":""RLUSD"",""quote"":""USDT""}"
"5969","RLUSDUSD_1.csv","RLUSDUSD","9601","official_exact","official_altname_exact","RLUSDUSD","RLUSDUSD","RLUSD/USD","RLUSD","ZUSD","RLUSD","USD","online","True","{""pair_key"":""RLUSDUSD"",""match_methods"":[""result_object_key"",""altname"",""wsname_without_separator""],""base"":""RLUSD"",""quote"":""ZUSD""}"
"5977","ROOKEUR_1.csv","ROOKEUR","467","reviewed_historical_identity","frozen_historical_registry_current_official_assets","","","ROOK/EUR","ROOK","ZEUR","ROOK","EUR","historical_pair_absent_from_captured_current_assetpairs","True","{""registry_sha256"":""65aaac5993ada762c8498f2fe9c298c00eb7f1f5a0deeea407f8c0cf10562408"",""resolution_method"":""frozen_historical_registry_current_official_assets"",""evidence_class"":""captured_current_official_asset_records_plus_official_archive_member"",""source_member_ordinal"":5977,""official_support_url"":""""}"
"5985","ROOKUSD_1.csv","ROOKUSD","429","reviewed_historical_identity","frozen_historical_registry_current_official_assets","","","ROOK/USD","ROOK","ZUSD","ROOK","USD","historical_pair_absent_from_captured_current_assetpairs","True","{""registry_sha256"":""65aaac5993ada762c8498f2fe9c298c00eb7f1f5a0deeea407f8c0cf10562408"",""resolution_method"":""frozen_historical_registry_current_official_assets"",""evidence_class"":""captured_current_official_asset_records_plus_official_archive_member"",""source_member_ordinal"":5985,""official_support_url"":""""}"
"5993","RPLEUR_1.csv","RPLEUR","1994","official_exact","official_altname_exact","RPLEUR","RPLEUR","RPL/EUR","RPL","ZEUR","RPL","EUR","online","True","{""pair_key"":""RPLEUR"",""match_methods"":[""result_object_key"",""altname"",""wsname_without_separator""],""base"":""RPL"",""quote"":""ZEUR""}"
"6001","RPLUSD_1.csv","RPLUSD","7310","official_exact","official_altname_exact","RPLUSD","RPLUSD","RPL/USD","RPL","ZUSD","RPL","USD","online","True","{""pair_key"":""RPLUSD"",""match_methods"":[""result_object_key"",""altname"",""wsname_without_separator""],""base"":""RPL"",""quote"":""ZUSD""}"
"6009","RSREUR_1.csv","RSREUR","2236","official_exact","official_altname_exact","RSREUR","RSREUR","RSR/EUR","RSR","ZEUR","RSR","EUR","online","True","{""pair_key"":""RSREUR"",""match_methods"":[""result_object_key"",""altname"",""wsname_without_separator""],""base"":""RSR"",""quote"":""ZEUR""}"
"6017","RSRUSD_1.csv","RSRUSD","11860","official_exact","official_altname_exact","RSRUSD","RSRUSD","RSR/USD","RSR","ZUSD","RSR","USD","online","True","{""pair_key"":""RSRUSD"",""match_methods"":[""result_object_key"",""altname"",""wsname_without_separator""],""base"":""RSR"",""quote"":""ZUSD""}"
"6025","RUJIEUR_1.csv","RUJIEUR","296","official_exact","official_altname_exact","RUJIEUR","RUJIEUR","RUJI/EUR","RUJI","ZEUR","RUJI","EUR","online","True","{""pair_key"":""RUJIEUR"",""match_methods"":[""result_object_key"",""altname"",""wsname_without_separator""],""base"":""RUJI"",""quote"":""ZEUR""}"
"6033","RUJIUSD_1.csv","RUJIUSD","1172","official_exact","official_altname_exact","RUJIUSD","RUJIUSD","RUJI/USD","RUJI","ZUSD","RUJI","USD","online","True","{""pair_key"":""RUJIUSD"",""match_methods"":[""result_object_key"",""altname"",""wsname_without_separator""],""base"":""RUJI"",""quote"":""ZUSD""}"
"6041","RUNEEUR_1.csv","RUNEEUR","5324","official_exact","official_altname_exact","RUNEEUR","RUNEEUR","RUNE/EUR","RUNE","ZEUR","RUNE","EUR","online","True","{""pair_key"":""RUNEEUR"",""match_methods"":[""result_object_key"",""altname"",""wsname_without_separator""],""base"":""RUNE"",""quote"":""ZEUR""}"
"6049","RUNEUSD_1.csv","RUNEUSD","21275","official_exact","official_altname_exact","RUNEUSD","RUNEUSD","RUNE/USD","RUNE","ZUSD","RUNE","USD","online","True","{""pair_key"":""RUNEUSD"",""match_methods"":[""result_object_key"",""altname"",""wsname_without_separator""],""base"":""RUNE"",""quote"":""ZUSD""}"
"6057","SAFEEUR_1.csv","SAFEEUR","1168","official_exact","official_altname_exact","SAFEEUR","SAFEEUR","SAFE/EUR","SAFE","ZEUR","SAFE","EUR","online","True","{""pair_key"":""SAFEEUR"",""match_methods"":[""result_object_key"",""altname"",""wsname_without_separator""],""base"":""SAFE"",""quote"":""ZEUR""}"
"6065","SAFEUSD_1.csv","SAFEUSD","6563","official_exact","official_altname_exact","SAFEUSD","SAFEUSD","SAFE/USD","SAFE","ZUSD","SAFE","USD","online","True","{""pair_key"":""SAFEUSD"",""match_methods"":[""result_object_key"",""altname"",""wsname_without_separator""],""base"":""SAFE"",""quote"":""ZUSD""}"
"6073","SAGAEUR_1.csv","SAGAEUR","1948","official_exact","official_altname_exact","SAGAEUR","SAGAEUR","SAGA/EUR","SAGA","ZEUR","SAGA","EUR","online","True","{""pair_key"":""SAGAEUR"",""match_methods"":[""result_object_key"",""altname"",""wsname_without_separator""],""base"":""SAGA"",""quote"":""ZEUR""}"
"6081","SAGAUSD_1.csv","SAGAUSD","14202","official_exact","official_altname_exact","SAGAUSD","SAGAUSD","SAGA/USD","SAGA","ZUSD","SAGA","USD","online","True","{""pair_key"":""SAGAUSD"",""match_methods"":[""result_object_key"",""altname"",""wsname_without_separator""],""base"":""SAGA"",""quote"":""ZUSD""}"
"6089","SAHARAEUR_1.csv","SAHARAEUR","140","official_exact","official_altname_exact","SAHARAEUR","SAHARAEUR","SAHARA/EUR","SAHARA","ZEUR","SAHARA","EUR","online","True","{""pair_key"":""SAHARAEUR"",""match_methods"":[""result_object_key"",""altname"",""wsname_without_separator""],""base"":""SAHARA"",""quote"":""ZEUR""}"
"6097","SAHARAUSD_1.csv","SAHARAUSD","1368","official_exact","official_altname_exact","SAHARAUSD","SAHARAUSD","SAHARA/USD","SAHARA","ZUSD","SAHARA","USD","online","True","{""pair_key"":""SAHARAUSD"",""match_methods"":[""result_object_key"",""altname"",""wsname_without_separator""],""base"":""SAHARA"",""quote"":""ZUSD""}"
"6105","SAMOEUR_1.csv","SAMOEUR","2057","official_exact","official_altname_exact","SAMOEUR","SAMOEUR","SAMO/EUR","SAMO","ZEUR","SAMO","EUR","online","True","{""pair_key"":""SAMOEUR"",""match_methods"":[""result_object_key"",""altname"",""wsname_without_separator""],""base"":""SAMO"",""quote"":""ZEUR""}"
"6113","SAMOUSD_1.csv","SAMOUSD","7880","official_exact","official_altname_exact","SAMOUSD","SAMOUSD","SAMO/USD","SAMO","ZUSD","SAMO","USD","online","True","{""pair_key"":""SAMOUSD"",""match_methods"":[""result_object_key"",""altname"",""wsname_without_separator""],""base"":""SAMO"",""quote"":""ZUSD""}"
"6121","SANDEUR_1.csv","SANDEUR","5921","official_exact","official_altname_exact","SANDEUR","SANDEUR","SAND/EUR","SAND","ZEUR","SAND","EUR","online","True","{""pair_key"":""SANDEUR"",""match_methods"":[""result_object_key"",""altname"",""wsname_without_separator""],""base"":""SAND"",""quote"":""ZEUR""}"
"6129","SANDGBP_1.csv","SANDGBP","1796","official_exact","official_altname_exact","SANDGBP","SANDGBP","SAND/GBP","SAND","ZGBP","SAND","GBP","online","True","{""pair_key"":""SANDGBP"",""match_methods"":[""result_object_key"",""altname"",""wsname_without_separator""],""base"":""SAND"",""quote"":""ZGBP""}"
"6137","SANDUSD_1.csv","SANDUSD","47874","official_exact","official_altname_exact","SANDUSD","SANDUSD","SAND/USD","SAND","ZUSD","SAND","USD","online","True","{""pair_key"":""SANDUSD"",""match_methods"":[""result_object_key"",""altname"",""wsname_without_separator""],""base"":""SAND"",""quote"":""ZUSD""}"
"6145","SANDXBT_1.csv","SANDXBT","1908","official_exact","official_altname_exact","SANDXBT","SANDXBT","SAND/XBT","SAND","XXBT","SAND","XBT","online","True","{""pair_key"":""SANDXBT"",""match_methods"":[""result_object_key"",""altname"",""wsname_without_separator""],""base"":""SAND"",""quote"":""XXBT""}"
"6153","SBREUR_1.csv","SBREUR","3029","official_exact","official_altname_exact","SBREUR","SBREUR","SBR/EUR","SBR","ZEUR","SBR","EUR","online","True","{""pair_key"":""SBREUR"",""match_methods"":[""result_object_key"",""altname"",""wsname_without_separator""],""base"":""SBR"",""quote"":""ZEUR""}"
"6161","SBRUSD_1.csv","SBRUSD","13964","official_exact","official_altname_exact","SBRUSD","SBRUSD","SBR/USD","SBR","ZUSD","SBR","USD","online","True","{""pair_key"":""SBRUSD"",""match_methods"":[""result_object_key"",""altname"",""wsname_without_separator""],""base"":""SBR"",""quote"":""ZUSD""}"
"6169","SCEUR_1.csv","SCEUR","4547","official_exact","official_altname_exact","SCEUR","SCEUR","SC/EUR","SC","ZEUR","SC","EUR","online","True","{""pair_key"":""SCEUR"",""match_methods"":[""result_object_key"",""altname"",""wsname_without_separator""],""base"":""SC"",""quote"":""ZEUR""}"
"6177","SCRTEUR_1.csv","SCRTEUR","5026","official_exact","official_altname_exact","SCRTEUR","SCRTEUR","SCRT/EUR","SCRT","ZEUR","SCRT","EUR","online","True","{""pair_key"":""SCRTEUR"",""match_methods"":[""result_object_key"",""altname"",""wsname_without_separator""],""base"":""SCRT"",""quote"":""ZEUR""}"
"6185","SCRTUSD_1.csv","SCRTUSD","50897","official_exact","official_altname_exact","SCRTUSD","SCRTUSD","SCRT/USD","SCRT","ZUSD","SCRT","USD","online","True","{""pair_key"":""SCRTUSD"",""match_methods"":[""result_object_key"",""altname"",""wsname_without_separator""],""base"":""SCRT"",""quote"":""ZUSD""}"
"6193","SCUSD_1.csv","SCUSD","12651","official_exact","official_altname_exact","SCUSD","SCUSD","SC/USD","SC","ZUSD","SC","USD","online","True","{""pair_key"":""SCUSD"",""match_methods"":[""result_object_key"",""altname"",""wsname_without_separator""],""base"":""SC"",""quote"":""ZUSD""}"
"6201","SCXBT_1.csv","SCXBT","2387","official_exact","official_altname_exact","SCXBT","SCXBT","SC/XBT","SC","XXBT","SC","XBT","online","True","{""pair_key"":""SCXBT"",""match_methods"":[""result_object_key"",""altname"",""wsname_without_separator""],""base"":""SC"",""quote"":""XXBT""}"
"6209","SDNEUR_1.csv","SDNEUR","1010","reviewed_historical_identity","frozen_historical_registry_current_official_assets","","","SDN/EUR","SDN","ZEUR","SDN","EUR","historical_pair_absent_from_captured_current_assetpairs","True","{""registry_sha256"":""65aaac5993ada762c8498f2fe9c298c00eb7f1f5a0deeea407f8c0cf10562408"",""resolution_method"":""frozen_historical_registry_current_official_assets"",""evidence_class"":""captured_current_official_asset_records_plus_official_archive_member"",""source_member_ordinal"":6209,""official_support_url"":""""}"
"6217","SDNUSD_1.csv","SDNUSD","1469","reviewed_historical_identity","frozen_historical_registry_current_official_assets","","","SDN/USD","SDN","ZUSD","SDN","USD","historical_pair_absent_from_captured_current_assetpairs","True","{""registry_sha256"":""65aaac5993ada762c8498f2fe9c298c00eb7f1f5a0deeea407f8c0cf10562408"",""resolution_method"":""frozen_historical_registry_current_official_assets"",""evidence_class"":""captured_current_official_asset_records_plus_official_archive_member"",""source_member_ordinal"":6217,""official_support_url"":""""}"
"6225","SEIEUR_1.csv","SEIEUR","9183","official_exact","official_altname_exact","SEIEUR","SEIEUR","SEI/EUR","SEI","ZEUR","SEI","EUR","online","True","{""pair_key"":""SEIEUR"",""match_methods"":[""result_object_key"",""altname"",""wsname_without_separator""],""base"":""SEI"",""quote"":""ZEUR""}"
"6233","SEIUSD_1.csv","SEIUSD","38152","official_exact","official_altname_exact","SEIUSD","SEIUSD","SEI/USD","SEI","ZUSD","SEI","USD","online","True","{""pair_key"":""SEIUSD"",""match_methods"":[""result_object_key"",""altname"",""wsname_without_separator""],""base"":""SEI"",""quote"":""ZUSD""}"
"6241","SEUR_1.csv","SEUR","5797","official_exact","official_altname_exact","SEUR","SEUR","S/EUR","S","ZEUR","S","EUR","online","True","{""pair_key"":""SEUR"",""match_methods"":[""result_object_key"",""altname"",""wsname_without_separator""],""base"":""S"",""quote"":""ZEUR""}"
"6249","SGBEUR_1.csv","SGBEUR","9583","official_exact","official_altname_exact","SGBEUR","SGBEUR","SGB/EUR","SGB","ZEUR","SGB","EUR","online","True","{""pair_key"":""SGBEUR"",""match_methods"":[""result_object_key"",""altname"",""wsname_without_separator""],""base"":""SGB"",""quote"":""ZEUR""}"
"6257","SGBUSD_1.csv","SGBUSD","25865","official_exact","official_altname_exact","SGBUSD","SGBUSD","SGB/USD","SGB","ZUSD","SGB","USD","online","True","{""pair_key"":""SGBUSD"",""match_methods"":[""result_object_key"",""altname"",""wsname_without_separator""],""base"":""SGB"",""quote"":""ZUSD""}"
"6265","SHIBEUR_1.csv","SHIBEUR","19989","official_exact","official_altname_exact","SHIBEUR","SHIBEUR","SHIB/EUR","SHIB","ZEUR","SHIB","EUR","online","True","{""pair_key"":""SHIBEUR"",""match_methods"":[""result_object_key"",""altname"",""wsname_without_separator""],""base"":""SHIB"",""quote"":""ZEUR""}"
"6273","SHIBUSDC_1.csv","SHIBUSDC","3948","official_exact","official_altname_exact","SHIBUSDC","SHIBUSDC","SHIB/USDC","SHIB","USDC","SHIB","USDC","online","True","{""pair_key"":""SHIBUSDC"",""match_methods"":[""result_object_key"",""altname"",""wsname_without_separator""],""base"":""SHIB"",""quote"":""USDC""}"
"6281","SHIBUSDT_1.csv","SHIBUSDT","8663","official_exact","official_altname_exact","SHIBUSDT","SHIBUSDT","SHIB/USDT","SHIB","USDT","SHIB","USDT","online","True","{""pair_key"":""SHIBUSDT"",""match_methods"":[""result_object_key"",""altname"",""wsname_without_separator""],""base"":""SHIB"",""quote"":""USDT""}"
"6289","SHIBUSD_1.csv","SHIBUSD","65677","official_exact","official_altname_exact","SHIBUSD","SHIBUSD","SHIB/USD","SHIB","ZUSD","SHIB","USD","online","True","{""pair_key"":""SHIBUSD"",""match_methods"":[""result_object_key"",""altname"",""wsname_without_separator""],""base"":""SHIB"",""quote"":""ZUSD""}"
"6297","SIGMAEUR_1.csv","SIGMAEUR","2558","official_exact","official_altname_exact","SIGMAEUR","SIGMAEUR","SIGMA/EUR","SIGMA","ZEUR","SIGMA","EUR","online","True","{""pair_key"":""SIGMAEUR"",""match_methods"":[""result_object_key"",""altname"",""wsname_without_separator""],""base"":""SIGMA"",""quote"":""ZEUR""}"
"6305","SIGMAUSD_1.csv","SIGMAUSD","13444","official_exact","official_altname_exact","SIGMAUSD","SIGMAUSD","SIGMA/USD","SIGMA","ZUSD","SIGMA","USD","online","True","{""pair_key"":""SIGMAUSD"",""match_methods"":[""result_object_key"",""altname"",""wsname_without_separator""],""base"":""SIGMA"",""quote"":""ZUSD""}"
"6313","SKYEUR_1.csv","SKYEUR","1172","official_exact","official_altname_exact","SKYEUR","SKYEUR","SKY/EUR","SKY","ZEUR","SKY","EUR","online","True","{""pair_key"":""SKYEUR"",""match_methods"":[""result_object_key"",""altname"",""wsname_without_separator""],""base"":""SKY"",""quote"":""ZEUR""}"
"6321","SKYUSD_1.csv","SKYUSD","6491","official_exact","official_altname_exact","SKYUSD","SKYUSD","SKY/USD","SKY","ZUSD","SKY","USD","online","True","{""pair_key"":""SKYUSD"",""match_methods"":[""result_object_key"",""altname"",""wsname_without_separator""],""base"":""SKY"",""quote"":""ZUSD""}"
"6329","SNEKEUR_1.csv","SNEKEUR","4465","official_exact","official_altname_exact","SNEKEUR","SNEKEUR","SNEK/EUR","SNEK","ZEUR","SNEK","EUR","online","True","{""pair_key"":""SNEKEUR"",""match_methods"":[""result_object_key"",""altname"",""wsname_without_separator""],""base"":""SNEK"",""quote"":""ZEUR""}"
"6337","SNEKUSD_1.csv","SNEKUSD","10703","official_exact","official_altname_exact","SNEKUSD","SNEKUSD","SNEK/USD","SNEK","ZUSD","SNEK","USD","online","True","{""pair_key"":""SNEKUSD"",""match_methods"":[""result_object_key"",""altname"",""wsname_without_separator""],""base"":""SNEK"",""quote"":""ZUSD""}"
"6345","SNXEUR_1.csv","SNXEUR","5522","official_exact","official_altname_exact","SNXEUR","SNXEUR","SNX/EUR","SNX","ZEUR","SNX","EUR","online","True","{""pair_key"":""SNXEUR"",""match_methods"":[""result_object_key"",""altname"",""wsname_without_separator""],""base"":""SNX"",""quote"":""ZEUR""}"
"6353","SNXUSD_1.csv","SNXUSD","16057","official_exact","official_altname_exact","SNXUSD","SNXUSD","SNX/USD","SNX","ZUSD","SNX","USD","online","True","{""pair_key"":""SNXUSD"",""match_methods"":[""result_object_key"",""altname"",""wsname_without_separator""],""base"":""SNX"",""quote"":""ZUSD""}"
"6361","SNXXBT_1.csv","SNXXBT","1941","official_exact","official_altname_exact","SNXXBT","SNXXBT","SNX/XBT","SNX","XXBT","SNX","XBT","online","True","{""pair_key"":""SNXXBT"",""match_methods"":[""result_object_key"",""altname"",""wsname_without_separator""],""base"":""SNX"",""quote"":""XXBT""}"
"6369","SOLAUD_1.csv","SOLAUD","17567","official_exact","official_altname_exact","SOLAUD","SOLAUD","SOL/AUD","SOL","ZAUD","SOL","AUD","online","True","{""pair_key"":""SOLAUD"",""match_methods"":[""result_object_key"",""altname"",""wsname_without_separator""],""base"":""SOL"",""quote"":""ZAUD""}"
"6377","SOLCAD_1.csv","SOLCAD","35689","official_exact","official_altname_exact","SOLCAD","SOLCAD","SOL/CAD","SOL","ZCAD","SOL","CAD","online","True","{""pair_key"":""SOLCAD"",""match_methods"":[""result_object_key"",""altname"",""wsname_without_separator""],""base"":""SOL"",""quote"":""ZCAD""}"
"6385","SOLETH_1.csv","SOLETH","22570","official_exact","official_altname_exact","SOLETH","SOLETH","SOL/ETH","SOL","XETH","SOL","ETH","online","True","{""pair_key"":""SOLETH"",""match_methods"":[""result_object_key"",""altname"",""wsname_without_separator""],""base"":""SOL"",""quote"":""XETH""}"
"6393","SOLEUR_1.csv","SOLEUR","115515","official_exact","official_altname_exact","SOLEUR","SOLEUR","SOL/EUR","SOL","ZEUR","SOL","EUR","online","True","{""pair_key"":""SOLEUR"",""match_methods"":[""result_object_key"",""altname"",""wsname_without_separator""],""base"":""SOL"",""quote"":""ZEUR""}"
"6401","SOLGBP_1.csv","SOLGBP","72085","official_exact","official_altname_exact","SOLGBP","SOLGBP","SOL/GBP","SOL","ZGBP","SOL","GBP","online","True","{""pair_key"":""SOLGBP"",""match_methods"":[""result_object_key"",""altname"",""wsname_without_separator""],""base"":""SOL"",""quote"":""ZGBP""}"
"6409","SOLUSDC_1.csv","SOLUSDC","38498","official_exact","official_altname_exact","SOLUSDC","SOLUSDC","SOL/USDC","SOL","USDC","SOL","USDC","online","True","{""pair_key"":""SOLUSDC"",""match_methods"":[""result_object_key"",""altname"",""wsname_without_separator""],""base"":""SOL"",""quote"":""USDC""}"
"6417","SOLUSDT_1.csv","SOLUSDT","52415","official_exact","official_altname_exact","SOLUSDT","SOLUSDT","SOL/USDT","SOL","USDT","SOL","USDT","online","True","{""pair_key"":""SOLUSDT"",""match_methods"":[""result_object_key"",""altname"",""wsname_without_separator""],""base"":""SOL"",""quote"":""USDT""}"
"6425","SOLUSD_1.csv","SOLUSD","125119","official_exact","official_altname_exact","SOLUSD","SOLUSD","SOL/USD","SOL","ZUSD","SOL","USD","online","True","{""pair_key"":""SOLUSD"",""match_methods"":[""result_object_key"",""altname"",""wsname_without_separator""],""base"":""SOL"",""quote"":""ZUSD""}"
"6433","SOLXBT_1.csv","SOLXBT","44110","official_exact","official_altname_exact","SOLXBT","SOLXBT","SOL/XBT","SOL","XXBT","SOL","XBT","online","True","{""pair_key"":""SOLXBT"",""match_methods"":[""result_object_key"",""altname"",""wsname_without_separator""],""base"":""SOL"",""quote"":""XXBT""}"
"6441","SONICEUR_1.csv","SONICEUR","1352","reviewed_historical_identity","frozen_historical_registry_current_official_assets","","","SONIC/EUR","SONIC","ZEUR","SONIC","EUR","historical_pair_absent_from_captured_current_assetpairs","True","{""registry_sha256"":""65aaac5993ada762c8498f2fe9c298c00eb7f1f5a0deeea407f8c0cf10562408"",""resolution_method"":""frozen_historical_registry_current_official_assets"",""evidence_class"":""captured_current_official_asset_records_plus_official_archive_member"",""source_member_ordinal"":6441,""official_support_url"":""""}"
"6449","SONICUSD_1.csv","SONICUSD","5801","official_exact","official_altname_exact","SONICUSD","SONICUSD","SONIC/USD","SONIC","ZUSD","SONIC","USD","online","True","{""pair_key"":""SONICUSD"",""match_methods"":[""result_object_key"",""altname"",""wsname_without_separator""],""base"":""SONIC"",""quote"":""ZUSD""}"
"6457","SPELLEUR_1.csv","SPELLEUR","2420","official_exact","official_altname_exact","SPELLEUR","SPELLEUR","SPELL/EUR","SPELL","ZEUR","SPELL","EUR","online","True","{""pair_key"":""SPELLEUR"",""match_methods"":[""result_object_key"",""altname"",""wsname_without_separator""],""base"":""SPELL"",""quote"":""ZEUR""}"
"6465","SPELLUSD_1.csv","SPELLUSD","7239","official_exact","official_altname_exact","SPELLUSD","SPELLUSD","SPELL/USD","SPELL","ZUSD","SPELL","USD","online","True","{""pair_key"":""SPELLUSD"",""match_methods"":[""result_object_key"",""altname"",""wsname_without_separator""],""base"":""SPELL"",""quote"":""ZUSD""}"
"6473","SPICEEUR_1.csv","SPICEEUR","1435","reviewed_historical_identity","frozen_historical_registry_current_official_assets","","","SPICE/EUR","SPICE","ZEUR","SPICE","EUR","historical_pair_absent_from_captured_current_assetpairs","True","{""registry_sha256"":""65aaac5993ada762c8498f2fe9c298c00eb7f1f5a0deeea407f8c0cf10562408"",""resolution_method"":""frozen_historical_registry_current_official_assets"",""evidence_class"":""captured_current_official_asset_records_plus_official_archive_member"",""source_member_ordinal"":6473,""official_support_url"":""""}"
"6481","SPICEUSD_1.csv","SPICEUSD","2712","reviewed_historical_identity","frozen_historical_registry_current_official_assets","","","SPICE/USD","SPICE","ZUSD","SPICE","USD","historical_pair_absent_from_captured_current_assetpairs","True","{""registry_sha256"":""65aaac5993ada762c8498f2fe9c298c00eb7f1f5a0deeea407f8c0cf10562408"",""resolution_method"":""frozen_historical_registry_current_official_assets"",""evidence_class"":""captured_current_official_asset_records_plus_official_archive_member"",""source_member_ordinal"":6481,""official_support_url"":""""}"
"6489","SPKEUR_1.csv","SPKEUR","13","official_exact","official_altname_exact","SPKEUR","SPKEUR","SPK/EUR","SPK","ZEUR","SPK","EUR","online","True","{""pair_key"":""SPKEUR"",""match_methods"":[""result_object_key"",""altname"",""wsname_without_separator""],""base"":""SPK"",""quote"":""ZEUR""}"
"6497","SPKUSD_1.csv","SPKUSD","2966","official_exact","official_altname_exact","SPKUSD","SPKUSD","SPK/USD","SPK","ZUSD","SPK","USD","online","True","{""pair_key"":""SPKUSD"",""match_methods"":[""result_object_key"",""altname"",""wsname_without_separator""],""base"":""SPK"",""quote"":""ZUSD""}"
"6505","SPXEUR_1.csv","SPXEUR","17945","official_exact","official_altname_exact","SPXEUR","SPXEUR","SPX/EUR","SPX","ZEUR","SPX","EUR","online","True","{""pair_key"":""SPXEUR"",""match_methods"":[""result_object_key"",""altname"",""wsname_without_separator""],""base"":""SPX"",""quote"":""ZEUR""}"
"6513","SPXUSD_1.csv","SPXUSD","76184","official_exact","official_altname_exact","SPXUSD","SPXUSD","SPX/USD","SPX","ZUSD","SPX","USD","online","True","{""pair_key"":""SPXUSD"",""match_methods"":[""result_object_key"",""altname"",""wsname_without_separator""],""base"":""SPX"",""quote"":""ZUSD""}"
"6521","SRMEUR_1.csv","SRMEUR","1595","official_exact","official_altname_exact","SRMEUR","SRMEUR","SRM/EUR","SRM","ZEUR","SRM","EUR","online","True","{""pair_key"":""SRMEUR"",""match_methods"":[""result_object_key"",""altname"",""wsname_without_separator""],""base"":""SRM"",""quote"":""ZEUR""}"
"6529","SRMUSD_1.csv","SRMUSD","6742","official_exact","official_altname_exact","SRMUSD","SRMUSD","SRM/USD","SRM","ZUSD","SRM","USD","online","True","{""pair_key"":""SRMUSD"",""match_methods"":[""result_object_key"",""altname"",""wsname_without_separator""],""base"":""SRM"",""quote"":""ZUSD""}"
"6537","SSVEUR_1.csv","SSVEUR","815","official_exact","official_altname_exact","SSVEUR","SSVEUR","SSV/EUR","SSV","ZEUR","SSV","EUR","online","True","{""pair_key"":""SSVEUR"",""match_methods"":[""result_object_key"",""altname"",""wsname_without_separator""],""base"":""SSV"",""quote"":""ZEUR""}"
"6545","SSVUSD_1.csv","SSVUSD","1715","official_exact","official_altname_exact","SSVUSD","SSVUSD","SSV/USD","SSV","ZUSD","SSV","USD","online","True","{""pair_key"":""SSVUSD"",""match_methods"":[""result_object_key"",""altname"",""wsname_without_separator""],""base"":""SSV"",""quote"":""ZUSD""}"
"6553","STEPEUR_1.csv","STEPEUR","966","reviewed_historical_identity","frozen_historical_registry_current_official_assets","","","STEP/EUR","STEP","ZEUR","STEP","EUR","historical_pair_absent_from_captured_current_assetpairs","True","{""registry_sha256"":""65aaac5993ada762c8498f2fe9c298c00eb7f1f5a0deeea407f8c0cf10562408"",""resolution_method"":""frozen_historical_registry_current_official_assets"",""evidence_class"":""captured_current_official_asset_records_plus_official_archive_member"",""source_member_ordinal"":6553,""official_support_url"":""""}"
"6561","STEPUSD_1.csv","STEPUSD","940","reviewed_historical_identity","frozen_historical_registry_current_official_assets","","","STEP/USD","STEP","ZUSD","STEP","USD","historical_pair_absent_from_captured_current_assetpairs","True","{""registry_sha256"":""65aaac5993ada762c8498f2fe9c298c00eb7f1f5a0deeea407f8c0cf10562408"",""resolution_method"":""frozen_historical_registry_current_official_assets"",""evidence_class"":""captured_current_official_asset_records_plus_official_archive_member"",""source_member_ordinal"":6561,""official_support_url"":""""}"
"6569","STGEUR_1.csv","STGEUR","463","official_exact","official_altname_exact","STGEUR","STGEUR","STG/EUR","STG","ZEUR","STG","EUR","online","True","{""pair_key"":""STGEUR"",""match_methods"":[""result_object_key"",""altname"",""wsname_without_separator""],""base"":""STG"",""quote"":""ZEUR""}"
"6577","STGUSD_1.csv","STGUSD","2017","official_exact","official_altname_exact","STGUSD","STGUSD","STG/USD","STG","ZUSD","STG","USD","online","True","{""pair_key"":""STGUSD"",""match_methods"":[""result_object_key"",""altname"",""wsname_without_separator""],""base"":""STG"",""quote"":""ZUSD""}"
"6585","STORJEUR_1.csv","STORJEUR","2537","official_exact","official_altname_exact","STORJEUR","STORJEUR","STORJ/EUR","STORJ","ZEUR","STORJ","EUR","online","True","{""pair_key"":""STORJEUR"",""match_methods"":[""result_object_key"",""altname"",""wsname_without_separator""],""base"":""STORJ"",""quote"":""ZEUR""}"
"6593","STORJUSD_1.csv","STORJUSD","4701","official_exact","official_altname_exact","STORJUSD","STORJUSD","STORJ/USD","STORJ","ZUSD","STORJ","USD","online","True","{""pair_key"":""STORJUSD"",""match_methods"":[""result_object_key"",""altname"",""wsname_without_separator""],""base"":""STORJ"",""quote"":""ZUSD""}"
"6601","STRDEUR_1.csv","STRDEUR","510","reviewed_historical_identity","frozen_historical_registry_current_official_assets","","","STRD/EUR","STRD","ZEUR","STRD","EUR","historical_pair_absent_from_captured_current_assetpairs","True","{""registry_sha256"":""65aaac5993ada762c8498f2fe9c298c00eb7f1f5a0deeea407f8c0cf10562408"",""resolution_method"":""frozen_historical_registry_current_official_assets"",""evidence_class"":""captured_current_official_asset_records_plus_official_archive_member"",""source_member_ordinal"":6601,""official_support_url"":""""}"
"6609","STRDUSD_1.csv","STRDUSD","7343","reviewed_historical_identity","frozen_historical_registry_current_official_assets","","","STRD/USD","STRD","ZUSD","STRD","USD","historical_pair_absent_from_captured_current_assetpairs","True","{""registry_sha256"":""65aaac5993ada762c8498f2fe9c298c00eb7f1f5a0deeea407f8c0cf10562408"",""resolution_method"":""frozen_historical_registry_current_official_assets"",""evidence_class"":""captured_current_official_asset_records_plus_official_archive_member"",""source_member_ordinal"":6609,""official_support_url"":""""}"
"6617","STRKEUR_1.csv","STRKEUR","2630","official_exact","official_altname_exact","STRKEUR","STRKEUR","STRK/EUR","STRK","ZEUR","STRK","EUR","online","True","{""pair_key"":""STRKEUR"",""match_methods"":[""result_object_key"",""altname"",""wsname_without_separator""],""base"":""STRK"",""quote"":""ZEUR""}"
"6625","STRKUSD_1.csv","STRKUSD","7006","official_exact","official_altname_exact","STRKUSD","STRKUSD","STRK/USD","STRK","ZUSD","STRK","USD","online","True","{""pair_key"":""STRKUSD"",""match_methods"":[""result_object_key"",""altname"",""wsname_without_separator""],""base"":""STRK"",""quote"":""ZUSD""}"
"6633","STXEUR_1.csv","STXEUR","4637","official_exact","official_altname_exact","STXEUR","STXEUR","STX/EUR","STX","ZEUR","STX","EUR","online","True","{""pair_key"":""STXEUR"",""match_methods"":[""result_object_key"",""altname"",""wsname_without_separator""],""base"":""STX"",""quote"":""ZEUR""}"
"6641","STXUSD_1.csv","STXUSD","20548","official_exact","official_altname_exact","STXUSD","STXUSD","STX/USD","STX","ZUSD","STX","USD","online","True","{""pair_key"":""STXUSD"",""match_methods"":[""result_object_key"",""altname"",""wsname_without_separator""],""base"":""STX"",""quote"":""ZUSD""}"
"6649","SUIEUR_1.csv","SUIEUR","36645","official_exact","official_altname_exact","SUIEUR","SUIEUR","SUI/EUR","SUI","ZEUR","SUI","EUR","online","True","{""pair_key"":""SUIEUR"",""match_methods"":[""result_object_key"",""altname"",""wsname_without_separator""],""base"":""SUI"",""quote"":""ZEUR""}"
"6657","SUIGBP_1.csv","SUIGBP","19563","official_exact","official_altname_exact","SUIGBP","SUIGBP","SUI/GBP","SUI","ZGBP","SUI","GBP","online","True","{""pair_key"":""SUIGBP"",""match_methods"":[""result_object_key"",""altname"",""wsname_without_separator""],""base"":""SUI"",""quote"":""ZGBP""}"
"6665","SUIUSD_1.csv","SUIUSD","97011","official_exact","official_altname_exact","SUIUSD","SUIUSD","SUI/USD","SUI","ZUSD","SUI","USD","online","True","{""pair_key"":""SUIUSD"",""match_methods"":[""result_object_key"",""altname"",""wsname_without_separator""],""base"":""SUI"",""quote"":""ZUSD""}"
"6673","SUNDOGEUR_1.csv","SUNDOGEUR","688","official_exact","official_altname_exact","SUNDOGEUR","SUNDOGEUR","SUNDOG/EUR","SUNDOG","ZEUR","SUNDOG","EUR","online","True","{""pair_key"":""SUNDOGEUR"",""match_methods"":[""result_object_key"",""altname"",""wsname_without_separator""],""base"":""SUNDOG"",""quote"":""ZEUR""}"
"6681","SUNDOGUSD_1.csv","SUNDOGUSD","8750","official_exact","official_altname_exact","SUNDOGUSD","SUNDOGUSD","SUNDOG/USD","SUNDOG","ZUSD","SUNDOG","USD","online","True","{""pair_key"":""SUNDOGUSD"",""match_methods"":[""result_object_key"",""altname"",""wsname_without_separator""],""base"":""SUNDOG"",""quote"":""ZUSD""}"
"6689","SUNEUR_1.csv","SUNEUR","1134","official_exact","official_altname_exact","SUNEUR","SUNEUR","SUN/EUR","SUN","ZEUR","SUN","EUR","online","True","{""pair_key"":""SUNEUR"",""match_methods"":[""result_object_key"",""altname"",""wsname_without_separator""],""base"":""SUN"",""quote"":""ZEUR""}"
"6697","SUNUSD_1.csv","SUNUSD","3211","official_exact","official_altname_exact","SUNUSD","SUNUSD","SUN/USD","SUN","ZUSD","SUN","USD","online","True","{""pair_key"":""SUNUSD"",""match_methods"":[""result_object_key"",""altname"",""wsname_without_separator""],""base"":""SUN"",""quote"":""ZUSD""}"
"6705","SUPEREUR_1.csv","SUPEREUR","3044","official_exact","official_altname_exact","SUPEREUR","SUPEREUR","SUPER/EUR","SUPER","ZEUR","SUPER","EUR","online","True","{""pair_key"":""SUPEREUR"",""match_methods"":[""result_object_key"",""altname"",""wsname_without_separator""],""base"":""SUPER"",""quote"":""ZEUR""}"
"6713","SUPERUSD_1.csv","SUPERUSD","19913","official_exact","official_altname_exact","SUPERUSD","SUPERUSD","SUPER/USD","SUPER","ZUSD","SUPER","USD","online","True","{""pair_key"":""SUPERUSD"",""match_methods"":[""result_object_key"",""altname"",""wsname_without_separator""],""base"":""SUPER"",""quote"":""ZUSD""}"
"6721","SUSDC_1.csv","SUSDC","612","official_exact","official_altname_exact","SUSDC","SUSDC","S/USDC","S","USDC","S","USDC","online","True","{""pair_key"":""SUSDC"",""match_methods"":[""result_object_key"",""altname"",""wsname_without_separator""],""base"":""S"",""quote"":""USDC""}"
"6729","SUSDT_1.csv","SUSDT","229","official_exact","official_altname_exact","SUSDT","SUSDT","S/USDT","S","USDT","S","USDT","online","True","{""pair_key"":""SUSDT"",""match_methods"":[""result_object_key"",""altname"",""wsname_without_separator""],""base"":""S"",""quote"":""USDT""}"
"6737","SUSD_1.csv","SUSD","19706","official_exact","official_altname_exact","SUSD","SUSD","S/USD","S","ZUSD","S","USD","online","True","{""pair_key"":""SUSD"",""match_methods"":[""result_object_key"",""altname"",""wsname_without_separator""],""base"":""S"",""quote"":""ZUSD""}"
"6745","SUSHIEUR_1.csv","SUSHIEUR","2828","official_exact","official_altname_exact","SUSHIEUR","SUSHIEUR","SUSHI/EUR","SUSHI","ZEUR","SUSHI","EUR","online","True","{""pair_key"":""SUSHIEUR"",""match_methods"":[""result_object_key"",""altname"",""wsname_without_separator""],""base"":""SUSHI"",""quote"":""ZEUR""}"
"6753","SUSHIUSD_1.csv","SUSHIUSD","7948","official_exact","official_altname_exact","SUSHIUSD","SUSHIUSD","SUSHI/USD","SUSHI","ZUSD","SUSHI","USD","online","True","{""pair_key"":""SUSHIUSD"",""match_methods"":[""result_object_key"",""altname"",""wsname_without_separator""],""base"":""SUSHI"",""quote"":""ZUSD""}"
"6761","SWARMSEUR_1.csv","SWARMSEUR","368","official_exact","official_altname_exact","SWARMSEUR","SWARMSEUR","SWARMS/EUR","SWARMS","ZEUR","SWARMS","EUR","online","True","{""pair_key"":""SWARMSEUR"",""match_methods"":[""result_object_key"",""altname"",""wsname_without_separator""],""base"":""SWARMS"",""quote"":""ZEUR""}"
"6769","SWARMSUSD_1.csv","SWARMSUSD","2226","official_exact","official_altname_exact","SWARMSUSD","SWARMSUSD","SWARMS/USD","SWARMS","ZUSD","SWARMS","USD","online","True","{""pair_key"":""SWARMSUSD"",""match_methods"":[""result_object_key"",""altname"",""wsname_without_separator""],""base"":""SWARMS"",""quote"":""ZUSD""}"
"6777","SWELLEUR_1.csv","SWELLEUR","1132","official_exact","official_altname_exact","SWELLEUR","SWELLEUR","SWELL/EUR","SWELL","ZEUR","SWELL","EUR","online","True","{""pair_key"":""SWELLEUR"",""match_methods"":[""result_object_key"",""altname"",""wsname_without_separator""],""base"":""SWELL"",""quote"":""ZEUR""}"
"6785","SWELLUSD_1.csv","SWELLUSD","12650","official_exact","official_altname_exact","SWELLUSD","SWELLUSD","SWELL/USD","SWELL","ZUSD","SWELL","USD","online","True","{""pair_key"":""SWELLUSD"",""match_methods"":[""result_object_key"",""altname"",""wsname_without_separator""],""base"":""SWELL"",""quote"":""ZUSD""}"
"6793","SXTEUR_1.csv","SXTEUR","4405","official_exact","official_altname_exact","SXTEUR","SXTEUR","SXT/EUR","SXT","ZEUR","SXT","EUR","online","True","{""pair_key"":""SXTEUR"",""match_methods"":[""result_object_key"",""altname"",""wsname_without_separator""],""base"":""SXT"",""quote"":""ZEUR""}"
"6801","SXTUSD_1.csv","SXTUSD","12858","official_exact","official_altname_exact","SXTUSD","SXTUSD","SXT/USD","SXT","ZUSD","SXT","USD","online","True","{""pair_key"":""SXTUSD"",""match_methods"":[""result_object_key"",""altname"",""wsname_without_separator""],""base"":""SXT"",""quote"":""ZUSD""}"
"6809","SYNEUR_1.csv","SYNEUR","1311","official_exact","official_altname_exact","SYNEUR","SYNEUR","SYN/EUR","SYN","ZEUR","SYN","EUR","online","True","{""pair_key"":""SYNEUR"",""match_methods"":[""result_object_key"",""altname"",""wsname_without_separator""],""base"":""SYN"",""quote"":""ZEUR""}"
"6817","SYNUSD_1.csv","SYNUSD","17441","official_exact","official_altname_exact","SYNUSD","SYNUSD","SYN/USD","SYN","ZUSD","SYN","USD","online","True","{""pair_key"":""SYNUSD"",""match_methods"":[""result_object_key"",""altname"",""wsname_without_separator""],""base"":""SYN"",""quote"":""ZUSD""}"
"6825","SYRUPEUR_1.csv","SYRUPEUR","15224","official_exact","official_altname_exact","SYRUPEUR","SYRUPEUR","SYRUP/EUR","SYRUP","ZEUR","SYRUP","EUR","online","True","{""pair_key"":""SYRUPEUR"",""match_methods"":[""result_object_key"",""altname"",""wsname_without_separator""],""base"":""SYRUP"",""quote"":""ZEUR""}"
"6833","SYRUPUSD_1.csv","SYRUPUSD","58639","official_exact","official_altname_exact","SYRUPUSD","SYRUPUSD","SYRUP/USD","SYRUP","ZUSD","SYRUP","USD","online","True","{""pair_key"":""SYRUPUSD"",""match_methods"":[""result_object_key"",""altname"",""wsname_without_separator""],""base"":""SYRUP"",""quote"":""ZUSD""}"
"6841","TAOEUR_1.csv","TAOEUR","24936","official_exact","official_altname_exact","TAOEUR","TAOEUR","TAO/EUR","TAO","ZEUR","TAO","EUR","online","True","{""pair_key"":""TAOEUR"",""match_methods"":[""result_object_key"",""altname"",""wsname_without_separator""],""base"":""TAO"",""quote"":""ZEUR""}"
"6849","TAOUSD_1.csv","TAOUSD","77467","official_exact","official_altname_exact","TAOUSD","TAOUSD","TAO/USD","TAO","ZUSD","TAO","USD","online","True","{""pair_key"":""TAOUSD"",""match_methods"":[""result_object_key"",""altname"",""wsname_without_separator""],""base"":""TAO"",""quote"":""ZUSD""}"
"6857","TBTCEUR_1.csv","TBTCEUR","332","official_exact","official_altname_exact","TBTCEUR","TBTCEUR","TBTC/EUR","TBTC","ZEUR","TBTC","EUR","online","True","{""pair_key"":""TBTCEUR"",""match_methods"":[""result_object_key"",""altname"",""wsname_without_separator""],""base"":""TBTC"",""quote"":""ZEUR""}"
"6865","TBTCUSD_1.csv","TBTCUSD","1245","official_exact","official_altname_exact","TBTCUSD","TBTCUSD","TBTC/USD","TBTC","ZUSD","TBTC","USD","online","True","{""pair_key"":""TBTCUSD"",""match_methods"":[""result_object_key"",""altname"",""wsname_without_separator""],""base"":""TBTC"",""quote"":""ZUSD""}"
"6873","TBTCXBT_1.csv","TBTCXBT","803","official_exact","official_altname_exact","TBTCXBT","TBTCXBT","TBTC/XBT","TBTC","XXBT","TBTC","XBT","online","True","{""pair_key"":""TBTCXBT"",""match_methods"":[""result_object_key"",""altname"",""wsname_without_separator""],""base"":""TBTC"",""quote"":""XXBT""}"
"6881","TEEREUR_1.csv","TEEREUR","13499","reviewed_historical_identity","frozen_historical_registry_current_official_assets","","","TEER/EUR","TEER","ZEUR","TEER","EUR","historical_pair_absent_from_captured_current_assetpairs","True","{""registry_sha256"":""65aaac5993ada762c8498f2fe9c298c00eb7f1f5a0deeea407f8c0cf10562408"",""resolution_method"":""frozen_historical_registry_current_official_assets"",""evidence_class"":""captured_current_official_asset_records_plus_official_archive_member"",""source_member_ordinal"":6881,""official_support_url"":""""}"
"6889","TEERUSD_1.csv","TEERUSD","16462","reviewed_historical_identity","frozen_historical_registry_current_official_assets","","","TEER/USD","TEER","ZUSD","TEER","USD","historical_pair_absent_from_captured_current_assetpairs","True","{""registry_sha256"":""65aaac5993ada762c8498f2fe9c298c00eb7f1f5a0deeea407f8c0cf10562408"",""resolution_method"":""frozen_historical_registry_current_official_assets"",""evidence_class"":""captured_current_official_asset_records_plus_official_archive_member"",""source_member_ordinal"":6889,""official_support_url"":""""}"
"6897","TERMEUR_1.csv","TERMEUR","83","reviewed_historical_identity","frozen_historical_registry_current_official_assets","","","TERM/EUR","TERM","ZEUR","TERM","EUR","historical_pair_absent_from_captured_current_assetpairs","True","{""registry_sha256"":""65aaac5993ada762c8498f2fe9c298c00eb7f1f5a0deeea407f8c0cf10562408"",""resolution_method"":""frozen_historical_registry_current_official_assets"",""evidence_class"":""captured_current_official_asset_records_plus_official_archive_member"",""source_member_ordinal"":6897,""official_support_url"":""""}"
"6905","TERMUSD_1.csv","TERMUSD","695","reviewed_historical_identity","frozen_historical_registry_current_official_assets","","","TERM/USD","TERM","ZUSD","TERM","USD","historical_pair_absent_from_captured_current_assetpairs","True","{""registry_sha256"":""65aaac5993ada762c8498f2fe9c298c00eb7f1f5a0deeea407f8c0cf10562408"",""resolution_method"":""frozen_historical_registry_current_official_assets"",""evidence_class"":""captured_current_official_asset_records_plus_official_archive_member"",""source_member_ordinal"":6905,""official_support_url"":""""}"
"6913","TEUR_1.csv","TEUR","792","official_exact","official_altname_exact","TEUR","TEUR","T/EUR","T","ZEUR","T","EUR","online","True","{""pair_key"":""TEUR"",""match_methods"":[""result_object_key"",""altname"",""wsname_without_separator""],""base"":""T"",""quote"":""ZEUR""}"
"6921","TIAEUR_1.csv","TIAEUR","9704","official_exact","official_altname_exact","TIAEUR","TIAEUR","TIA/EUR","TIA","ZEUR","TIA","EUR","online","True","{""pair_key"":""TIAEUR"",""match_methods"":[""result_object_key"",""altname"",""wsname_without_separator""],""base"":""TIA"",""quote"":""ZEUR""}"
"6929","TIAUSD_1.csv","TIAUSD","32959","official_exact","official_altname_exact","TIAUSD","TIAUSD","TIA/USD","TIA","ZUSD","TIA","USD","online","True","{""pair_key"":""TIAUSD"",""match_methods"":[""result_object_key"",""altname"",""wsname_without_separator""],""base"":""TIA"",""quote"":""ZUSD""}"
"6937","TITCOINEUR_1.csv","TITCOINEUR","11041","reviewed_historical_identity","frozen_historical_registry_current_official_assets","","","TITCOIN/EUR","TITCOIN","ZEUR","TITCOIN","EUR","historical_pair_absent_from_captured_current_assetpairs","True","{""registry_sha256"":""65aaac5993ada762c8498f2fe9c298c00eb7f1f5a0deeea407f8c0cf10562408"",""resolution_method"":""frozen_historical_registry_current_official_assets"",""evidence_class"":""captured_current_official_asset_records_plus_official_archive_member"",""source_member_ordinal"":6937,""official_support_url"":""""}"
"6945","TITCOINUSD_1.csv","TITCOINUSD","56433","reviewed_historical_identity","frozen_historical_registry_current_official_assets","","","TITCOIN/USD","TITCOIN","ZUSD","TITCOIN","USD","historical_pair_absent_from_captured_current_assetpairs","True","{""registry_sha256"":""65aaac5993ada762c8498f2fe9c298c00eb7f1f5a0deeea407f8c0cf10562408"",""resolution_method"":""frozen_historical_registry_current_official_assets"",""evidence_class"":""captured_current_official_asset_records_plus_official_archive_member"",""source_member_ordinal"":6945,""official_support_url"":""""}"
"6953","TLMEUR_1.csv","TLMEUR","1421","official_exact","official_altname_exact","TLMEUR","TLMEUR","TLM/EUR","TLM","ZEUR","TLM","EUR","online","True","{""pair_key"":""TLMEUR"",""match_methods"":[""result_object_key"",""altname"",""wsname_without_separator""],""base"":""TLM"",""quote"":""ZEUR""}"
"6961","TLMUSD_1.csv","TLMUSD","4344","official_exact","official_altname_exact","TLMUSD","TLMUSD","TLM/USD","TLM","ZUSD","TLM","USD","online","True","{""pair_key"":""TLMUSD"",""match_methods"":[""result_object_key"",""altname"",""wsname_without_separator""],""base"":""TLM"",""quote"":""ZUSD""}"
"6969","TNSREUR_1.csv","TNSREUR","2438","official_exact","official_altname_exact","TNSREUR","TNSREUR","TNSR/EUR","TNSR","ZEUR","TNSR","EUR","online","True","{""pair_key"":""TNSREUR"",""match_methods"":[""result_object_key"",""altname"",""wsname_without_separator""],""base"":""TNSR"",""quote"":""ZEUR""}"
"6977","TNSRUSD_1.csv","TNSRUSD","5235","official_exact","official_altname_exact","TNSRUSD","TNSRUSD","TNSR/USD","TNSR","ZUSD","TNSR","USD","online","True","{""pair_key"":""TNSRUSD"",""match_methods"":[""result_object_key"",""altname"",""wsname_without_separator""],""base"":""TNSR"",""quote"":""ZUSD""}"
"6985","TOKEEUR_1.csv","TOKEEUR","1311","reviewed_historical_identity","frozen_historical_registry_current_official_assets","","","TOKE/EUR","TOKE","ZEUR","TOKE","EUR","historical_pair_absent_from_captured_current_assetpairs","True","{""registry_sha256"":""65aaac5993ada762c8498f2fe9c298c00eb7f1f5a0deeea407f8c0cf10562408"",""resolution_method"":""frozen_historical_registry_current_official_assets"",""evidence_class"":""captured_current_official_asset_records_plus_official_archive_member"",""source_member_ordinal"":6985,""official_support_url"":""""}"
"6993","TOKENEUR_1.csv","TOKENEUR","500","official_exact","official_altname_exact","TOKENEUR","TOKENEUR","TOKEN/EUR","TOKEN","ZEUR","TOKEN","EUR","online","True","{""pair_key"":""TOKENEUR"",""match_methods"":[""result_object_key"",""altname"",""wsname_without_separator""],""base"":""TOKEN"",""quote"":""ZEUR""}"
"7001","TOKENUSD_1.csv","TOKENUSD","5367","official_exact","official_altname_exact","TOKENUSD","TOKENUSD","TOKEN/USD","TOKEN","ZUSD","TOKEN","USD","online","True","{""pair_key"":""TOKENUSD"",""match_methods"":[""result_object_key"",""altname"",""wsname_without_separator""],""base"":""TOKEN"",""quote"":""ZUSD""}"
"7009","TOKEUSD_1.csv","TOKEUSD","13085","reviewed_historical_identity","frozen_historical_registry_current_official_assets","","","TOKE/USD","TOKE","ZUSD","TOKE","USD","historical_pair_absent_from_captured_current_assetpairs","True","{""registry_sha256"":""65aaac5993ada762c8498f2fe9c298c00eb7f1f5a0deeea407f8c0cf10562408"",""resolution_method"":""frozen_historical_registry_current_official_assets"",""evidence_class"":""captured_current_official_asset_records_plus_official_archive_member"",""source_member_ordinal"":7009,""official_support_url"":""""}"
"7017","TONEUR_1.csv","TONEUR","74315","official_exact","official_altname_exact","TONEUR","TONEUR","TON/EUR","TON","ZEUR","TON","EUR","online","True","{""pair_key"":""TONEUR"",""match_methods"":[""result_object_key"",""altname"",""wsname_without_separator""],""base"":""TON"",""quote"":""ZEUR""}"
"7025","TONUSDC_1.csv","TONUSDC","2536","official_exact","official_altname_exact","TONUSDC","TONUSDC","TON/USDC","TON","USDC","TON","USDC","online","True","{""pair_key"":""TONUSDC"",""match_methods"":[""result_object_key"",""altname"",""wsname_without_separator""],""base"":""TON"",""quote"":""USDC""}"
"7033","TONUSDT_1.csv","TONUSDT","5455","official_exact","official_altname_exact","TONUSDT","TONUSDT","TON/USDT","TON","USDT","TON","USDT","online","True","{""pair_key"":""TONUSDT"",""match_methods"":[""result_object_key"",""altname"",""wsname_without_separator""],""base"":""TON"",""quote"":""USDT""}"
"7041","TONUSD_1.csv","TONUSD","47228","official_exact","official_altname_exact","TONUSD","TONUSD","TON/USD","TON","ZUSD","TON","USD","online","True","{""pair_key"":""TONUSD"",""match_methods"":[""result_object_key"",""altname"",""wsname_without_separator""],""base"":""TON"",""quote"":""ZUSD""}"
"7049","TOSHIEUR_1.csv","TOSHIEUR","4461","official_exact","official_altname_exact","TOSHIEUR","TOSHIEUR","TOSHI/EUR","TOSHI","ZEUR","TOSHI","EUR","online","True","{""pair_key"":""TOSHIEUR"",""match_methods"":[""result_object_key"",""altname"",""wsname_without_separator""],""base"":""TOSHI"",""quote"":""ZEUR""}"
"7057","TOSHIUSD_1.csv","TOSHIUSD","38638","official_exact","official_altname_exact","TOSHIUSD","TOSHIUSD","TOSHI/USD","TOSHI","ZUSD","TOSHI","USD","online","True","{""pair_key"":""TOSHIUSD"",""match_methods"":[""result_object_key"",""altname"",""wsname_without_separator""],""base"":""TOSHI"",""quote"":""ZUSD""}"
"7065","TRACEUR_1.csv","TRACEUR","4412","official_exact","official_altname_exact","TRACEUR","TRACEUR","TRAC/EUR","TRAC","ZEUR","TRAC","EUR","online","True","{""pair_key"":""TRACEUR"",""match_methods"":[""result_object_key"",""altname"",""wsname_without_separator""],""base"":""TRAC"",""quote"":""ZEUR""}"
"7073","TRACUSD_1.csv","TRACUSD","11881","official_exact","official_altname_exact","TRACUSD","TRACUSD","TRAC/USD","TRAC","ZUSD","TRAC","USD","online","True","{""pair_key"":""TRACUSD"",""match_methods"":[""result_object_key"",""altname"",""wsname_without_separator""],""base"":""TRAC"",""quote"":""ZUSD""}"
"7081","TREMPEUR_1.csv","TREMPEUR","826","reviewed_historical_identity","frozen_historical_registry_current_official_assets","","","TREMP/EUR","TREMP","ZEUR","TREMP","EUR","historical_pair_absent_from_captured_current_assetpairs","True","{""registry_sha256"":""65aaac5993ada762c8498f2fe9c298c00eb7f1f5a0deeea407f8c0cf10562408"",""resolution_method"":""frozen_historical_registry_current_official_assets"",""evidence_class"":""captured_current_official_asset_records_plus_official_archive_member"",""source_member_ordinal"":7081,""official_support_url"":""""}"
"7089","TREMPUSD_1.csv","TREMPUSD","6952","official_exact","official_altname_exact","TREMPUSD","TREMPUSD","TREMP/USD","TREMP","ZUSD","TREMP","USD","cancel_only","True","{""pair_key"":""TREMPUSD"",""match_methods"":[""result_object_key"",""altname"",""wsname_without_separator""],""base"":""TREMP"",""quote"":""ZUSD""}"
"7097","TRUEUR_1.csv","TRUEUR","1041","official_exact","official_altname_exact","TRUEUR","TRUEUR","TRU/EUR","TRU","ZEUR","TRU","EUR","online","True","{""pair_key"":""TRUEUR"",""match_methods"":[""result_object_key"",""altname"",""wsname_without_separator""],""base"":""TRU"",""quote"":""ZEUR""}"
"7105","TRUMPEUR_1.csv","TRUMPEUR","20811","official_exact","official_altname_exact","TRUMPEUR","TRUMPEUR","TRUMP/EUR","TRUMP","ZEUR","TRUMP","EUR","online","True","{""pair_key"":""TRUMPEUR"",""match_methods"":[""result_object_key"",""altname"",""wsname_without_separator""],""base"":""TRUMP"",""quote"":""ZEUR""}"
"7113","TRUMPUSDC_1.csv","TRUMPUSDC","19951","official_exact","official_altname_exact","TRUMPUSDC","TRUMPUSDC","TRUMP/USDC","TRUMP","USDC","TRUMP","USDC","online","True","{""pair_key"":""TRUMPUSDC"",""match_methods"":[""result_object_key"",""altname"",""wsname_without_separator""],""base"":""TRUMP"",""quote"":""USDC""}"
"7121","TRUMPUSDT_1.csv","TRUMPUSDT","17839","official_exact","official_altname_exact","TRUMPUSDT","TRUMPUSDT","TRUMP/USDT","TRUMP","USDT","TRUMP","USDT","online","True","{""pair_key"":""TRUMPUSDT"",""match_methods"":[""result_object_key"",""altname"",""wsname_without_separator""],""base"":""TRUMP"",""quote"":""USDT""}"
"7129","TRUMPUSD_1.csv","TRUMPUSD","67738","official_exact","official_altname_exact","TRUMPUSD","TRUMPUSD","TRUMP/USD","TRUMP","ZUSD","TRUMP","USD","online","True","{""pair_key"":""TRUMPUSD"",""match_methods"":[""result_object_key"",""altname"",""wsname_without_separator""],""base"":""TRUMP"",""quote"":""ZUSD""}"
"7137","TRUUSD_1.csv","TRUUSD","4508","official_exact","official_altname_exact","TRUUSD","TRUUSD","TRU/USD","TRU","ZUSD","TRU","USD","online","True","{""pair_key"":""TRUUSD"",""match_methods"":[""result_object_key"",""altname"",""wsname_without_separator""],""base"":""TRU"",""quote"":""ZUSD""}"
"7145","TRXETH_1.csv","TRXETH","6090","official_exact","official_altname_exact","TRXETH","TRXETH","TRX/ETH","TRX","XETH","TRX","ETH","online","True","{""pair_key"":""TRXETH"",""match_methods"":[""result_object_key"",""altname"",""wsname_without_separator""],""base"":""TRX"",""quote"":""XETH""}"
"7153","TRXEUR_1.csv","TRXEUR","67423","official_exact","official_altname_exact","TRXEUR","TRXEUR","TRX/EUR","TRX","ZEUR","TRX","EUR","online","True","{""pair_key"":""TRXEUR"",""match_methods"":[""result_object_key"",""altname"",""wsname_without_separator""],""base"":""TRX"",""quote"":""ZEUR""}"
"7161","TRXUSD_1.csv","TRXUSD","74061","official_exact","official_altname_exact","TRXUSD","TRXUSD","TRX/USD","TRX","ZUSD","TRX","USD","online","True","{""pair_key"":""TRXUSD"",""match_methods"":[""result_object_key"",""altname"",""wsname_without_separator""],""base"":""TRX"",""quote"":""ZUSD""}"
"7169","TRXXBT_1.csv","TRXXBT","486","official_exact","official_altname_exact","TRXXBT","TRXXBT","TRX/XBT","TRX","XXBT","TRX","XBT","online","True","{""pair_key"":""TRXXBT"",""match_methods"":[""result_object_key"",""altname"",""wsname_without_separator""],""base"":""TRX"",""quote"":""XXBT""}"
"7177","TURBOEUR_1.csv","TURBOEUR","7035","official_exact","official_altname_exact","TURBOEUR","TURBOEUR","TURBO/EUR","TURBO","ZEUR","TURBO","EUR","online","True","{""pair_key"":""TURBOEUR"",""match_methods"":[""result_object_key"",""altname"",""wsname_without_separator""],""base"":""TURBO"",""quote"":""ZEUR""}"
"7185","TURBOUSD_1.csv","TURBOUSD","44628","official_exact","official_altname_exact","TURBOUSD","TURBOUSD","TURBO/USD","TURBO","ZUSD","TURBO","USD","online","True","{""pair_key"":""TURBOUSD"",""match_methods"":[""result_object_key"",""altname"",""wsname_without_separator""],""base"":""TURBO"",""quote"":""ZUSD""}"
"7193","TUSDEUR_1.csv","TUSDEUR","6","reviewed_historical_identity","frozen_historical_registry_current_official_assets","","","TUSD/EUR","TUSD","ZEUR","TUSD","EUR","historical_pair_absent_from_captured_current_assetpairs","True","{""registry_sha256"":""65aaac5993ada762c8498f2fe9c298c00eb7f1f5a0deeea407f8c0cf10562408"",""resolution_method"":""frozen_historical_registry_current_official_assets"",""evidence_class"":""captured_current_official_asset_records_plus_official_archive_member"",""source_member_ordinal"":7193,""official_support_url"":""""}"
"7201","TUSDUSD_1.csv","TUSDUSD","287","reviewed_historical_identity","frozen_historical_registry_current_official_assets","","","TUSD/USD","TUSD","ZUSD","TUSD","USD","historical_pair_absent_from_captured_current_assetpairs","True","{""registry_sha256"":""65aaac5993ada762c8498f2fe9c298c00eb7f1f5a0deeea407f8c0cf10562408"",""resolution_method"":""frozen_historical_registry_current_official_assets"",""evidence_class"":""captured_current_official_asset_records_plus_official_archive_member"",""source_member_ordinal"":7201,""official_support_url"":""""}"
"7209","TUSD_1.csv","TUSD","6183","official_exact","official_altname_exact","TUSD","TUSD","T/USD","T","ZUSD","T","USD","online","True","{""pair_key"":""TUSD"",""match_methods"":[""result_object_key"",""altname"",""wsname_without_separator""],""base"":""T"",""quote"":""ZUSD""}"
"7217","TVKEUR_1.csv","TVKEUR","287","reviewed_historical_identity","frozen_historical_registry_current_official_assets","","","TVK/EUR","TVK","ZEUR","TVK","EUR","historical_pair_absent_from_captured_current_assetpairs","True","{""registry_sha256"":""65aaac5993ada762c8498f2fe9c298c00eb7f1f5a0deeea407f8c0cf10562408"",""resolution_method"":""frozen_historical_registry_current_official_assets"",""evidence_class"":""captured_current_official_asset_records_plus_official_archive_member"",""source_member_ordinal"":7217,""official_support_url"":""""}"
"7225","TVKUSD_1.csv","TVKUSD","3520","reviewed_historical_identity","frozen_historical_registry_current_official_assets","","","TVK/USD","TVK","ZUSD","TVK","USD","historical_pair_absent_from_captured_current_assetpairs","True","{""registry_sha256"":""65aaac5993ada762c8498f2fe9c298c00eb7f1f5a0deeea407f8c0cf10562408"",""resolution_method"":""frozen_historical_registry_current_official_assets"",""evidence_class"":""captured_current_official_asset_records_plus_official_archive_member"",""source_member_ordinal"":7225,""official_support_url"":""""}"
"7233","UFDEUR_1.csv","UFDEUR","785","official_exact","official_altname_exact","UFDEUR","UFDEUR","UFD/EUR","UFD","ZEUR","UFD","EUR","online","True","{""pair_key"":""UFDEUR"",""match_methods"":[""result_object_key"",""altname"",""wsname_without_separator""],""base"":""UFD"",""quote"":""ZEUR""}"
"7241","UFDUSD_1.csv","UFDUSD","13913","official_exact","official_altname_exact","UFDUSD","UFDUSD","UFD/USD","UFD","ZUSD","UFD","USD","online","True","{""pair_key"":""UFDUSD"",""match_methods"":[""result_object_key"",""altname"",""wsname_without_separator""],""base"":""UFD"",""quote"":""ZUSD""}"
"7249","UMAEUR_1.csv","UMAEUR","1513","official_exact","official_altname_exact","UMAEUR","UMAEUR","UMA/EUR","UMA","ZEUR","UMA","EUR","online","True","{""pair_key"":""UMAEUR"",""match_methods"":[""result_object_key"",""altname"",""wsname_without_separator""],""base"":""UMA"",""quote"":""ZEUR""}"
"7257","UMAUSD_1.csv","UMAUSD","3720","official_exact","official_altname_exact","UMAUSD","UMAUSD","UMA/USD","UMA","ZUSD","UMA","USD","online","True","{""pair_key"":""UMAUSD"",""match_methods"":[""result_object_key"",""altname"",""wsname_without_separator""],""base"":""UMA"",""quote"":""ZUSD""}"
"7265","UNFIEUR_1.csv","UNFIEUR","1963","official_exact","official_altname_exact","UNFIEUR","UNFIEUR","UNFI/EUR","UNFI","ZEUR","UNFI","EUR","online","True","{""pair_key"":""UNFIEUR"",""match_methods"":[""result_object_key"",""altname"",""wsname_without_separator""],""base"":""UNFI"",""quote"":""ZEUR""}"
"7273","UNFIUSD_1.csv","UNFIUSD","8696","official_exact","official_altname_exact","UNFIUSD","UNFIUSD","UNFI/USD","UNFI","ZUSD","UNFI","USD","online","True","{""pair_key"":""UNFIUSD"",""match_methods"":[""result_object_key"",""altname"",""wsname_without_separator""],""base"":""UNFI"",""quote"":""ZUSD""}"
"7281","UNIETH_1.csv","UNIETH","1969","official_exact","official_altname_exact","UNIETH","UNIETH","UNI/ETH","UNI","XETH","UNI","ETH","online","True","{""pair_key"":""UNIETH"",""match_methods"":[""result_object_key"",""altname"",""wsname_without_separator""],""base"":""UNI"",""quote"":""XETH""}"
"7289","UNIEUR_1.csv","UNIEUR","19926","official_exact","official_altname_exact","UNIEUR","UNIEUR","UNI/EUR","UNI","ZEUR","UNI","EUR","online","True","{""pair_key"":""UNIEUR"",""match_methods"":[""result_object_key"",""altname"",""wsname_without_separator""],""base"":""UNI"",""quote"":""ZEUR""}"
"7297","UNIUSD_1.csv","UNIUSD","47391","official_exact","official_altname_exact","UNIUSD","UNIUSD","UNI/USD","UNI","ZUSD","UNI","USD","online","True","{""pair_key"":""UNIUSD"",""match_methods"":[""result_object_key"",""altname"",""wsname_without_separator""],""base"":""UNI"",""quote"":""ZUSD""}"
"7305","UNIXBT_1.csv","UNIXBT","3652","official_exact","official_altname_exact","UNIXBT","UNIXBT","UNI/XBT","UNI","XXBT","UNI","XBT","online","True","{""pair_key"":""UNIXBT"",""match_methods"":[""result_object_key"",""altname"",""wsname_without_separator""],""base"":""UNI"",""quote"":""XXBT""}"
"7313","USDCAD_1.csv","USDCAD","94109","official_exact","official_altname_exact","ZUSDZCAD","USDCAD","USD/CAD","ZUSD","ZCAD","USD","CAD","online","True","{""pair_key"":""ZUSDZCAD"",""match_methods"":[""altname"",""wsname_without_separator""],""base"":""ZUSD"",""quote"":""ZCAD""}"
"7321","USDCAUD_1.csv","USDCAUD","18909","official_exact","official_altname_exact","USDCAUD","USDCAUD","USDC/AUD","USDC","ZAUD","USDC","AUD","online","True","{""pair_key"":""USDCAUD"",""match_methods"":[""result_object_key"",""altname"",""wsname_without_separator""],""base"":""USDC"",""quote"":""ZAUD""}"
"7329","USDCCAD_1.csv","USDCCAD","51641","official_exact","official_altname_exact","USDCCAD","USDCCAD","USDC/CAD","USDC","ZCAD","USDC","CAD","online","True","{""pair_key"":""USDCCAD"",""match_methods"":[""result_object_key"",""altname"",""wsname_without_separator""],""base"":""USDC"",""quote"":""ZCAD""}"
"7337","USDCCHF_1.csv","USDCCHF","65327","official_exact","official_altname_exact","USDCCHF","USDCCHF","USDC/CHF","USDC","CHF","USDC","CHF","online","True","{""pair_key"":""USDCCHF"",""match_methods"":[""result_object_key"",""altname"",""wsname_without_separator""],""base"":""USDC"",""quote"":""CHF""}"
"7345","USDCEUR_1.csv","USDCEUR","130992","official_exact","official_altname_exact","USDCEUR","USDCEUR","USDC/EUR","USDC","ZEUR","USDC","EUR","online","True","{""pair_key"":""USDCEUR"",""match_methods"":[""result_object_key"",""altname"",""wsname_without_separator""],""base"":""USDC"",""quote"":""ZEUR""}"
"7353","USDCGBP_1.csv","USDCGBP","74180","official_exact","official_altname_exact","USDCGBP","USDCGBP","USDC/GBP","USDC","ZGBP","USDC","GBP","online","True","{""pair_key"":""USDCGBP"",""match_methods"":[""result_object_key"",""altname"",""wsname_without_separator""],""base"":""USDC"",""quote"":""ZGBP""}"
"7361","USDCHF_1.csv","USDCHF","86762","official_exact","official_altname_exact","USDCHF","USDCHF","USD/CHF","ZUSD","CHF","USD","CHF","online","True","{""pair_key"":""USDCHF"",""match_methods"":[""result_object_key"",""altname"",""wsname_without_separator""],""base"":""ZUSD"",""quote"":""CHF""}"
"7369","USDCUSDT_1.csv","USDCUSDT","59484","official_exact","official_altname_exact","USDCUSDT","USDCUSDT","USDC/USDT","USDC","USDT","USDC","USDT","online","True","{""pair_key"":""USDCUSDT"",""match_methods"":[""result_object_key"",""altname"",""wsname_without_separator""],""base"":""USDC"",""quote"":""USDT""}"
"7377","USDCUSD_1.csv","USDCUSD","186","official_exact","official_altname_exact","USDCUSD","USDCUSD","USDC/USD","USDC","ZUSD","USDC","USD","online","True","{""pair_key"":""USDCUSD"",""match_methods"":[""result_object_key"",""altname"",""wsname_without_separator""],""base"":""USDC"",""quote"":""ZUSD""}"
"7385","USDDEUR_1.csv","USDDEUR","543","official_exact","official_altname_exact","USDDEUR","USDDEUR","USDD/EUR","USDD","ZEUR","USDD","EUR","online","True","{""pair_key"":""USDDEUR"",""match_methods"":[""result_object_key"",""altname"",""wsname_without_separator""],""base"":""USDD"",""quote"":""ZEUR""}"
"7393","USDDUSD_1.csv","USDDUSD","2807","official_exact","official_altname_exact","USDDUSD","USDDUSD","USDD/USD","USDD","ZUSD","USDD","USD","online","True","{""pair_key"":""USDDUSD"",""match_methods"":[""result_object_key"",""altname"",""wsname_without_separator""],""base"":""USDD"",""quote"":""ZUSD""}"
"7401","USDGUSDC_1.csv","USDGUSDC","2949","official_exact","official_altname_exact","USDGUSDC","USDGUSDC","USDG/USDC","USDG","USDC","USDG","USDC","online","True","{""pair_key"":""USDGUSDC"",""match_methods"":[""result_object_key"",""altname"",""wsname_without_separator""],""base"":""USDG"",""quote"":""USDC""}"
"7409","USDGUSD_1.csv","USDGUSD","54954","official_exact","official_altname_exact","USDGUSD","USDGUSD","USDG/USD","USDG","ZUSD","USDG","USD","online","True","{""pair_key"":""USDGUSD"",""match_methods"":[""result_object_key"",""altname"",""wsname_without_separator""],""base"":""USDG"",""quote"":""ZUSD""}"
"7417","USDJPY_1.csv","USDJPY","4680","official_exact","official_altname_exact","ZUSDZJPY","USDJPY","USD/JPY","ZUSD","ZJPY","USD","JPY","online","True","{""pair_key"":""ZUSDZJPY"",""match_methods"":[""altname"",""wsname_without_separator""],""base"":""ZUSD"",""quote"":""ZJPY""}"
"7425","USDQEUR_1.csv","USDQEUR","1653","reviewed_historical_identity","frozen_historical_registry_current_official_assets","","","USDQ/EUR","USDQ","ZEUR","USDQ","EUR","historical_pair_absent_from_captured_current_assetpairs","True","{""registry_sha256"":""65aaac5993ada762c8498f2fe9c298c00eb7f1f5a0deeea407f8c0cf10562408"",""resolution_method"":""frozen_historical_registry_current_official_assets"",""evidence_class"":""captured_current_official_asset_records_plus_official_archive_member"",""source_member_ordinal"":7425,""official_support_url"":""""}"
"7433","USDQUSDC_1.csv","USDQUSDC","46794","official_exact","official_altname_exact","USDQUSDC","USDQUSDC","USDQ/USDC","USDQ","USDC","USDQ","USDC","online","True","{""pair_key"":""USDQUSDC"",""match_methods"":[""result_object_key"",""altname"",""wsname_without_separator""],""base"":""USDQ"",""quote"":""USDC""}"
"7441","USDQUSDT_1.csv","USDQUSDT","622","official_exact","official_altname_exact","USDQUSDT","USDQUSDT","USDQ/USDT","USDQ","USDT","USDQ","USDT","online","True","{""pair_key"":""USDQUSDT"",""match_methods"":[""result_object_key"",""altname"",""wsname_without_separator""],""base"":""USDQ"",""quote"":""USDT""}"
"7449","USDQUSD_1.csv","USDQUSD","48663","official_exact","official_altname_exact","USDQUSD","USDQUSD","USDQ/USD","USDQ","ZUSD","USDQ","USD","online","True","{""pair_key"":""USDQUSD"",""match_methods"":[""result_object_key"",""altname"",""wsname_without_separator""],""base"":""USDQ"",""quote"":""ZUSD""}"
"7457","USDREUR_1.csv","USDREUR","400","official_exact","official_altname_exact","USDREUR","USDREUR","USDR/EUR","USDR","ZEUR","USDR","EUR","post_only","True","{""pair_key"":""USDREUR"",""match_methods"":[""result_object_key"",""altname"",""wsname_without_separator""],""base"":""USDR"",""quote"":""ZEUR""}"
"7465","USDRUSDC_1.csv","USDRUSDC","384","official_exact","official_altname_exact","USDRUSDC","USDRUSDC","USDR/USDC","USDR","USDC","USDR","USDC","post_only","True","{""pair_key"":""USDRUSDC"",""match_methods"":[""result_object_key"",""altname"",""wsname_without_separator""],""base"":""USDR"",""quote"":""USDC""}"
"7473","USDRUSDT_1.csv","USDRUSDT","235","official_exact","official_altname_exact","USDRUSDT","USDRUSDT","USDR/USDT","USDR","USDT","USDR","USDT","post_only","True","{""pair_key"":""USDRUSDT"",""match_methods"":[""result_object_key"",""altname"",""wsname_without_separator""],""base"":""USDR"",""quote"":""USDT""}"
"7481","USDRUSD_1.csv","USDRUSD","954","official_exact","official_altname_exact","USDRUSD","USDRUSD","USDR/USD","USDR","ZUSD","USDR","USD","post_only","True","{""pair_key"":""USDRUSD"",""match_methods"":[""result_object_key"",""altname"",""wsname_without_separator""],""base"":""USDR"",""quote"":""ZUSD""}"
"7489","USDSEUR_1.csv","USDSEUR","12","official_exact","official_altname_exact","USDSEUR","USDSEUR","USDS/EUR","USDS","ZEUR","USDS","EUR","online","True","{""pair_key"":""USDSEUR"",""match_methods"":[""result_object_key"",""altname"",""wsname_without_separator""],""base"":""USDS"",""quote"":""ZEUR""}"
"7497","USDSUSD_1.csv","USDSUSD","565","official_exact","official_altname_exact","USDSUSD","USDSUSD","USDS/USD","USDS","ZUSD","USDS","USD","online","True","{""pair_key"":""USDSUSD"",""match_methods"":[""result_object_key"",""altname"",""wsname_without_separator""],""base"":""USDS"",""quote"":""ZUSD""}"
"7505","USDTAUD_1.csv","USDTAUD","61321","official_exact","official_altname_exact","USDTAUD","USDTAUD","USDT/AUD","USDT","ZAUD","USDT","AUD","online","True","{""pair_key"":""USDTAUD"",""match_methods"":[""result_object_key"",""altname"",""wsname_without_separator""],""base"":""USDT"",""quote"":""ZAUD""}"
"7513","USDTCAD_1.csv","USDTCAD","11340","official_exact","official_altname_exact","USDTCAD","USDTCAD","USDT/CAD","USDT","ZCAD","USDT","CAD","online","True","{""pair_key"":""USDTCAD"",""match_methods"":[""result_object_key"",""altname"",""wsname_without_separator""],""base"":""USDT"",""quote"":""ZCAD""}"
"7521","USDTCHF_1.csv","USDTCHF","41379","official_exact","official_altname_exact","USDTCHF","USDTCHF","USDT/CHF","USDT","CHF","USDT","CHF","online","True","{""pair_key"":""USDTCHF"",""match_methods"":[""result_object_key"",""altname"",""wsname_without_separator""],""base"":""USDT"",""quote"":""CHF""}"
"7529","USDTEUR_1.csv","USDTEUR","103780","official_exact","official_altname_exact","USDTEUR","USDTEUR","USDT/EUR","USDT","ZEUR","USDT","EUR","online","True","{""pair_key"":""USDTEUR"",""match_methods"":[""result_object_key"",""altname"",""wsname_without_separator""],""base"":""USDT"",""quote"":""ZEUR""}"
"7537","USDTGBP_1.csv","USDTGBP","80028","official_exact","official_altname_exact","USDTGBP","USDTGBP","USDT/GBP","USDT","ZGBP","USDT","GBP","online","True","{""pair_key"":""USDTGBP"",""match_methods"":[""result_object_key"",""altname"",""wsname_without_separator""],""base"":""USDT"",""quote"":""ZGBP""}"
"7545","USDTJPY_1.csv","USDTJPY","1720","official_exact","official_altname_exact","USDTJPY","USDTJPY","USDT/JPY","USDT","ZJPY","USDT","JPY","online","True","{""pair_key"":""USDTJPY"",""match_methods"":[""result_object_key"",""altname"",""wsname_without_separator""],""base"":""USDT"",""quote"":""ZJPY""}"
"7553","USDTUSD_1.csv","USDTUSD","127295","official_exact","official_altname_exact","USDTZUSD","USDTUSD","USDT/USD","USDT","ZUSD","USDT","USD","online","True","{""pair_key"":""USDTZUSD"",""match_methods"":[""altname"",""wsname_without_separator""],""base"":""USDT"",""quote"":""ZUSD""}"
"7561","USDUCUSD_1.csv","USDUCUSD","0","approved_empty_override","frozen_empty_member_filename_decomposition","","","","USDUC","USD","USDUC","USD","empty_member_no_observations","False","{""member"":""USDUCUSD_1.csv"",""typed_rows"":0,""contract_override"":true}"
"7569","USTEUR_1.csv","USTEUR","56","reviewed_historical_identity","frozen_historical_registry_current_official_assets","","","UST/EUR","UST","ZEUR","UST","EUR","historical_pair_absent_from_captured_current_assetpairs","True","{""registry_sha256"":""65aaac5993ada762c8498f2fe9c298c00eb7f1f5a0deeea407f8c0cf10562408"",""resolution_method"":""frozen_historical_registry_current_official_assets"",""evidence_class"":""captured_current_official_asset_records_plus_official_archive_member"",""source_member_ordinal"":7569,""official_support_url"":""""}"
"7577","USTUSDC_1.csv","USTUSDC","52","reviewed_historical_identity","frozen_historical_registry_current_official_assets","","","UST/USDC","UST","USDC","UST","USDC","historical_pair_absent_from_captured_current_assetpairs","True","{""registry_sha256"":""65aaac5993ada762c8498f2fe9c298c00eb7f1f5a0deeea407f8c0cf10562408"",""resolution_method"":""frozen_historical_registry_current_official_assets"",""evidence_class"":""captured_current_official_asset_records_plus_official_archive_member"",""source_member_ordinal"":7577,""official_support_url"":""""}"
"7585","USTUSDT_1.csv","USTUSDT","735","reviewed_historical_identity","frozen_historical_registry_current_official_assets","","","UST/USDT","UST","USDT","UST","USDT","historical_pair_absent_from_captured_current_assetpairs","True","{""registry_sha256"":""65aaac5993ada762c8498f2fe9c298c00eb7f1f5a0deeea407f8c0cf10562408"",""resolution_method"":""frozen_historical_registry_current_official_assets"",""evidence_class"":""captured_current_official_asset_records_plus_official_archive_member"",""source_member_ordinal"":7585,""official_support_url"":""""}"
"7593","USTUSD_1.csv","USTUSD","2793","reviewed_historical_identity","frozen_historical_registry_current_official_assets","","","UST/USD","UST","ZUSD","UST","USD","historical_pair_absent_from_captured_current_assetpairs","True","{""registry_sha256"":""65aaac5993ada762c8498f2fe9c298c00eb7f1f5a0deeea407f8c0cf10562408"",""resolution_method"":""frozen_historical_registry_current_official_assets"",""evidence_class"":""captured_current_official_asset_records_plus_official_archive_member"",""source_member_ordinal"":7593,""official_support_url"":""""}"
"7601","USUALEUR_1.csv","USUALEUR","1771","official_exact","official_altname_exact","USUALEUR","USUALEUR","USUAL/EUR","USUAL","ZEUR","USUAL","EUR","online","True","{""pair_key"":""USUALEUR"",""match_methods"":[""result_object_key"",""altname"",""wsname_without_separator""],""base"":""USUAL"",""quote"":""ZEUR""}"
"7609","USUALUSD_1.csv","USUALUSD","11789","official_exact","official_altname_exact","USUALUSD","USUALUSD","USUAL/USD","USUAL","ZUSD","USUAL","USD","online","True","{""pair_key"":""USUALUSD"",""match_methods"":[""result_object_key"",""altname"",""wsname_without_separator""],""base"":""USUAL"",""quote"":""ZUSD""}"
"7617","VANRYEUR_1.csv","VANRYEUR","953","official_exact","official_altname_exact","VANRYEUR","VANRYEUR","VANRY/EUR","VANRY","ZEUR","VANRY","EUR","online","True","{""pair_key"":""VANRYEUR"",""match_methods"":[""result_object_key"",""altname"",""wsname_without_separator""],""base"":""VANRY"",""quote"":""ZEUR""}"
"7625","VANRYUSD_1.csv","VANRYUSD","6659","official_exact","official_altname_exact","VANRYUSD","VANRYUSD","VANRY/USD","VANRY","ZUSD","VANRY","USD","online","True","{""pair_key"":""VANRYUSD"",""match_methods"":[""result_object_key"",""altname"",""wsname_without_separator""],""base"":""VANRY"",""quote"":""ZUSD""}"
"7633","VELODROMEEUR_1.csv","VELODROMEEUR","939","official_exact","official_altname_exact","VELODROMEEUR","VELODROMEEUR","VELODROME/EUR","VELODROME","ZEUR","VELODROME","EUR","online","True","{""pair_key"":""VELODROMEEUR"",""match_methods"":[""result_object_key"",""altname"",""wsname_without_separator""],""base"":""VELODROME"",""quote"":""ZEUR""}"
"7641","VELODROMEUSD_1.csv","VELODROMEUSD","1323","official_exact","official_altname_exact","VELODROMEUSD","VELODROMEUSD","VELODROME/USD","VELODROME","ZUSD","VELODROME","USD","online","True","{""pair_key"":""VELODROMEUSD"",""match_methods"":[""result_object_key"",""altname"",""wsname_without_separator""],""base"":""VELODROME"",""quote"":""ZUSD""}"
"7649","VINEEUR_1.csv","VINEEUR","5724","official_exact","official_altname_exact","VINEEUR","VINEEUR","VINE/EUR","VINE","ZEUR","VINE","EUR","online","True","{""pair_key"":""VINEEUR"",""match_methods"":[""result_object_key"",""altname"",""wsname_without_separator""],""base"":""VINE"",""quote"":""ZEUR""}"
"7657","VINEUSD_1.csv","VINEUSD","18699","official_exact","official_altname_exact","VINEUSD","VINEUSD","VINE/USD","VINE","ZUSD","VINE","USD","online","True","{""pair_key"":""VINEUSD"",""match_methods"":[""result_object_key"",""altname"",""wsname_without_separator""],""base"":""VINE"",""quote"":""ZUSD""}"
"7665","VIRTUALEUR_1.csv","VIRTUALEUR","10517","official_exact","official_altname_exact","VIRTUALEUR","VIRTUALEUR","VIRTUAL/EUR","VIRTUAL","ZEUR","VIRTUAL","EUR","online","True","{""pair_key"":""VIRTUALEUR"",""match_methods"":[""result_object_key"",""altname"",""wsname_without_separator""],""base"":""VIRTUAL"",""quote"":""ZEUR""}"
"7673","VIRTUALUSDC_1.csv","VIRTUALUSDC","2682","official_exact","official_altname_exact","VIRTUALUSDC","VIRTUALUSDC","VIRTUAL/USDC","VIRTUAL","USDC","VIRTUAL","USDC","online","True","{""pair_key"":""VIRTUALUSDC"",""match_methods"":[""result_object_key"",""altname"",""wsname_without_separator""],""base"":""VIRTUAL"",""quote"":""USDC""}"
"7681","VIRTUALUSDT_1.csv","VIRTUALUSDT","4764","official_exact","official_altname_exact","VIRTUALUSDT","VIRTUALUSDT","VIRTUAL/USDT","VIRTUAL","USDT","VIRTUAL","USDT","online","True","{""pair_key"":""VIRTUALUSDT"",""match_methods"":[""result_object_key"",""altname"",""wsname_without_separator""],""base"":""VIRTUAL"",""quote"":""USDT""}"
"7689","VIRTUALUSD_1.csv","VIRTUALUSD","42338","official_exact","official_altname_exact","VIRTUALUSD","VIRTUALUSD","VIRTUAL/USD","VIRTUAL","ZUSD","VIRTUAL","USD","online","True","{""pair_key"":""VIRTUALUSD"",""match_methods"":[""result_object_key"",""altname"",""wsname_without_separator""],""base"":""VIRTUAL"",""quote"":""ZUSD""}"
"7697","VVVEUR_1.csv","VVVEUR","1260","official_exact","official_altname_exact","VVVEUR","VVVEUR","VVV/EUR","VVV","ZEUR","VVV","EUR","online","True","{""pair_key"":""VVVEUR"",""match_methods"":[""result_object_key"",""altname"",""wsname_without_separator""],""base"":""VVV"",""quote"":""ZEUR""}"
"7705","VVVUSD_1.csv","VVVUSD","2168","official_exact","official_altname_exact","VVVUSD","VVVUSD","VVV/USD","VVV","ZUSD","VVV","USD","online","True","{""pair_key"":""VVVUSD"",""match_methods"":[""result_object_key"",""altname"",""wsname_without_separator""],""base"":""VVV"",""quote"":""ZUSD""}"
"7713","WALEUR_1.csv","WALEUR","15253","official_exact","official_altname_exact","WALEUR","WALEUR","WAL/EUR","WAL","ZEUR","WAL","EUR","online","True","{""pair_key"":""WALEUR"",""match_methods"":[""result_object_key"",""altname"",""wsname_without_separator""],""base"":""WAL"",""quote"":""ZEUR""}"
"7721","WALUSD_1.csv","WALUSD","26284","official_exact","official_altname_exact","WALUSD","WALUSD","WAL/USD","WAL","ZUSD","WAL","USD","online","True","{""pair_key"":""WALUSD"",""match_methods"":[""result_object_key"",""altname"",""wsname_without_separator""],""base"":""WAL"",""quote"":""ZUSD""}"
"7729","WAXLEUR_1.csv","WAXLEUR","1373","official_exact","official_altname_exact","WAXLEUR","WAXLEUR","WAXL/EUR","WAXL","ZEUR","WAXL","EUR","online","True","{""pair_key"":""WAXLEUR"",""match_methods"":[""result_object_key"",""altname"",""wsname_without_separator""],""base"":""WAXL"",""quote"":""ZEUR""}"
"7737","WAXLUSD_1.csv","WAXLUSD","9695","official_exact","official_altname_exact","WAXLUSD","WAXLUSD","WAXL/USD","WAXL","ZUSD","WAXL","USD","online","True","{""pair_key"":""WAXLUSD"",""match_methods"":[""result_object_key"",""altname"",""wsname_without_separator""],""base"":""WAXL"",""quote"":""ZUSD""}"
"7745","WBTCEUR_1.csv","WBTCEUR","2415","official_exact","official_altname_exact","WBTCEUR","WBTCEUR","WBTC/EUR","WBTC","ZEUR","WBTC","EUR","online","True","{""pair_key"":""WBTCEUR"",""match_methods"":[""result_object_key"",""altname"",""wsname_without_separator""],""base"":""WBTC"",""quote"":""ZEUR""}"
"7753","WBTCUSD_1.csv","WBTCUSD","7876","official_exact","official_altname_exact","WBTCUSD","WBTCUSD","WBTC/USD","WBTC","ZUSD","WBTC","USD","online","True","{""pair_key"":""WBTCUSD"",""match_methods"":[""result_object_key"",""altname"",""wsname_without_separator""],""base"":""WBTC"",""quote"":""ZUSD""}"
"7761","WBTCXBT_1.csv","WBTCXBT","5337","official_exact","official_altname_exact","WBTCXBT","WBTCXBT","WBTC/XBT","WBTC","XXBT","WBTC","XBT","online","True","{""pair_key"":""WBTCXBT"",""match_methods"":[""result_object_key"",""altname"",""wsname_without_separator""],""base"":""WBTC"",""quote"":""XXBT""}"
"7769","WCTEUR_1.csv","WCTEUR","5542","official_exact","official_altname_exact","WCTEUR","WCTEUR","WCT/EUR","WCT","ZEUR","WCT","EUR","online","True","{""pair_key"":""WCTEUR"",""match_methods"":[""result_object_key"",""altname"",""wsname_without_separator""],""base"":""WCT"",""quote"":""ZEUR""}"
"7777","WCTUSD_1.csv","WCTUSD","20072","official_exact","official_altname_exact","WCTUSD","WCTUSD","WCT/USD","WCT","ZUSD","WCT","USD","online","True","{""pair_key"":""WCTUSD"",""match_methods"":[""result_object_key"",""altname"",""wsname_without_separator""],""base"":""WCT"",""quote"":""ZUSD""}"
"7785","WELLEUR_1.csv","WELLEUR","1670","official_exact","official_altname_exact","WELLEUR","WELLEUR","WELL/EUR","WELL","ZEUR","WELL","EUR","online","True","{""pair_key"":""WELLEUR"",""match_methods"":[""result_object_key"",""altname"",""wsname_without_separator""],""base"":""WELL"",""quote"":""ZEUR""}"
"7793","WELLUSD_1.csv","WELLUSD","6166","official_exact","official_altname_exact","WELLUSD","WELLUSD","WELL/USD","WELL","ZUSD","WELL","USD","online","True","{""pair_key"":""WELLUSD"",""match_methods"":[""result_object_key"",""altname"",""wsname_without_separator""],""base"":""WELL"",""quote"":""ZUSD""}"
"7801","WENEUR_1.csv","WENEUR","3765","reviewed_historical_identity","frozen_historical_registry_current_official_assets","","","WEN/EUR","WEN","ZEUR","WEN","EUR","historical_pair_absent_from_captured_current_assetpairs","True","{""registry_sha256"":""65aaac5993ada762c8498f2fe9c298c00eb7f1f5a0deeea407f8c0cf10562408"",""resolution_method"":""frozen_historical_registry_current_official_assets"",""evidence_class"":""captured_current_official_asset_records_plus_official_archive_member"",""source_member_ordinal"":7801,""official_support_url"":""""}"
"7809","WENUSD_1.csv","WENUSD","5561","official_exact","official_altname_exact","WENUSD","WENUSD","WEN/USD","WEN","ZUSD","WEN","USD","cancel_only","True","{""pair_key"":""WENUSD"",""match_methods"":[""result_object_key"",""altname"",""wsname_without_separator""],""base"":""WEN"",""quote"":""ZUSD""}"
"7817","WEUR_1.csv","WEUR","4268","official_exact","official_altname_exact","WEUR","WEUR","W/EUR","W","ZEUR","W","EUR","online","True","{""pair_key"":""WEUR"",""match_methods"":[""result_object_key"",""altname"",""wsname_without_separator""],""base"":""W"",""quote"":""ZEUR""}"
"7825","WIFEUR_1.csv","WIFEUR","13919","official_exact","official_altname_exact","WIFEUR","WIFEUR","WIF/EUR","WIF","ZEUR","WIF","EUR","online","True","{""pair_key"":""WIFEUR"",""match_methods"":[""result_object_key"",""altname"",""wsname_without_separator""],""base"":""WIF"",""quote"":""ZEUR""}"
"7833","WIFGBP_1.csv","WIFGBP","3477","official_exact","official_altname_exact","WIFGBP","WIFGBP","WIF/GBP","WIF","ZGBP","WIF","GBP","online","True","{""pair_key"":""WIFGBP"",""match_methods"":[""result_object_key"",""altname"",""wsname_without_separator""],""base"":""WIF"",""quote"":""ZGBP""}"
"7841","WIFUSD_1.csv","WIFUSD","61796","official_exact","official_altname_exact","WIFUSD","WIFUSD","WIF/USD","WIF","ZUSD","WIF","USD","online","True","{""pair_key"":""WIFUSD"",""match_methods"":[""result_object_key"",""altname"",""wsname_without_separator""],""base"":""WIF"",""quote"":""ZUSD""}"
"7849","WINEUR_1.csv","WINEUR","760","official_exact","official_altname_exact","WINEUR","WINEUR","WIN/EUR","WIN","ZEUR","WIN","EUR","online","True","{""pair_key"":""WINEUR"",""match_methods"":[""result_object_key"",""altname"",""wsname_without_separator""],""base"":""WIN"",""quote"":""ZEUR""}"
"7857","WINUSD_1.csv","WINUSD","2658","official_exact","official_altname_exact","WINUSD","WINUSD","WIN/USD","WIN","ZUSD","WIN","USD","online","True","{""pair_key"":""WINUSD"",""match_methods"":[""result_object_key"",""altname"",""wsname_without_separator""],""base"":""WIN"",""quote"":""ZUSD""}"
"7865","WLDEUR_1.csv","WLDEUR","3599","official_exact","official_altname_exact","WLDEUR","WLDEUR","WLD/EUR","WLD","ZEUR","WLD","EUR","online","True","{""pair_key"":""WLDEUR"",""match_methods"":[""result_object_key"",""altname"",""wsname_without_separator""],""base"":""WLD"",""quote"":""ZEUR""}"
"7873","WLDUSD_1.csv","WLDUSD","18283","official_exact","official_altname_exact","WLDUSD","WLDUSD","WLD/USD","WLD","ZUSD","WLD","USD","online","True","{""pair_key"":""WLDUSD"",""match_methods"":[""result_object_key"",""altname"",""wsname_without_separator""],""base"":""WLD"",""quote"":""ZUSD""}"
"7881","WOOEUR_1.csv","WOOEUR","1387","official_exact","official_altname_exact","WOOEUR","WOOEUR","WOO/EUR","WOO","ZEUR","WOO","EUR","online","True","{""pair_key"":""WOOEUR"",""match_methods"":[""result_object_key"",""altname"",""wsname_without_separator""],""base"":""WOO"",""quote"":""ZEUR""}"
"7889","WOOUSD_1.csv","WOOUSD","2685","official_exact","official_altname_exact","WOOUSD","WOOUSD","WOO/USD","WOO","ZUSD","WOO","USD","online","True","{""pair_key"":""WOOUSD"",""match_methods"":[""result_object_key"",""altname"",""wsname_without_separator""],""base"":""WOO"",""quote"":""ZUSD""}"
"7897","WUSD_1.csv","WUSD","12731","official_exact","official_altname_exact","WUSD","WUSD","W/USD","W","ZUSD","W","USD","online","True","{""pair_key"":""WUSD"",""match_methods"":[""result_object_key"",""altname"",""wsname_without_separator""],""base"":""W"",""quote"":""ZUSD""}"
"7905","XBTAUD_1.csv","XBTAUD","40366","official_exact","official_altname_exact","XBTAUD","XBTAUD","XBT/AUD","XXBT","ZAUD","XBT","AUD","online","True","{""pair_key"":""XBTAUD"",""match_methods"":[""result_object_key"",""altname"",""wsname_without_separator""],""base"":""XXBT"",""quote"":""ZAUD""}"
"7913","XBTCAD_1.csv","XBTCAD","68699","official_exact","official_altname_exact","XXBTZCAD","XBTCAD","XBT/CAD","XXBT","ZCAD","XBT","CAD","online","True","{""pair_key"":""XXBTZCAD"",""match_methods"":[""altname"",""wsname_without_separator""],""base"":""XXBT"",""quote"":""ZCAD""}"
"7921","XBTCHF_1.csv","XBTCHF","43918","official_exact","official_altname_exact","XBTCHF","XBTCHF","XBT/CHF","XXBT","CHF","XBT","CHF","online","True","{""pair_key"":""XBTCHF"",""match_methods"":[""result_object_key"",""altname"",""wsname_without_separator""],""base"":""XXBT"",""quote"":""CHF""}"
"7929","XBTDAI_1.csv","XBTDAI","4969","official_exact","official_altname_exact","XBTDAI","XBTDAI","XBT/DAI","XXBT","DAI","XBT","DAI","online","True","{""pair_key"":""XBTDAI"",""match_methods"":[""result_object_key"",""altname"",""wsname_without_separator""],""base"":""XXBT"",""quote"":""DAI""}"
"7937","XBTEUR_1.csv","XBTEUR","130063","official_exact","official_altname_exact","XXBTZEUR","XBTEUR","XBT/EUR","XXBT","ZEUR","XBT","EUR","online","True","{""pair_key"":""XXBTZEUR"",""match_methods"":[""altname"",""wsname_without_separator""],""base"":""XXBT"",""quote"":""ZEUR""}"
"7945","XBTGBP_1.csv","XBTGBP","92180","official_exact","official_altname_exact","XXBTZGBP","XBTGBP","XBT/GBP","XXBT","ZGBP","XBT","GBP","online","True","{""pair_key"":""XXBTZGBP"",""match_methods"":[""altname"",""wsname_without_separator""],""base"":""XXBT"",""quote"":""ZGBP""}"
"7953","XBTJPY_1.csv","XBTJPY","4687","official_exact","official_altname_exact","XXBTZJPY","XBTJPY","XBT/JPY","XXBT","ZJPY","XBT","JPY","online","True","{""pair_key"":""XXBTZJPY"",""match_methods"":[""altname"",""wsname_without_separator""],""base"":""XXBT"",""quote"":""ZJPY""}"
"7961","XBTPYUSD_1.csv","XBTPYUSD","4492","official_exact","official_altname_exact","XBTPYUSD","XBTPYUSD","XBT/PYUSD","XXBT","PYUSD","XBT","PYUSD","online","True","{""pair_key"":""XBTPYUSD"",""match_methods"":[""result_object_key"",""altname"",""wsname_without_separator""],""base"":""XXBT"",""quote"":""PYUSD""}"
"7969","XBTUSDC_1.csv","XBTUSDC","97375","official_exact","official_altname_exact","XBTUSDC","XBTUSDC","XBT/USDC","XXBT","USDC","XBT","USDC","online","True","{""pair_key"":""XBTUSDC"",""match_methods"":[""result_object_key"",""altname"",""wsname_without_separator""],""base"":""XXBT"",""quote"":""USDC""}"
"7977","XBTUSDQ_1.csv","XBTUSDQ","10411","official_exact","official_altname_exact","XXBTUSDQ","XBTUSDQ","XBT/USDQ","XXBT","USDQ","XBT","USDQ","online","True","{""pair_key"":""XXBTUSDQ"",""match_methods"":[""altname"",""wsname_without_separator""],""base"":""XXBT"",""quote"":""USDQ""}"
"7985","XBTUSDR_1.csv","XBTUSDR","559","official_exact","official_altname_exact","XXBTUSDR","XBTUSDR","XBT/USDR","XXBT","USDR","XBT","USDR","post_only","True","{""pair_key"":""XXBTUSDR"",""match_methods"":[""altname"",""wsname_without_separator""],""base"":""XXBT"",""quote"":""USDR""}"
"7993","XBTUSDT_1.csv","XBTUSDT","74887","official_exact","official_altname_exact","XBTUSDT","XBTUSDT","XBT/USDT","XXBT","USDT","XBT","USDT","online","True","{""pair_key"":""XBTUSDT"",""match_methods"":[""result_object_key"",""altname"",""wsname_without_separator""],""base"":""XXBT"",""quote"":""USDT""}"
"8001","XBTUSD_1.csv","XBTUSD","130512","official_exact","official_altname_exact","XXBTZUSD","XBTUSD","XBT/USD","XXBT","ZUSD","XBT","USD","online","True","{""pair_key"":""XXBTZUSD"",""match_methods"":[""altname"",""wsname_without_separator""],""base"":""XXBT"",""quote"":""ZUSD""}"
"8009","XCNEUR_1.csv","XCNEUR","17348","official_exact","official_altname_exact","XCNEUR","XCNEUR","XCN/EUR","XCN","ZEUR","XCN","EUR","online","True","{""pair_key"":""XCNEUR"",""match_methods"":[""result_object_key"",""altname"",""wsname_without_separator""],""base"":""XCN"",""quote"":""ZEUR""}"
"8017","XCNUSD_1.csv","XCNUSD","68844","official_exact","official_altname_exact","XCNUSD","XCNUSD","XCN/USD","XCN","ZUSD","XCN","USD","online","True","{""pair_key"":""XCNUSD"",""match_methods"":[""result_object_key"",""altname"",""wsname_without_separator""],""base"":""XCN"",""quote"":""ZUSD""}"
"8025","XDGAUD_1.csv","XDGAUD","3683","official_exact","official_altname_exact","XDGAUD","XDGAUD","XDG/AUD","XXDG","ZAUD","XDG","AUD","online","True","{""pair_key"":""XDGAUD"",""match_methods"":[""result_object_key"",""altname"",""wsname_without_separator""],""base"":""XXDG"",""quote"":""ZAUD""}"
"8033","XDGCAD_1.csv","XDGCAD","9724","official_exact","official_altname_exact","XDGCAD","XDGCAD","XDG/CAD","XXDG","ZCAD","XDG","CAD","online","True","{""pair_key"":""XDGCAD"",""match_methods"":[""result_object_key"",""altname"",""wsname_without_separator""],""base"":""XXDG"",""quote"":""ZCAD""}"
"8041","XDGEUR_1.csv","XDGEUR","62603","official_exact","official_altname_exact","XDGEUR","XDGEUR","XDG/EUR","XXDG","ZEUR","XDG","EUR","online","True","{""pair_key"":""XDGEUR"",""match_methods"":[""result_object_key"",""altname"",""wsname_without_separator""],""base"":""XXDG"",""quote"":""ZEUR""}"
"8049","XDGGBP_1.csv","XDGGBP","12777","official_exact","official_altname_exact","XDGGBP","XDGGBP","XDG/GBP","XXDG","ZGBP","XDG","GBP","online","True","{""pair_key"":""XDGGBP"",""match_methods"":[""result_object_key"",""altname"",""wsname_without_separator""],""base"":""XXDG"",""quote"":""ZGBP""}"
"8057","XDGUSDC_1.csv","XDGUSDC","13483","official_exact","official_altname_exact","XDGUSDC","XDGUSDC","XDG/USDC","XXDG","USDC","XDG","USDC","online","True","{""pair_key"":""XDGUSDC"",""match_methods"":[""result_object_key"",""altname"",""wsname_without_separator""],""base"":""XXDG"",""quote"":""USDC""}"
"8065","XDGUSDT_1.csv","XDGUSDT","35838","official_exact","official_altname_exact","XDGUSDT","XDGUSDT","XDG/USDT","XXDG","USDT","XDG","USDT","online","True","{""pair_key"":""XDGUSDT"",""match_methods"":[""result_object_key"",""altname"",""wsname_without_separator""],""base"":""XXDG"",""quote"":""USDT""}"
"8073","XDGUSD_1.csv","XDGUSD","100114","official_exact","official_altname_exact","XDGUSD","XDGUSD","XDG/USD","XXDG","ZUSD","XDG","USD","online","True","{""pair_key"":""XDGUSD"",""match_methods"":[""result_object_key"",""altname"",""wsname_without_separator""],""base"":""XXDG"",""quote"":""ZUSD""}"
"8081","XDGXBT_1.csv","XDGXBT","19736","official_exact","official_altname_exact","XXDGXXBT","XDGXBT","XDG/XBT","XXDG","XXBT","XDG","XBT","online","True","{""pair_key"":""XXDGXXBT"",""match_methods"":[""altname"",""wsname_without_separator""],""base"":""XXDG"",""quote"":""XXBT""}"
"8089","XLMEUR_1.csv","XLMEUR","36345","official_exact","official_altname_exact","XXLMZEUR","XLMEUR","XLM/EUR","XXLM","ZEUR","XLM","EUR","online","True","{""pair_key"":""XXLMZEUR"",""match_methods"":[""altname"",""wsname_without_separator""],""base"":""XXLM"",""quote"":""ZEUR""}"
"8097","XLMGBP_1.csv","XLMGBP","10368","official_exact","official_altname_exact","XXLMZGBP","XLMGBP","XLM/GBP","XXLM","ZGBP","XLM","GBP","online","True","{""pair_key"":""XXLMZGBP"",""match_methods"":[""altname"",""wsname_without_separator""],""base"":""XXLM"",""quote"":""ZGBP""}"
"8105","XLMUSD_1.csv","XLMUSD","81253","official_exact","official_altname_exact","XXLMZUSD","XLMUSD","XLM/USD","XXLM","ZUSD","XLM","USD","online","True","{""pair_key"":""XXLMZUSD"",""match_methods"":[""altname"",""wsname_without_separator""],""base"":""XXLM"",""quote"":""ZUSD""}"
"8113","XLMXBT_1.csv","XLMXBT","6632","official_exact","official_altname_exact","XXLMXXBT","XLMXBT","XLM/XBT","XXLM","XXBT","XLM","XBT","online","True","{""pair_key"":""XXLMXXBT"",""match_methods"":[""altname"",""wsname_without_separator""],""base"":""XXLM"",""quote"":""XXBT""}"
"8121","XMREUR_1.csv","XMREUR","4611","official_exact","official_altname_exact","XXMRZEUR","XMREUR","XMR/EUR","XXMR","ZEUR","XMR","EUR","online","True","{""pair_key"":""XXMRZEUR"",""match_methods"":[""altname"",""wsname_without_separator""],""base"":""XXMR"",""quote"":""ZEUR""}"
"8129","XMRUSDC_1.csv","XMRUSDC","3796","official_exact","official_altname_exact","XMRUSDC","XMRUSDC","XMR/USDC","XXMR","USDC","XMR","USDC","online","True","{""pair_key"":""XMRUSDC"",""match_methods"":[""result_object_key"",""altname"",""wsname_without_separator""],""base"":""XXMR"",""quote"":""USDC""}"
"8137","XMRUSDT_1.csv","XMRUSDT","41724","official_exact","official_altname_exact","XMRUSDT","XMRUSDT","XMR/USDT","XXMR","USDT","XMR","USDT","online","True","{""pair_key"":""XMRUSDT"",""match_methods"":[""result_object_key"",""altname"",""wsname_without_separator""],""base"":""XXMR"",""quote"":""USDT""}"
"8145","XMRUSD_1.csv","XMRUSD","83464","official_exact","official_altname_exact","XXMRZUSD","XMRUSD","XMR/USD","XXMR","ZUSD","XMR","USD","online","True","{""pair_key"":""XXMRZUSD"",""match_methods"":[""altname"",""wsname_without_separator""],""base"":""XXMR"",""quote"":""ZUSD""}"
"8153","XMRXBT_1.csv","XMRXBT","45702","official_exact","official_altname_exact","XXMRXXBT","XMRXBT","XMR/XBT","XXMR","XXBT","XMR","XBT","online","True","{""pair_key"":""XXMRXXBT"",""match_methods"":[""altname"",""wsname_without_separator""],""base"":""XXMR"",""quote"":""XXBT""}"
"8161","XRPAUD_1.csv","XRPAUD","15847","official_exact","official_altname_exact","XRPAUD","XRPAUD","XRP/AUD","XXRP","ZAUD","XRP","AUD","online","True","{""pair_key"":""XRPAUD"",""match_methods"":[""result_object_key"",""altname"",""wsname_without_separator""],""base"":""XXRP"",""quote"":""ZAUD""}"
"8169","XRPCAD_1.csv","XRPCAD","41741","official_exact","official_altname_exact","XXRPZCAD","XRPCAD","XRP/CAD","XXRP","ZCAD","XRP","CAD","online","True","{""pair_key"":""XXRPZCAD"",""match_methods"":[""altname"",""wsname_without_separator""],""base"":""XXRP"",""quote"":""ZCAD""}"
"8177","XRPETH_1.csv","XRPETH","19076","official_exact","official_altname_exact","XRPETH","XRPETH","XRP/ETH","XXRP","XETH","XRP","ETH","online","True","{""pair_key"":""XRPETH"",""match_methods"":[""result_object_key"",""altname"",""wsname_without_separator""],""base"":""XXRP"",""quote"":""XETH""}"
"8185","XRPEUR_1.csv","XRPEUR","110739","official_exact","official_altname_exact","XXRPZEUR","XRPEUR","XRP/EUR","XXRP","ZEUR","XRP","EUR","online","True","{""pair_key"":""XXRPZEUR"",""match_methods"":[""altname"",""wsname_without_separator""],""base"":""XXRP"",""quote"":""ZEUR""}"
"8193","XRPGBP_1.csv","XRPGBP","65662","official_exact","official_altname_exact","XRPGBP","XRPGBP","XRP/GBP","XXRP","ZGBP","XRP","GBP","online","True","{""pair_key"":""XRPGBP"",""match_methods"":[""result_object_key"",""altname"",""wsname_without_separator""],""base"":""XXRP"",""quote"":""ZGBP""}"
"8201","XRPRLUSD_1.csv","XRPRLUSD","3484","official_exact","official_altname_exact","XRPRLUSD","XRPRLUSD","XRP/RLUSD","XXRP","RLUSD","XRP","RLUSD","online","True","{""pair_key"":""XRPRLUSD"",""match_methods"":[""result_object_key"",""altname"",""wsname_without_separator""],""base"":""XXRP"",""quote"":""RLUSD""}"
"8209","XRPUSDC_1.csv","XRPUSDC","26885","official_exact","official_altname_exact","XRPUSDC","XRPUSDC","XRP/USDC","XXRP","USDC","XRP","USDC","online","True","{""pair_key"":""XRPUSDC"",""match_methods"":[""result_object_key"",""altname"",""wsname_without_separator""],""base"":""XXRP"",""quote"":""USDC""}"
"8217","XRPUSDT_1.csv","XRPUSDT","45445","official_exact","official_altname_exact","XRPUSDT","XRPUSDT","XRP/USDT","XXRP","USDT","XRP","USDT","online","True","{""pair_key"":""XRPUSDT"",""match_methods"":[""result_object_key"",""altname"",""wsname_without_separator""],""base"":""XXRP"",""quote"":""USDT""}"
"8225","XRPUSD_1.csv","XRPUSD","127770","official_exact","official_altname_exact","XXRPZUSD","XRPUSD","XRP/USD","XXRP","ZUSD","XRP","USD","online","True","{""pair_key"":""XXRPZUSD"",""match_methods"":[""altname"",""wsname_without_separator""],""base"":""XXRP"",""quote"":""ZUSD""}"
"8233","XRPXBT_1.csv","XRPXBT","42511","official_exact","official_altname_exact","XXRPXXBT","XRPXBT","XRP/XBT","XXRP","XXBT","XRP","XBT","online","True","{""pair_key"":""XXRPXXBT"",""match_methods"":[""altname"",""wsname_without_separator""],""base"":""XXRP"",""quote"":""XXBT""}"
"8241","XRTEUR_1.csv","XRTEUR","1528","reviewed_historical_identity","frozen_historical_registry_current_official_assets","","","XRT/EUR","XRT","ZEUR","XRT","EUR","historical_pair_absent_from_captured_current_assetpairs","True","{""registry_sha256"":""65aaac5993ada762c8498f2fe9c298c00eb7f1f5a0deeea407f8c0cf10562408"",""resolution_method"":""frozen_historical_registry_current_official_assets"",""evidence_class"":""captured_current_official_asset_records_plus_official_archive_member"",""source_member_ordinal"":8241,""official_support_url"":""""}"
"8249","XRTUSD_1.csv","XRTUSD","2212","reviewed_historical_identity","frozen_historical_registry_current_official_assets","","","XRT/USD","XRT","ZUSD","XRT","USD","historical_pair_absent_from_captured_current_assetpairs","True","{""registry_sha256"":""65aaac5993ada762c8498f2fe9c298c00eb7f1f5a0deeea407f8c0cf10562408"",""resolution_method"":""frozen_historical_registry_current_official_assets"",""evidence_class"":""captured_current_official_asset_records_plus_official_archive_member"",""source_member_ordinal"":8249,""official_support_url"":""""}"
"8257","XTZEUR_1.csv","XTZEUR","10134","official_exact","official_altname_exact","XTZEUR","XTZEUR","XTZ/EUR","XTZ","ZEUR","XTZ","EUR","online","True","{""pair_key"":""XTZEUR"",""match_methods"":[""result_object_key"",""altname"",""wsname_without_separator""],""base"":""XTZ"",""quote"":""ZEUR""}"
"8265","XTZUSDC_1.csv","XTZUSDC","1175","official_exact","official_altname_exact","XTZUSDC","XTZUSDC","XTZ/USDC","XTZ","USDC","XTZ","USDC","online","True","{""pair_key"":""XTZUSDC"",""match_methods"":[""result_object_key"",""altname"",""wsname_without_separator""],""base"":""XTZ"",""quote"":""USDC""}"
"8273","XTZUSDT_1.csv","XTZUSDT","4248","official_exact","official_altname_exact","XTZUSDT","XTZUSDT","XTZ/USDT","XTZ","USDT","XTZ","USDT","online","True","{""pair_key"":""XTZUSDT"",""match_methods"":[""result_object_key"",""altname"",""wsname_without_separator""],""base"":""XTZ"",""quote"":""USDT""}"
"8281","XTZUSD_1.csv","XTZUSD","20664","official_exact","official_altname_exact","XTZUSD","XTZUSD","XTZ/USD","XTZ","ZUSD","XTZ","USD","online","True","{""pair_key"":""XTZUSD"",""match_methods"":[""result_object_key"",""altname"",""wsname_without_separator""],""base"":""XTZ"",""quote"":""ZUSD""}"
"8289","YFIEUR_1.csv","YFIEUR","2265","official_exact","official_altname_exact","YFIEUR","YFIEUR","YFI/EUR","YFI","ZEUR","YFI","EUR","online","True","{""pair_key"":""YFIEUR"",""match_methods"":[""result_object_key"",""altname"",""wsname_without_separator""],""base"":""YFI"",""quote"":""ZEUR""}"
"8297","YFIUSD_1.csv","YFIUSD","5181","official_exact","official_altname_exact","YFIUSD","YFIUSD","YFI/USD","YFI","ZUSD","YFI","USD","online","True","{""pair_key"":""YFIUSD"",""match_methods"":[""result_object_key"",""altname"",""wsname_without_separator""],""base"":""YFI"",""quote"":""ZUSD""}"
"8305","YGGEUR_1.csv","YGGEUR","744","official_exact","official_altname_exact","YGGEUR","YGGEUR","YGG/EUR","YGG","ZEUR","YGG","EUR","online","True","{""pair_key"":""YGGEUR"",""match_methods"":[""result_object_key"",""altname"",""wsname_without_separator""],""base"":""YGG"",""quote"":""ZEUR""}"
"8313","YGGUSD_1.csv","YGGUSD","1985","official_exact","official_altname_exact","YGGUSD","YGGUSD","YGG/USD","YGG","ZUSD","YGG","USD","online","True","{""pair_key"":""YGGUSD"",""match_methods"":[""result_object_key"",""altname"",""wsname_without_separator""],""base"":""YGG"",""quote"":""ZUSD""}"
"8321","ZECEUR_1.csv","ZECEUR","6345","official_exact","official_altname_exact","XZECZEUR","ZECEUR","ZEC/EUR","XZEC","ZEUR","ZEC","EUR","online","True","{""pair_key"":""XZECZEUR"",""match_methods"":[""altname"",""wsname_without_separator""],""base"":""XZEC"",""quote"":""ZEUR""}"
"8329","ZECUSD_1.csv","ZECUSD","24924","official_exact","official_altname_exact","XZECZUSD","ZECUSD","ZEC/USD","XZEC","ZUSD","ZEC","USD","online","True","{""pair_key"":""XZECZUSD"",""match_methods"":[""altname"",""wsname_without_separator""],""base"":""XZEC"",""quote"":""ZUSD""}"
"8337","ZEREBROEUR_1.csv","ZEREBROEUR","7500","official_exact","official_altname_exact","ZEREBROEUR","ZEREBROEUR","ZEREBRO/EUR","ZEREBRO","ZEUR","ZEREBRO","EUR","online","True","{""pair_key"":""ZEREBROEUR"",""match_methods"":[""result_object_key"",""altname"",""wsname_without_separator""],""base"":""ZEREBRO"",""quote"":""ZEUR""}"
"8345","ZEREBROUSD_1.csv","ZEREBROUSD","24169","official_exact","official_altname_exact","ZEREBROUSD","ZEREBROUSD","ZEREBRO/USD","ZEREBRO","ZUSD","ZEREBRO","USD","online","True","{""pair_key"":""ZEREBROUSD"",""match_methods"":[""result_object_key"",""altname"",""wsname_without_separator""],""base"":""ZEREBRO"",""quote"":""ZUSD""}"
"8353","ZETAEUR_1.csv","ZETAEUR","1016","official_exact","official_altname_exact","ZETAEUR","ZETAEUR","ZETA/EUR","ZETA","ZEUR","ZETA","EUR","online","True","{""pair_key"":""ZETAEUR"",""match_methods"":[""result_object_key"",""altname"",""wsname_without_separator""],""base"":""ZETA"",""quote"":""ZEUR""}"
"8361","ZETAUSD_1.csv","ZETAUSD","4055","official_exact","official_altname_exact","ZETAUSD","ZETAUSD","ZETA/USD","ZETA","ZUSD","ZETA","USD","online","True","{""pair_key"":""ZETAUSD"",""match_methods"":[""result_object_key"",""altname"",""wsname_without_separator""],""base"":""ZETA"",""quote"":""ZUSD""}"
"8369","ZEUSEUR_1.csv","ZEUSEUR","2054","official_exact","official_altname_exact","ZEUSEUR","ZEUSEUR","ZEUS/EUR","ZEUS","ZEUR","ZEUS","EUR","online","True","{""pair_key"":""ZEUSEUR"",""match_methods"":[""result_object_key"",""altname"",""wsname_without_separator""],""base"":""ZEUS"",""quote"":""ZEUR""}"
"8377","ZEUSUSD_1.csv","ZEUSUSD","18493","official_exact","official_altname_exact","ZEUSUSD","ZEUSUSD","ZEUS/USD","ZEUS","ZUSD","ZEUS","USD","online","True","{""pair_key"":""ZEUSUSD"",""match_methods"":[""result_object_key"",""altname"",""wsname_without_separator""],""base"":""ZEUS"",""quote"":""ZUSD""}"
"8385","ZEXEUR_1.csv","ZEXEUR","5036","official_exact","official_altname_exact","ZEXEUR","ZEXEUR","ZEX/EUR","ZEX","ZEUR","ZEX","EUR","online","True","{""pair_key"":""ZEXEUR"",""match_methods"":[""result_object_key"",""altname"",""wsname_without_separator""],""base"":""ZEX"",""quote"":""ZEUR""}"
"8393","ZEXUSD_1.csv","ZEXUSD","6329","official_exact","official_altname_exact","ZEXUSD","ZEXUSD","ZEX/USD","ZEX","ZUSD","ZEX","USD","online","True","{""pair_key"":""ZEXUSD"",""match_methods"":[""result_object_key"",""altname"",""wsname_without_separator""],""base"":""ZEX"",""quote"":""ZUSD""}"
"8401","ZKEUR_1.csv","ZKEUR","2169","official_exact","official_altname_exact","ZKEUR","ZKEUR","ZK/EUR","ZK","ZEUR","ZK","EUR","online","True","{""pair_key"":""ZKEUR"",""match_methods"":[""result_object_key"",""altname"",""wsname_without_separator""],""base"":""ZK"",""quote"":""ZEUR""}"
"8409","ZKUSD_1.csv","ZKUSD","8912","official_exact","official_altname_exact","ZKUSD","ZKUSD","ZK/USD","ZK","ZUSD","ZK","USD","online","True","{""pair_key"":""ZKUSD"",""match_methods"":[""result_object_key"",""altname"",""wsname_without_separator""],""base"":""ZK"",""quote"":""ZUSD""}"
"8417","ZORAEUR_1.csv","ZORAEUR","3628","official_exact","official_altname_exact","ZORAEUR","ZORAEUR","ZORA/EUR","ZORA","ZEUR","ZORA","EUR","online","True","{""pair_key"":""ZORAEUR"",""match_methods"":[""result_object_key"",""altname"",""wsname_without_separator""],""base"":""ZORA"",""quote"":""ZEUR""}"
"8425","ZORAUSD_1.csv","ZORAUSD","18317","official_exact","official_altname_exact","ZORAUSD","ZORAUSD","ZORA/USD","ZORA","ZUSD","ZORA","USD","online","True","{""pair_key"":""ZORAUSD"",""match_methods"":[""result_object_key"",""altname"",""wsname_without_separator""],""base"":""ZORA"",""quote"":""ZUSD""}"
"8433","ZROEUR_1.csv","ZROEUR","2119","official_exact","official_altname_exact","ZROEUR","ZROEUR","ZRO/EUR","ZRO","ZEUR","ZRO","EUR","online","True","{""pair_key"":""ZROEUR"",""match_methods"":[""result_object_key"",""altname"",""wsname_without_separator""],""base"":""ZRO"",""quote"":""ZEUR""}"
"8441","ZROUSD_1.csv","ZROUSD","12434","official_exact","official_altname_exact","ZROUSD","ZROUSD","ZRO/USD","ZRO","ZUSD","ZRO","USD","online","True","{""pair_key"":""ZROUSD"",""match_methods"":[""result_object_key"",""altname"",""wsname_without_separator""],""base"":""ZRO"",""quote"":""ZUSD""}"
"8449","ZRXEUR_1.csv","ZRXEUR","2022","official_exact","official_altname_exact","ZRXEUR","ZRXEUR","ZRX/EUR","ZRX","ZEUR","ZRX","EUR","online","True","{""pair_key"":""ZRXEUR"",""match_methods"":[""result_object_key"",""altname"",""wsname_without_separator""],""base"":""ZRX"",""quote"":""ZEUR""}"
"8457","ZRXUSD_1.csv","ZRXUSD","6945","official_exact","official_altname_exact","ZRXUSD","ZRXUSD","ZRX/USD","ZRX","ZUSD","ZRX","USD","online","True","{""pair_key"":""ZRXUSD"",""match_methods"":[""result_object_key"",""altname"",""wsname_without_separator""],""base"":""ZRX"",""quote"":""ZUSD""}"
"8465","ZRXXBT_1.csv","ZRXXBT","470","official_exact","official_altname_exact","ZRXXBT","ZRXXBT","ZRX/XBT","ZRX","XXBT","ZRX","XBT","online","True","{""pair_key"":""ZRXXBT"",""match_methods"":[""result_object_key"",""altname"",""wsname_without_separator""],""base"":""ZRX"",""quote"":""XXBT""}"
